country_name,date,parameter,product,value,unit
Chile,2023-12-01,Remarks,Data is estimated for this month,,GWh
Chile,2023-12-01,Net Electricity Production,Electricity,7734.9912,GWh
Chile,2023-12-01,Net Electricity Production,Total Combustible Fuels,2099.8702,GWh
Chile,2023-12-01,Net Electricity Production,"Coal, Peat and Manufactured Gases",1077.3487,GWh
Chile,2023-12-01,Net Electricity Production,Oil and Petroleum Products,24.9683,GWh
Chile,2023-12-01,Net Electricity Production,Natural Gas,611.3563,GWh
Chile,2023-12-01,Net Electricity Production,Combustible Renewables,386.1969,GWh
Chile,2023-12-01,Net Electricity Production,Hydro,3052.8617,GWh
Chile,2023-12-01,Net Electricity Production,Wind,878.1312,GWh
Chile,2023-12-01,Net Electricity Production,Solar,1660.4501,GWh
Chile,2023-12-01,Net Electricity Production,Geothermal,43.6779,GWh
Chile,2023-12-01,Net Electricity Production,"Total Renewables (Hydro, Geo, Solar, Wind, Other)",6021.3179,GWh
Chile,2023-12-01,Distribution Losses,Electricity,309.4811,GWh
Chile,2023-12-01,Final Consumption (Calculated),Electricity,7425.51,GWh
Colombia,2023-12-01,Net Electricity Production,Electricity,7526.2379,GWh
Colombia,2023-12-01,Net Electricity Production,Total Combustible Fuels,3585.4448,GWh
Colombia,2023-12-01,Net Electricity Production,"Coal, Peat and Manufactured Gases",1168.0431,GWh
Colombia,2023-12-01,Net Electricity Production,Oil and Petroleum Products,340.6925,GWh
Colombia,2023-12-01,Net Electricity Production,Natural Gas,1895.2959,GWh
Colombia,2023-12-01,Net Electricity Production,Combustible Renewables,181.4133,GWh
Colombia,2023-12-01,Net Electricity Production,Hydro,3884.8369,GWh
Colombia,2023-12-01,Net Electricity Production,Solar,55.9563,GWh
Colombia,2023-12-01,Net Electricity Production,"Total Renewables (Hydro, Geo, Solar, Wind, Other)",4122.2065,GWh
Colombia,2023-12-01,Total Imports,Electricity,0.4228,GWh
Colombia,2023-12-01,Total Exports,Electricity,104.2114,GWh
Colombia,2023-12-01,Distribution Losses,Electricity,401.6865,GWh
Colombia,2023-12-01,Final Consumption (Calculated),Electricity,7020.7629,GWh
Costa Rica,2023-12-01,Remarks,Data is estimated for this month,,GWh
Costa Rica,2023-12-01,Net Electricity Production,Electricity,984.843,GWh
Costa Rica,2023-12-01,Net Electricity Production,Total Combustible Fuels,1.541,GWh
Costa Rica,2023-12-01,Net Electricity Production,Oil and Petroleum Products,1.4491,GWh
Costa Rica,2023-12-01,Net Electricity Production,Combustible Renewables,0.0919,GWh
Costa Rica,2023-12-01,Net Electricity Production,Hydro,678.4145,GWh
Costa Rica,2023-12-01,Net Electricity Production,Wind,206.2711,GWh
Costa Rica,2023-12-01,Net Electricity Production,Solar,6.6209,GWh
Costa Rica,2023-12-01,Net Electricity Production,Geothermal,91.9955,GWh
Costa Rica,2023-12-01,Net Electricity Production,"Total Renewables (Hydro, Geo, Solar, Wind, Other)",983.3939,GWh
Costa Rica,2023-12-01,Final Consumption (Calculated),Electricity,984.843,GWh
Mexico,2023-12-01,Net Electricity Production,Electricity,29086.6736,GWh
Mexico,2023-12-01,Net Electricity Production,Nuclear,1156.4476,GWh
Mexico,2023-12-01,Net Electricity Production,Total Combustible Fuels,23855.9483,GWh
Mexico,2023-12-01,Net Electricity Production,"Coal, Peat and Manufactured Gases",1439.8344,GWh
Mexico,2023-12-01,Net Electricity Production,Oil and Petroleum Products,4220.9547,GWh
Mexico,2023-12-01,Net Electricity Production,Natural Gas,17740.9183,GWh
Mexico,2023-12-01,Net Electricity Production,Combustible Renewables,362.1886,GWh
Mexico,2023-12-01,Net Electricity Production,Other Combustible Non-Renewables,92.0523,GWh
Mexico,2023-12-01,Net Electricity Production,Hydro,909.3503,GWh
Mexico,2023-12-01,Net Electricity Production,Wind,1806.8123,GWh
Mexico,2023-12-01,Net Electricity Production,Solar,871.7493,GWh
Mexico,2023-12-01,Net Electricity Production,Geothermal,321.6158,GWh
Mexico,2023-12-01,Net Electricity Production,Not Specified,164.75,GWh
Mexico,2023-12-01,Net Electricity Production,"Total Renewables (Hydro, Geo, Solar, Wind, Other)",4271.7163,GWh
Mexico,2023-12-01,Total Imports,Electricity,354.5818,GWh
Mexico,2023-12-01,Total Exports,Electricity,159.0104,GWh
Mexico,2023-12-01,Distribution Losses,Electricity,2785.1902,GWh
Mexico,2023-12-01,Final Consumption (Calculated),Electricity,26497.0549,GWh
Argentina,2023-12-01,Net Electricity Production,Electricity,10776.9242,GWh
Argentina,2023-12-01,Net Electricity Production,Nuclear,1086.7583,GWh
Argentina,2023-12-01,Net Electricity Production,Total Combustible Fuels,5684.4073,GWh
Argentina,2023-12-01,Net Electricity Production,"Coal, Peat and Manufactured Gases",2.283,GWh
Argentina,2023-12-01,Net Electricity Production,Oil and Petroleum Products,286.9277,GWh
Argentina,2023-12-01,Net Electricity Production,Natural Gas,5210.2877,GWh
Argentina,2023-12-01,Net Electricity Production,Combustible Renewables,184.9089,GWh
Argentina,2023-12-01,Net Electricity Production,Hydro,2420.1461,GWh
Argentina,2023-12-01,Net Electricity Production,Wind,1214.143,GWh
Argentina,2023-12-01,Net Electricity Production,Solar,371.4694,GWh
Argentina,2023-12-01,Net Electricity Production,"Total Renewables (Hydro, Geo, Solar, Wind, Other)",4190.6674,GWh
Brazil,2023-12-01,Net Electricity Production,Electricity,61201.3215,GWh
Brazil,2023-12-01,Net Electricity Production,Nuclear,1175.1712,GWh
Brazil,2023-12-01,Net Electricity Production,Total Combustible Fuels,10249.4154,GWh
Brazil,2023-12-01,Net Electricity Production,"Coal, Peat and Manufactured Gases",1259.406,GWh
Brazil,2023-12-01,Net Electricity Production,Oil and Petroleum Products,939.1877,GWh
Brazil,2023-12-01,Net Electricity Production,Natural Gas,4518.1832,GWh
Brazil,2023-12-01,Net Electricity Production,Combustible Renewables,3392.7056,GWh
Brazil,2023-12-01,Net Electricity Production,Other Combustible Non-Renewables,139.9328,GWh
Brazil,2023-12-01,Net Electricity Production,Hydro,36688.7958,GWh
Brazil,2023-12-01,Net Electricity Production,Wind,8141.436,GWh
Brazil,2023-12-01,Net Electricity Production,Solar,4946.5032,GWh
Brazil,2023-12-01,Net Electricity Production,"Total Renewables (Hydro, Geo, Solar, Wind, Other)",53169.4405,GWh
Peru,2023-12-01,Net Electricity Production,Electricity,5245.049,GWh
Peru,2023-12-01,Net Electricity Production,Total Combustible Fuels,1627.5694,GWh
Peru,2023-12-01,Net Electricity Production,"Coal, Peat and Manufactured Gases",20.3389,GWh
Peru,2023-12-01,Net Electricity Production,Oil and Petroleum Products,21.6563,GWh
Peru,2023-12-01,Net Electricity Production,Natural Gas,1542.4616,GWh
Peru,2023-12-01,Net Electricity Production,Combustible Renewables,43.1126,GWh
Peru,2023-12-01,Net Electricity Production,Hydro,3251.7906,GWh
Peru,2023-12-01,Net Electricity Production,Wind,252.0476,GWh
Peru,2023-12-01,Net Electricity Production,Solar,113.6414,GWh
Peru,2023-12-01,Net Electricity Production,"Total Renewables (Hydro, Geo, Solar, Wind, Other)",3660.5921,GWh
Chile,2023-11-01,Net Electricity Production,Electricity,7261.372,GWh
Chile,2023-11-01,Net Electricity Production,Total Combustible Fuels,1817.0908,GWh
Chile,2023-11-01,Net Electricity Production,"Coal, Peat and Manufactured Gases",893.924,GWh
Chile,2023-11-01,Net Electricity Production,Oil and Petroleum Products,17.6503,GWh
Chile,2023-11-01,Net Electricity Production,Natural Gas,537.271,GWh
Chile,2023-11-01,Net Electricity Production,Combustible Renewables,368.2455,GWh
Chile,2023-11-01,Net Electricity Production,Hydro,3070.5198,GWh
Chile,2023-11-01,Net Electricity Production,Wind,897.9546,GWh
Chile,2023-11-01,Net Electricity Production,Solar,1434.2718,GWh
Chile,2023-11-01,Net Electricity Production,Geothermal,41.5351,GWh
Chile,2023-11-01,Net Electricity Production,"Total Renewables (Hydro, Geo, Solar, Wind, Other)",5812.5267,GWh
Chile,2023-11-01,Distribution Losses,Electricity,348.8675,GWh
Chile,2023-11-01,Final Consumption (Calculated),Electricity,6912.5045,GWh
Colombia,2023-11-01,Net Electricity Production,Electricity,7325.7009,GWh
Colombia,2023-11-01,Net Electricity Production,Total Combustible Fuels,2676.0382,GWh
Colombia,2023-11-01,Net Electricity Production,"Coal, Peat and Manufactured Gases",789.3141,GWh
Colombia,2023-11-01,Net Electricity Production,Oil and Petroleum Products,402.5194,GWh
Colombia,2023-11-01,Net Electricity Production,Natural Gas,1302.7918,GWh
Colombia,2023-11-01,Net Electricity Production,Combustible Renewables,181.413,GWh
Colombia,2023-11-01,Net Electricity Production,Hydro,4598.4831,GWh
Colombia,2023-11-01,Net Electricity Production,Solar,51.1796,GWh
Colombia,2023-11-01,Net Electricity Production,"Total Renewables (Hydro, Geo, Solar, Wind, Other)",4831.0756,GWh
Colombia,2023-11-01,Total Imports,Electricity,0.1075,GWh
Colombia,2023-11-01,Total Exports,Electricity,140.0235,GWh
Colombia,2023-11-01,Distribution Losses,Electricity,394.8563,GWh
Colombia,2023-11-01,Final Consumption (Calculated),Electricity,6790.9286,GWh
Costa Rica,2023-11-01,Remarks,Data is estimated for this month,,GWh
Costa Rica,2023-11-01,Net Electricity Production,Electricity,1041.2975,GWh
Costa Rica,2023-11-01,Net Electricity Production,Total Combustible Fuels,0.4076,GWh
Costa Rica,2023-11-01,Net Electricity Production,Oil and Petroleum Products,0.3157,GWh
Costa Rica,2023-11-01,Net Electricity Production,Combustible Renewables,0.0919,GWh
Costa Rica,2023-11-01,Net Electricity Production,Hydro,857.9155,GWh
Costa Rica,2023-11-01,Net Electricity Production,Wind,93.8975,GWh
Costa Rica,2023-11-01,Net Electricity Production,Solar,5.9772,GWh
Costa Rica,2023-11-01,Net Electricity Production,Geothermal,83.0997,GWh
Costa Rica,2023-11-01,Net Electricity Production,"Total Renewables (Hydro, Geo, Solar, Wind, Other)",1040.9817,GWh
Costa Rica,2023-11-01,Final Consumption (Calculated),Electricity,1041.2975,GWh
Mexico,2023-11-01,Net Electricity Production,Electricity,30164.6004,GWh
Mexico,2023-11-01,Net Electricity Production,Nuclear,848.571,GWh
Mexico,2023-11-01,Net Electricity Production,Total Combustible Fuels,25064.0812,GWh
Mexico,2023-11-01,Net Electricity Production,"Coal, Peat and Manufactured Gases",1851.1245,GWh
Mexico,2023-11-01,Net Electricity Production,Oil and Petroleum Products,4410.4623,GWh
Mexico,2023-11-01,Net Electricity Production,Natural Gas,18537.4302,GWh
Mexico,2023-11-01,Net Electricity Production,Combustible Renewables,168.879,GWh
Mexico,2023-11-01,Net Electricity Production,Other Combustible Non-Renewables,96.1852,GWh
Mexico,2023-11-01,Net Electricity Production,Hydro,991.0007,GWh
Mexico,2023-11-01,Net Electricity Production,Wind,1845.9921,GWh
Mexico,2023-11-01,Net Electricity Production,Solar,959.1832,GWh
Mexico,2023-11-01,Net Electricity Production,Geothermal,291.0222,GWh
Mexico,2023-11-01,Net Electricity Production,Not Specified,164.75,GWh
Mexico,2023-11-01,Net Electricity Production,"Total Renewables (Hydro, Geo, Solar, Wind, Other)",4256.0772,GWh
Mexico,2023-11-01,Total Imports,Electricity,449.1211,GWh
Mexico,2023-11-01,Total Exports,Electricity,169.968,GWh
Mexico,2023-11-01,Distribution Losses,Electricity,2886.6348,GWh
Mexico,2023-11-01,Final Consumption (Calculated),Electricity,27557.1187,GWh
Argentina,2023-11-01,Net Electricity Production,Electricity,10202.091,GWh
Argentina,2023-11-01,Net Electricity Production,Nuclear,874.8354,GWh
Argentina,2023-11-01,Net Electricity Production,Total Combustible Fuels,5311.7721,GWh
Argentina,2023-11-01,Net Electricity Production,"Coal, Peat and Manufactured Gases",1.1415,GWh
Argentina,2023-11-01,Net Electricity Production,Oil and Petroleum Products,169.0547,GWh
Argentina,2023-11-01,Net Electricity Production,Natural Gas,4961.0413,GWh
Argentina,2023-11-01,Net Electricity Production,Combustible Renewables,180.5346,GWh
Argentina,2023-11-01,Net Electricity Production,Hydro,2221.5122,GWh
Argentina,2023-11-01,Net Electricity Production,Wind,1445.5168,GWh
Argentina,2023-11-01,Net Electricity Production,Solar,348.4545,GWh
Argentina,2023-11-01,Net Electricity Production,"Total Renewables (Hydro, Geo, Solar, Wind, Other)",4196.0181,GWh
Brazil,2023-11-01,Net Electricity Production,Electricity,60978.0837,GWh
Brazil,2023-11-01,Net Electricity Production,Nuclear,421.2623,GWh
Brazil,2023-11-01,Net Electricity Production,Total Combustible Fuels,12290.9984,GWh
Brazil,2023-11-01,Net Electricity Production,"Coal, Peat and Manufactured Gases",1685.0035,GWh
Brazil,2023-11-01,Net Electricity Production,Oil and Petroleum Products,988.534,GWh
Brazil,2023-11-01,Net Electricity Production,Natural Gas,3818.2454,GWh
Brazil,2023-11-01,Net Electricity Production,Combustible Renewables,5659.2827,GWh
Brazil,2023-11-01,Net Electricity Production,Other Combustible Non-Renewables,139.9328,GWh
Brazil,2023-11-01,Net Electricity Production,Hydro,35143.3547,GWh
Brazil,2023-11-01,Net Electricity Production,Wind,7983.3842,GWh
Brazil,2023-11-01,Net Electricity Production,Solar,5139.0841,GWh
Brazil,2023-11-01,Net Electricity Production,"Total Renewables (Hydro, Geo, Solar, Wind, Other)",53925.1057,GWh
Peru,2023-11-01,Net Electricity Production,Electricity,5057.0173,GWh
Peru,2023-11-01,Net Electricity Production,Total Combustible Fuels,2415.8982,GWh
Peru,2023-11-01,Net Electricity Production,"Coal, Peat and Manufactured Gases",27.6032,GWh
Peru,2023-11-01,Net Electricity Production,Oil and Petroleum Products,29.3912,GWh
Peru,2023-11-01,Net Electricity Production,Natural Gas,2300.3931,GWh
Peru,2023-11-01,Net Electricity Production,Combustible Renewables,58.5107,GWh
Peru,2023-11-01,Net Electricity Production,Hydro,2279.0628,GWh
Peru,2023-11-01,Net Electricity Production,Wind,251.7576,GWh
Peru,2023-11-01,Net Electricity Production,Solar,110.2988,GWh
Peru,2023-11-01,Net Electricity Production,"Total Renewables (Hydro, Geo, Solar, Wind, Other)",2699.6299,GWh
Chile,2023-10-01,Net Electricity Production,Electricity,7484.6426,GWh
Chile,2023-10-01,Net Electricity Production,Total Combustible Fuels,2112.6656,GWh
Chile,2023-10-01,Net Electricity Production,"Coal, Peat and Manufactured Gases",989.9296,GWh
Chile,2023-10-01,Net Electricity Production,Oil and Petroleum Products,11.872,GWh
Chile,2023-10-01,Net Electricity Production,Natural Gas,693.0206,GWh
Chile,2023-10-01,Net Electricity Production,Combustible Renewables,417.8433,GWh
Chile,2023-10-01,Net Electricity Production,Hydro,2903.4298,GWh
Chile,2023-10-01,Net Electricity Production,Wind,1009.7075,GWh
Chile,2023-10-01,Net Electricity Production,Solar,1420.9448,GWh
Chile,2023-10-01,Net Electricity Production,Geothermal,37.8949,GWh
Chile,2023-10-01,Net Electricity Production,"Total Renewables (Hydro, Geo, Solar, Wind, Other)",5789.8204,GWh
Chile,2023-10-01,Distribution Losses,Electricity,358.7156,GWh
Chile,2023-10-01,Final Consumption (Calculated),Electricity,7125.927,GWh
Colombia,2023-10-01,Net Electricity Production,Electricity,7663.4186,GWh
Colombia,2023-10-01,Net Electricity Production,Total Combustible Fuels,3744.0122,GWh
Colombia,2023-10-01,Net Electricity Production,"Coal, Peat and Manufactured Gases",1180.2385,GWh
Colombia,2023-10-01,Net Electricity Production,Oil and Petroleum Products,380.0063,GWh
Colombia,2023-10-01,Net Electricity Production,Natural Gas,2002.3546,GWh
Colombia,2023-10-01,Net Electricity Production,Combustible Renewables,181.4128,GWh
Colombia,2023-10-01,Net Electricity Production,Hydro,3866.7257,GWh
Colombia,2023-10-01,Net Electricity Production,Wind,0.2378,GWh
Colombia,2023-10-01,Net Electricity Production,Solar,52.4429,GWh
Colombia,2023-10-01,Net Electricity Production,"Total Renewables (Hydro, Geo, Solar, Wind, Other)",4100.8193,GWh
Colombia,2023-10-01,Total Imports,Electricity,0.1353,GWh
Colombia,2023-10-01,Total Exports,Electricity,149.9608,GWh
Colombia,2023-10-01,Distribution Losses,Electricity,406.1438,GWh
Colombia,2023-10-01,Final Consumption (Calculated),Electricity,7107.4494,GWh
Costa Rica,2023-10-01,Remarks,Data is estimated for this month,,GWh
Costa Rica,2023-10-01,Net Electricity Production,Electricity,972.1071,GWh
Costa Rica,2023-10-01,Net Electricity Production,Total Combustible Fuels,1.3929,GWh
Costa Rica,2023-10-01,Net Electricity Production,Oil and Petroleum Products,1.3006,GWh
Costa Rica,2023-10-01,Net Electricity Production,Combustible Renewables,0.0923,GWh
Costa Rica,2023-10-01,Net Electricity Production,Hydro,813.4837,GWh
Costa Rica,2023-10-01,Net Electricity Production,Wind,33.7121,GWh
Costa Rica,2023-10-01,Net Electricity Production,Solar,6.6266,GWh
Costa Rica,2023-10-01,Net Electricity Production,Geothermal,116.8918,GWh
Costa Rica,2023-10-01,Net Electricity Production,"Total Renewables (Hydro, Geo, Solar, Wind, Other)",970.8066,GWh
Costa Rica,2023-10-01,Final Consumption (Calculated),Electricity,972.1071,GWh
Mexico,2023-10-01,Net Electricity Production,Electricity,34525.0226,GWh
Mexico,2023-10-01,Net Electricity Production,Nuclear,538.4625,GWh
Mexico,2023-10-01,Net Electricity Production,Total Combustible Fuels,29107.5528,GWh
Mexico,2023-10-01,Net Electricity Production,"Coal, Peat and Manufactured Gases",2416.3659,GWh
Mexico,2023-10-01,Net Electricity Production,Oil and Petroleum Products,5104.0365,GWh
Mexico,2023-10-01,Net Electricity Production,Natural Gas,21452.5628,GWh
Mexico,2023-10-01,Net Electricity Production,Combustible Renewables,23.2767,GWh
Mexico,2023-10-01,Net Electricity Production,Other Combustible Non-Renewables,111.311,GWh
Mexico,2023-10-01,Net Electricity Production,Hydro,1460.7305,GWh
Mexico,2023-10-01,Net Electricity Production,Wind,1754.7809,GWh
Mexico,2023-10-01,Net Electricity Production,Solar,1182.3188,GWh
Mexico,2023-10-01,Net Electricity Production,Geothermal,316.4271,GWh
Mexico,2023-10-01,Net Electricity Production,Not Specified,164.75,GWh
Mexico,2023-10-01,Net Electricity Production,"Total Renewables (Hydro, Geo, Solar, Wind, Other)",4737.534,GWh
Mexico,2023-10-01,Total Imports,Electricity,540.037,GWh
Mexico,2023-10-01,Total Exports,Electricity,200.8844,GWh
Mexico,2023-10-01,Distribution Losses,Electricity,3305.0466,GWh
Mexico,2023-10-01,Final Consumption (Calculated),Electricity,31559.1285,GWh
Argentina,2023-10-01,Net Electricity Production,Electricity,9363.0944,GWh
Argentina,2023-10-01,Net Electricity Production,Nuclear,864.0784,GWh
Argentina,2023-10-01,Net Electricity Production,Total Combustible Fuels,4407.4518,GWh
Argentina,2023-10-01,Net Electricity Production,"Coal, Peat and Manufactured Gases",10.2734,GWh
Argentina,2023-10-01,Net Electricity Production,Oil and Petroleum Products,32.5702,GWh
Argentina,2023-10-01,Net Electricity Production,Natural Gas,4181.1079,GWh
Argentina,2023-10-01,Net Electricity Production,Combustible Renewables,183.5002,GWh
Argentina,2023-10-01,Net Electricity Production,Hydro,2446.2516,GWh
Argentina,2023-10-01,Net Electricity Production,Wind,1303.7179,GWh
Argentina,2023-10-01,Net Electricity Production,Solar,341.5948,GWh
Argentina,2023-10-01,Net Electricity Production,"Total Renewables (Hydro, Geo, Solar, Wind, Other)",4275.0645,GWh
Brazil,2023-10-01,Net Electricity Production,Electricity,60725.507,GWh
Brazil,2023-10-01,Net Electricity Production,Nuclear,339.1858,GWh
Brazil,2023-10-01,Net Electricity Production,Total Combustible Fuels,10642.7224,GWh
Brazil,2023-10-01,Net Electricity Production,"Coal, Peat and Manufactured Gases",1431.4935,GWh
Brazil,2023-10-01,Net Electricity Production,Oil and Petroleum Products,622.6187,GWh
Brazil,2023-10-01,Net Electricity Production,Natural Gas,2168.7848,GWh
Brazil,2023-10-01,Net Electricity Production,Combustible Renewables,6279.8926,GWh
Brazil,2023-10-01,Net Electricity Production,Other Combustible Non-Renewables,139.9328,GWh
Brazil,2023-10-01,Net Electricity Production,Hydro,35197.6568,GWh
Brazil,2023-10-01,Net Electricity Production,Wind,9699.1315,GWh
Brazil,2023-10-01,Net Electricity Production,Solar,4846.8105,GWh
Brazil,2023-10-01,Net Electricity Production,"Total Renewables (Hydro, Geo, Solar, Wind, Other)",56023.4914,GWh
Peru,2023-10-01,Net Electricity Production,Electricity,5207.6963,GWh
Peru,2023-10-01,Net Electricity Production,Total Combustible Fuels,2804.5891,GWh
Peru,2023-10-01,Net Electricity Production,"Coal, Peat and Manufactured Gases",31.4333,GWh
Peru,2023-10-01,Net Electricity Production,Oil and Petroleum Products,33.4694,GWh
Peru,2023-10-01,Net Electricity Production,Natural Gas,2673.0567,GWh
Peru,2023-10-01,Net Electricity Production,Combustible Renewables,66.6296,GWh
Peru,2023-10-01,Net Electricity Production,Hydro,2053.4478,GWh
Peru,2023-10-01,Net Electricity Production,Wind,239.7291,GWh
Peru,2023-10-01,Net Electricity Production,Solar,109.9303,GWh
Peru,2023-10-01,Net Electricity Production,"Total Renewables (Hydro, Geo, Solar, Wind, Other)",2469.7368,GWh
Chile,2023-09-01,Net Electricity Production,Electricity,7502.0961,GWh
Chile,2023-09-01,Net Electricity Production,Total Combustible Fuels,2299.8016,GWh
Chile,2023-09-01,Net Electricity Production,"Coal, Peat and Manufactured Gases",972.7458,GWh
Chile,2023-09-01,Net Electricity Production,Oil and Petroleum Products,18.3809,GWh
Chile,2023-09-01,Net Electricity Production,Natural Gas,865.1566,GWh
Chile,2023-09-01,Net Electricity Production,Combustible Renewables,443.5182,GWh
Chile,2023-09-01,Net Electricity Production,Hydro,3054.0114,GWh
Chile,2023-09-01,Net Electricity Production,Wind,959.6166,GWh
Chile,2023-09-01,Net Electricity Production,Solar,1152.8835,GWh
Chile,2023-09-01,Net Electricity Production,Geothermal,35.7831,GWh
Chile,2023-09-01,Net Electricity Production,"Total Renewables (Hydro, Geo, Solar, Wind, Other)",5645.8128,GWh
Chile,2023-09-01,Distribution Losses,Electricity,357.9708,GWh
Chile,2023-09-01,Final Consumption (Calculated),Electricity,7144.1253,GWh
Colombia,2023-09-01,Net Electricity Production,Electricity,7706.9083,GWh
Colombia,2023-09-01,Net Electricity Production,Total Combustible Fuels,3545.4078,GWh
Colombia,2023-09-01,Net Electricity Production,"Coal, Peat and Manufactured Gases",1201.3816,GWh
Colombia,2023-09-01,Net Electricity Production,Oil and Petroleum Products,246.2331,GWh
Colombia,2023-09-01,Net Electricity Production,Natural Gas,1916.38,GWh
Colombia,2023-09-01,Net Electricity Production,Combustible Renewables,181.4131,GWh
Colombia,2023-09-01,Net Electricity Production,Hydro,4099.3528,GWh
Colombia,2023-09-01,Net Electricity Production,Wind,4.5232,GWh
Colombia,2023-09-01,Net Electricity Production,Solar,57.6244,GWh
Colombia,2023-09-01,Net Electricity Production,"Total Renewables (Hydro, Geo, Solar, Wind, Other)",4342.9135,GWh
Colombia,2023-09-01,Total Imports,Electricity,0.1413,GWh
Colombia,2023-09-01,Total Exports,Electricity,189.847,GWh
Colombia,2023-09-01,Distribution Losses,Electricity,407.1005,GWh
Colombia,2023-09-01,Final Consumption (Calculated),Electricity,7110.1022,GWh
Costa Rica,2023-09-01,Remarks,Data is estimated for this month,,GWh
Costa Rica,2023-09-01,Net Electricity Production,Electricity,911.0392,GWh
Costa Rica,2023-09-01,Net Electricity Production,Total Combustible Fuels,1.6896,GWh
Costa Rica,2023-09-01,Net Electricity Production,Oil and Petroleum Products,1.5973,GWh
Costa Rica,2023-09-01,Net Electricity Production,Combustible Renewables,0.0923,GWh
Costa Rica,2023-09-01,Net Electricity Production,Hydro,677.6093,GWh
Costa Rica,2023-09-01,Net Electricity Production,Wind,111.341,GWh
Costa Rica,2023-09-01,Net Electricity Production,Solar,6.5675,GWh
Costa Rica,2023-09-01,Net Electricity Production,Geothermal,113.8318,GWh
Costa Rica,2023-09-01,Net Electricity Production,"Total Renewables (Hydro, Geo, Solar, Wind, Other)",909.4419,GWh
Costa Rica,2023-09-01,Total Imports,Electricity,0.0,GWh
Costa Rica,2023-09-01,Total Exports,Electricity,0.0,GWh
Costa Rica,2023-09-01,Distribution Losses,Electricity,0.0,GWh
Costa Rica,2023-09-01,Final Consumption (Calculated),Electricity,911.0392,GWh
Mexico,2023-09-01,Net Electricity Production,Electricity,37394.9916,GWh
Mexico,2023-09-01,Net Electricity Production,Nuclear,771.6908,GWh
Mexico,2023-09-01,Net Electricity Production,Total Combustible Fuels,31116.8311,GWh
Mexico,2023-09-01,Net Electricity Production,"Coal, Peat and Manufactured Gases",2309.9516,GWh
Mexico,2023-09-01,Net Electricity Production,Oil and Petroleum Products,5510.3373,GWh
Mexico,2023-09-01,Net Electricity Production,Natural Gas,23160.2688,GWh
Mexico,2023-09-01,Net Electricity Production,Combustible Renewables,16.1017,GWh
Mexico,2023-09-01,Net Electricity Production,Other Combustible Non-Renewables,120.1717,GWh
Mexico,2023-09-01,Net Electricity Production,Hydro,1950.6154,GWh
Mexico,2023-09-01,Net Electricity Production,Wind,1559.6769,GWh
Mexico,2023-09-01,Net Electricity Production,Solar,1497.5263,GWh
Mexico,2023-09-01,Net Electricity Production,Geothermal,333.9012,GWh
Mexico,2023-09-01,Net Electricity Production,Not Specified,164.75,GWh
Mexico,2023-09-01,Net Electricity Production,"Total Renewables (Hydro, Geo, Solar, Wind, Other)",5357.8215,GWh
Mexico,2023-09-01,Distribution Losses,Electricity,3610.7504,GWh
Mexico,2023-09-01,Final Consumption (Calculated),Electricity,33784.2412,GWh
Argentina,2023-09-01,Net Electricity Production,Electricity,9941.7369,GWh
Argentina,2023-09-01,Net Electricity Production,Nuclear,812.8068,GWh
Argentina,2023-09-01,Net Electricity Production,Total Combustible Fuels,5165.8023,GWh
Argentina,2023-09-01,Net Electricity Production,"Coal, Peat and Manufactured Gases",73.0556,GWh
Argentina,2023-09-01,Net Electricity Production,Oil and Petroleum Products,220.2364,GWh
Argentina,2023-09-01,Net Electricity Production,Natural Gas,4667.1383,GWh
Argentina,2023-09-01,Net Electricity Production,Combustible Renewables,205.372,GWh
Argentina,2023-09-01,Net Electricity Production,Hydro,2536.3148,GWh
Argentina,2023-09-01,Net Electricity Production,Wind,1134.7376,GWh
Argentina,2023-09-01,Net Electricity Production,Solar,292.0754,GWh
Argentina,2023-09-01,Net Electricity Production,"Total Renewables (Hydro, Geo, Solar, Wind, Other)",4168.4998,GWh
Brazil,2023-09-01,Net Electricity Production,Electricity,57950.8855,GWh
Brazil,2023-09-01,Net Electricity Production,Nuclear,1160.1854,GWh
Brazil,2023-09-01,Net Electricity Production,Total Combustible Fuels,10459.5432,GWh
Brazil,2023-09-01,Net Electricity Production,"Coal, Peat and Manufactured Gases",1091.3584,GWh
Brazil,2023-09-01,Net Electricity Production,Oil and Petroleum Products,476.7774,GWh
Brazil,2023-09-01,Net Electricity Production,Natural Gas,2186.9219,GWh
Brazil,2023-09-01,Net Electricity Production,Combustible Renewables,6564.5526,GWh
Brazil,2023-09-01,Net Electricity Production,Other Combustible Non-Renewables,139.9328,GWh
Brazil,2023-09-01,Net Electricity Production,Hydro,32342.6468,GWh
Brazil,2023-09-01,Net Electricity Production,Wind,9267.6513,GWh
Brazil,2023-09-01,Net Electricity Production,Solar,4720.8587,GWh
Brazil,2023-09-01,Net Electricity Production,"Total Renewables (Hydro, Geo, Solar, Wind, Other)",52895.7095,GWh
Peru,2023-09-01,Net Electricity Production,Electricity,5081.8668,GWh
Peru,2023-09-01,Net Electricity Production,Total Combustible Fuels,3174.8236,GWh
Peru,2023-09-01,Net Electricity Production,"Coal, Peat and Manufactured Gases",73.3917,GWh
Peru,2023-09-01,Net Electricity Production,Oil and Petroleum Products,78.1456,GWh
Peru,2023-09-01,Net Electricity Production,Natural Gas,2867.7171,GWh
Peru,2023-09-01,Net Electricity Production,Combustible Renewables,155.5692,GWh
Peru,2023-09-01,Net Electricity Production,Hydro,1556.4028,GWh
Peru,2023-09-01,Net Electricity Production,Wind,249.3185,GWh
Peru,2023-09-01,Net Electricity Production,Solar,101.3218,GWh
Peru,2023-09-01,Net Electricity Production,"Total Renewables (Hydro, Geo, Solar, Wind, Other)",2062.6123,GWh
Chile,2023-08-01,Net Electricity Production,Electricity,7808.6998,GWh
Chile,2023-08-01,Net Electricity Production,Total Combustible Fuels,2786.7581,GWh
Chile,2023-08-01,Net Electricity Production,"Coal, Peat and Manufactured Gases",1199.2247,GWh
Chile,2023-08-01,Net Electricity Production,Oil and Petroleum Products,20.1072,GWh
Chile,2023-08-01,Net Electricity Production,Natural Gas,1085.3994,GWh
Chile,2023-08-01,Net Electricity Production,Combustible Renewables,482.0268,GWh
Chile,2023-08-01,Net Electricity Production,Hydro,3010.4461,GWh
Chile,2023-08-01,Net Electricity Production,Wind,819.2082,GWh
Chile,2023-08-01,Net Electricity Production,Solar,1158.8072,GWh
Chile,2023-08-01,Net Electricity Production,Geothermal,33.4801,GWh
Chile,2023-08-01,Net Electricity Production,"Total Renewables (Hydro, Geo, Solar, Wind, Other)",5503.9685,GWh
Chile,2023-08-01,Distribution Losses,Electricity,372.4976,GWh
Chile,2023-08-01,Final Consumption (Calculated),Electricity,7436.2022,GWh
Colombia,2023-08-01,Net Electricity Production,Electricity,7488.1276,GWh
Colombia,2023-08-01,Net Electricity Production,Total Combustible Fuels,2692.1556,GWh
Colombia,2023-08-01,Net Electricity Production,"Coal, Peat and Manufactured Gases",1007.8799,GWh
Colombia,2023-08-01,Net Electricity Production,Oil and Petroleum Products,243.0329,GWh
Colombia,2023-08-01,Net Electricity Production,Natural Gas,1259.8302,GWh
Colombia,2023-08-01,Net Electricity Production,Combustible Renewables,181.4127,GWh
Colombia,2023-08-01,Net Electricity Production,Hydro,4735.3422,GWh
Colombia,2023-08-01,Net Electricity Production,Wind,4.1352,GWh
Colombia,2023-08-01,Net Electricity Production,Solar,56.4946,GWh
Colombia,2023-08-01,Net Electricity Production,"Total Renewables (Hydro, Geo, Solar, Wind, Other)",4977.3847,GWh
Colombia,2023-08-01,Total Imports,Electricity,127.1044,GWh
Colombia,2023-08-01,Total Exports,Electricity,15.8433,GWh
Colombia,2023-08-01,Distribution Losses,Electricity,414.7731,GWh
Colombia,2023-08-01,Final Consumption (Calculated),Electricity,7184.6155,GWh
Costa Rica,2023-08-01,Remarks,Data is estimated for this month,,GWh
Costa Rica,2023-08-01,Net Electricity Production,Electricity,875.7395,GWh
Costa Rica,2023-08-01,Net Electricity Production,Total Combustible Fuels,4.0924,GWh
Costa Rica,2023-08-01,Net Electricity Production,Oil and Petroleum Products,4.0001,GWh
Costa Rica,2023-08-01,Net Electricity Production,Combustible Renewables,0.0923,GWh
Costa Rica,2023-08-01,Net Electricity Production,Hydro,641.3537,GWh
Costa Rica,2023-08-01,Net Electricity Production,Wind,108.5244,GWh
Costa Rica,2023-08-01,Net Electricity Production,Solar,6.5099,GWh
Costa Rica,2023-08-01,Net Electricity Production,Geothermal,115.2591,GWh
Costa Rica,2023-08-01,Net Electricity Production,"Total Renewables (Hydro, Geo, Solar, Wind, Other)",871.7395,GWh
Costa Rica,2023-08-01,Total Imports,Electricity,0.0,GWh
Costa Rica,2023-08-01,Total Exports,Electricity,0.0,GWh
Costa Rica,2023-08-01,Distribution Losses,Electricity,0.0,GWh
Costa Rica,2023-08-01,Final Consumption (Calculated),Electricity,875.7395,GWh
Mexico,2023-08-01,Net Electricity Production,Electricity,39548.0407,GWh
Mexico,2023-08-01,Net Electricity Production,Nuclear,1077.4576,GWh
Mexico,2023-08-01,Net Electricity Production,Total Combustible Fuels,32981.6091,GWh
Mexico,2023-08-01,Net Electricity Production,"Coal, Peat and Manufactured Gases",2518.0618,GWh
Mexico,2023-08-01,Net Electricity Production,Oil and Petroleum Products,5824.3157,GWh
Mexico,2023-08-01,Net Electricity Production,Natural Gas,24479.9382,GWh
Mexico,2023-08-01,Net Electricity Production,Combustible Renewables,32.2742,GWh
Mexico,2023-08-01,Net Electricity Production,Other Combustible Non-Renewables,127.0191,GWh
Mexico,2023-08-01,Net Electricity Production,Hydro,1763.763,GWh
Mexico,2023-08-01,Net Electricity Production,Wind,1746.0834,GWh
Mexico,2023-08-01,Net Electricity Production,Solar,1462.2526,GWh
Mexico,2023-08-01,Net Electricity Production,Geothermal,352.125,GWh
Mexico,2023-08-01,Net Electricity Production,Not Specified,164.75,GWh
Mexico,2023-08-01,Net Electricity Production,"Total Renewables (Hydro, Geo, Solar, Wind, Other)",5356.4982,GWh
Mexico,2023-08-01,Distribution Losses,Electricity,3811.1438,GWh
Mexico,2023-08-01,Final Consumption (Calculated),Electricity,35736.8969,GWh
Argentina,2023-08-01,Net Electricity Production,Electricity,10868.5127,GWh
Argentina,2023-08-01,Net Electricity Production,Nuclear,726.3487,GWh
Argentina,2023-08-01,Net Electricity Production,Total Combustible Fuels,5957.7857,GWh
Argentina,2023-08-01,Net Electricity Production,"Coal, Peat and Manufactured Gases",108.4419,GWh
Argentina,2023-08-01,Net Electricity Production,Oil and Petroleum Products,303.9883,GWh
Argentina,2023-08-01,Net Electricity Production,Natural Gas,5323.4871,GWh
Argentina,2023-08-01,Net Electricity Production,Combustible Renewables,221.8685,GWh
Argentina,2023-08-01,Net Electricity Production,Hydro,2503.8597,GWh
Argentina,2023-08-01,Net Electricity Production,Wind,1427.7226,GWh
Argentina,2023-08-01,Net Electricity Production,Solar,252.796,GWh
Argentina,2023-08-01,Net Electricity Production,"Total Renewables (Hydro, Geo, Solar, Wind, Other)",4406.2468,GWh
Brazil,2023-08-01,Net Electricity Production,Electricity,57829.3355,GWh
Brazil,2023-08-01,Net Electricity Production,Nuclear,1418.0811,GWh
Brazil,2023-08-01,Net Electricity Production,Total Combustible Fuels,11364.1054,GWh
Brazil,2023-08-01,Net Electricity Production,"Coal, Peat and Manufactured Gases",1482.8939,GWh
Brazil,2023-08-01,Net Electricity Production,Oil and Petroleum Products,524.6866,GWh
Brazil,2023-08-01,Net Electricity Production,Natural Gas,2308.5479,GWh
Brazil,2023-08-01,Net Electricity Production,Combustible Renewables,6908.0442,GWh
Brazil,2023-08-01,Net Electricity Production,Other Combustible Non-Renewables,139.9328,GWh
Brazil,2023-08-01,Net Electricity Production,Hydro,31543.7696,GWh
Brazil,2023-08-01,Net Electricity Production,Wind,9127.5674,GWh
Brazil,2023-08-01,Net Electricity Production,Solar,4375.812,GWh
Brazil,2023-08-01,Net Electricity Production,"Total Renewables (Hydro, Geo, Solar, Wind, Other)",51955.1932,GWh
Peru,2023-08-01,Net Electricity Production,Electricity,5166.6254,GWh
Peru,2023-08-01,Net Electricity Production,Total Combustible Fuels,3186.1043,GWh
Peru,2023-08-01,Net Electricity Production,"Coal, Peat and Manufactured Gases",85.7056,GWh
Peru,2023-08-01,Net Electricity Production,Oil and Petroleum Products,91.2571,GWh
Peru,2023-08-01,Net Electricity Production,Natural Gas,2827.4708,GWh
Peru,2023-08-01,Net Electricity Production,Combustible Renewables,181.6709,GWh
Peru,2023-08-01,Net Electricity Production,Hydro,1712.6377,GWh
Peru,2023-08-01,Net Electricity Production,Wind,179.1333,GWh
Peru,2023-08-01,Net Electricity Production,Solar,88.7501,GWh
Peru,2023-08-01,Net Electricity Production,"Total Renewables (Hydro, Geo, Solar, Wind, Other)",2162.1921,GWh
Chile,2023-07-01,Net Electricity Production,Electricity,7820.8138,GWh
Chile,2023-07-01,Net Electricity Production,Total Combustible Fuels,2885.4816,GWh
Chile,2023-07-01,Net Electricity Production,"Coal, Peat and Manufactured Gases",1150.1275,GWh
Chile,2023-07-01,Net Electricity Production,Oil and Petroleum Products,21.1477,GWh
Chile,2023-07-01,Net Electricity Production,Natural Gas,1304.8367,GWh
Chile,2023-07-01,Net Electricity Production,Combustible Renewables,409.3697,GWh
Chile,2023-07-01,Net Electricity Production,Hydro,3003.5228,GWh
Chile,2023-07-01,Net Electricity Production,Wind,778.5101,GWh
Chile,2023-07-01,Net Electricity Production,Solar,1108.2561,GWh
Chile,2023-07-01,Net Electricity Production,Geothermal,45.0431,GWh
Chile,2023-07-01,Net Electricity Production,"Total Renewables (Hydro, Geo, Solar, Wind, Other)",5344.7019,GWh
Chile,2023-07-01,Distribution Losses,Electricity,375.4847,GWh
Chile,2023-07-01,Final Consumption (Calculated),Electricity,7445.3292,GWh
Colombia,2023-07-01,Net Electricity Production,Electricity,7173.4518,GWh
Colombia,2023-07-01,Net Electricity Production,Total Combustible Fuels,2645.5472,GWh
Colombia,2023-07-01,Net Electricity Production,"Coal, Peat and Manufactured Gases",1036.5131,GWh
Colombia,2023-07-01,Net Electricity Production,Oil and Petroleum Products,226.9706,GWh
Colombia,2023-07-01,Net Electricity Production,Natural Gas,1200.6501,GWh
Colombia,2023-07-01,Net Electricity Production,Combustible Renewables,181.4135,GWh
Colombia,2023-07-01,Net Electricity Production,Hydro,4469.2606,GWh
Colombia,2023-07-01,Net Electricity Production,Wind,6.5497,GWh
Colombia,2023-07-01,Net Electricity Production,Solar,52.0942,GWh
Colombia,2023-07-01,Net Electricity Production,"Total Renewables (Hydro, Geo, Solar, Wind, Other)",4709.318,GWh
Colombia,2023-07-01,Total Imports,Electricity,523.1563,GWh
Colombia,2023-07-01,Total Exports,Electricity,0.1029,GWh
Colombia,2023-07-01,Distribution Losses,Electricity,402.7433,GWh
Colombia,2023-07-01,Final Consumption (Calculated),Electricity,7293.7618,GWh
Costa Rica,2023-07-01,Remarks,Data is estimated for this month,,GWh
Costa Rica,2023-07-01,Net Electricity Production,Electricity,982.5495,GWh
Costa Rica,2023-07-01,Net Electricity Production,Total Combustible Fuels,1.987,GWh
Costa Rica,2023-07-01,Net Electricity Production,Oil and Petroleum Products,1.2087,GWh
Costa Rica,2023-07-01,Net Electricity Production,Combustible Renewables,0.7783,GWh
Costa Rica,2023-07-01,Net Electricity Production,Hydro,691.9275,GWh
Costa Rica,2023-07-01,Net Electricity Production,Wind,152.5662,GWh
Costa Rica,2023-07-01,Net Electricity Production,Solar,6.432,GWh
Costa Rica,2023-07-01,Net Electricity Production,Geothermal,129.6368,GWh
Costa Rica,2023-07-01,Net Electricity Production,"Total Renewables (Hydro, Geo, Solar, Wind, Other)",981.3408,GWh
Costa Rica,2023-07-01,Total Imports,Electricity,0.0,GWh
Costa Rica,2023-07-01,Total Exports,Electricity,0.0,GWh
Costa Rica,2023-07-01,Distribution Losses,Electricity,0.0,GWh
Costa Rica,2023-07-01,Final Consumption (Calculated),Electricity,982.5495,GWh
Mexico,2023-07-01,Net Electricity Production,Electricity,39728.3842,GWh
Mexico,2023-07-01,Net Electricity Production,Nuclear,1113.231,GWh
Mexico,2023-07-01,Net Electricity Production,Total Combustible Fuels,32821.4438,GWh
Mexico,2023-07-01,Net Electricity Production,"Coal, Peat and Manufactured Gases",2290.1003,GWh
Mexico,2023-07-01,Net Electricity Production,Oil and Petroleum Products,5837.9177,GWh
Mexico,2023-07-01,Net Electricity Production,Natural Gas,24537.1081,GWh
Mexico,2023-07-01,Net Electricity Production,Combustible Renewables,29.002,GWh
Mexico,2023-07-01,Net Electricity Production,Other Combustible Non-Renewables,127.3157,GWh
Mexico,2023-07-01,Net Electricity Production,Hydro,1523.6756,GWh
Mexico,2023-07-01,Net Electricity Production,Wind,2225.9261,GWh
Mexico,2023-07-01,Net Electricity Production,Solar,1548.8645,GWh
Mexico,2023-07-01,Net Electricity Production,Geothermal,330.4932,GWh
Mexico,2023-07-01,Net Electricity Production,Not Specified,164.75,GWh
Mexico,2023-07-01,Net Electricity Production,"Total Renewables (Hydro, Geo, Solar, Wind, Other)",5657.9614,GWh
Mexico,2023-07-01,Total Imports,Electricity,556.0982,GWh
Mexico,2023-07-01,Total Exports,Electricity,179.8821,GWh
Mexico,2023-07-01,Distribution Losses,Electricity,3826.2442,GWh
Mexico,2023-07-01,Final Consumption (Calculated),Electricity,36278.3561,GWh
Argentina,2023-07-01,Net Electricity Production,Electricity,11650.7211,GWh
Argentina,2023-07-01,Net Electricity Production,Nuclear,705.5987,GWh
Argentina,2023-07-01,Net Electricity Production,Total Combustible Fuels,7540.637,GWh
Argentina,2023-07-01,Net Electricity Production,"Coal, Peat and Manufactured Gases",123.2813,GWh
Argentina,2023-07-01,Net Electricity Production,Oil and Petroleum Products,1985.2295,GWh
Argentina,2023-07-01,Net Electricity Production,Natural Gas,5223.7886,GWh
Argentina,2023-07-01,Net Electricity Production,Combustible Renewables,208.3376,GWh
Argentina,2023-07-01,Net Electricity Production,Hydro,2137.7698,GWh
Argentina,2023-07-01,Net Electricity Production,Wind,1069.2249,GWh
Argentina,2023-07-01,Net Electricity Production,Solar,197.4907,GWh
Argentina,2023-07-01,Net Electricity Production,"Total Renewables (Hydro, Geo, Solar, Wind, Other)",3612.823,GWh
Brazil,2023-07-01,Net Electricity Production,Electricity,56772.6954,GWh
Brazil,2023-07-01,Net Electricity Production,Nuclear,1387.1872,GWh
Brazil,2023-07-01,Net Electricity Production,Total Combustible Fuels,11669.9055,GWh
Brazil,2023-07-01,Net Electricity Production,"Coal, Peat and Manufactured Gases",1622.3605,GWh
Brazil,2023-07-01,Net Electricity Production,Oil and Petroleum Products,496.3108,GWh
Brazil,2023-07-01,Net Electricity Production,Natural Gas,2380.9699,GWh
Brazil,2023-07-01,Net Electricity Production,Combustible Renewables,7030.3315,GWh
Brazil,2023-07-01,Net Electricity Production,Other Combustible Non-Renewables,139.9328,GWh
Brazil,2023-07-01,Net Electricity Production,Hydro,29664.7572,GWh
Brazil,2023-07-01,Net Electricity Production,Wind,10108.643,GWh
Brazil,2023-07-01,Net Electricity Production,Solar,3942.2025,GWh
Brazil,2023-07-01,Net Electricity Production,"Total Renewables (Hydro, Geo, Solar, Wind, Other)",50745.9342,GWh
Peru,2023-07-01,Net Electricity Production,Electricity,5059.4475,GWh
Peru,2023-07-01,Net Electricity Production,Total Combustible Fuels,3077.2304,GWh
Peru,2023-07-01,Net Electricity Production,"Coal, Peat and Manufactured Gases",118.0568,GWh
Peru,2023-07-01,Net Electricity Production,Oil and Petroleum Products,125.7038,GWh
Peru,2023-07-01,Net Electricity Production,Natural Gas,2583.2236,GWh
Peru,2023-07-01,Net Electricity Production,Combustible Renewables,250.2461,GWh
Peru,2023-07-01,Net Electricity Production,Hydro,1725.0314,GWh
Peru,2023-07-01,Net Electricity Production,Wind,187.4007,GWh
Peru,2023-07-01,Net Electricity Production,Solar,69.7849,GWh
Peru,2023-07-01,Net Electricity Production,"Total Renewables (Hydro, Geo, Solar, Wind, Other)",2232.4632,GWh
Chile,2023-06-01,Net Electricity Production,Electricity,7580.6705,GWh
Chile,2023-06-01,Net Electricity Production,Total Combustible Fuels,3640.6707,GWh
Chile,2023-06-01,Net Electricity Production,"Coal, Peat and Manufactured Gases",1311.2499,GWh
Chile,2023-06-01,Net Electricity Production,Oil and Petroleum Products,36.6426,GWh
Chile,2023-06-01,Net Electricity Production,Natural Gas,1863.3349,GWh
Chile,2023-06-01,Net Electricity Production,Combustible Renewables,429.4433,GWh
Chile,2023-06-01,Net Electricity Production,Hydro,1889.2854,GWh
Chile,2023-06-01,Net Electricity Production,Wind,984.0758,GWh
Chile,2023-06-01,Net Electricity Production,Solar,1028.4223,GWh
Chile,2023-06-01,Net Electricity Production,Geothermal,38.2162,GWh
Chile,2023-06-01,Net Electricity Production,"Total Renewables (Hydro, Geo, Solar, Wind, Other)",4369.443,GWh
Chile,2023-06-01,Distribution Losses,Electricity,366.6658,GWh
Chile,2023-06-01,Final Consumption (Calculated),Electricity,7214.0047,GWh
Colombia,2023-06-01,Net Electricity Production,Electricity,6934.7432,GWh
Colombia,2023-06-01,Net Electricity Production,Total Combustible Fuels,2301.7541,GWh
Colombia,2023-06-01,Net Electricity Production,"Coal, Peat and Manufactured Gases",720.421,GWh
Colombia,2023-06-01,Net Electricity Production,Oil and Petroleum Products,229.2191,GWh
Colombia,2023-06-01,Net Electricity Production,Natural Gas,1170.7013,GWh
Colombia,2023-06-01,Net Electricity Production,Combustible Renewables,181.4127,GWh
Colombia,2023-06-01,Net Electricity Production,Hydro,4586.7461,GWh
Colombia,2023-06-01,Net Electricity Production,Wind,4.5463,GWh
Colombia,2023-06-01,Net Electricity Production,Solar,41.6967,GWh
Colombia,2023-06-01,Net Electricity Production,"Total Renewables (Hydro, Geo, Solar, Wind, Other)",4814.4018,GWh
Colombia,2023-06-01,Total Imports,Electricity,402.3352,GWh
Colombia,2023-06-01,Total Exports,Electricity,0.1033,GWh
Colombia,2023-06-01,Distribution Losses,Electricity,391.1778,GWh
Colombia,2023-06-01,Final Consumption (Calculated),Electricity,6945.7973,GWh
Costa Rica,2023-06-01,Remarks,Data is estimated for this month,,GWh
Costa Rica,2023-06-01,Net Electricity Production,Electricity,934.6297,GWh
Costa Rica,2023-06-01,Net Electricity Production,Total Combustible Fuels,3.6375,GWh
Costa Rica,2023-06-01,Net Electricity Production,Oil and Petroleum Products,2.0584,GWh
Costa Rica,2023-06-01,Net Electricity Production,Combustible Renewables,1.5791,GWh
Costa Rica,2023-06-01,Net Electricity Production,Hydro,715.6222,GWh
Costa Rica,2023-06-01,Net Electricity Production,Wind,71.3079,GWh
Costa Rica,2023-06-01,Net Electricity Production,Solar,5.6087,GWh
Costa Rica,2023-06-01,Net Electricity Production,Geothermal,138.4534,GWh
Costa Rica,2023-06-01,Net Electricity Production,"Total Renewables (Hydro, Geo, Solar, Wind, Other)",932.5713,GWh
Costa Rica,2023-06-01,Total Imports,Electricity,0.0,GWh
Costa Rica,2023-06-01,Total Exports,Electricity,0.0,GWh
Costa Rica,2023-06-01,Distribution Losses,Electricity,0.0,GWh
Costa Rica,2023-06-01,Final Consumption (Calculated),Electricity,934.6297,GWh
Mexico,2023-06-01,Net Electricity Production,Electricity,38472.7061,GWh
Mexico,2023-06-01,Net Electricity Production,Nuclear,1091.2902,GWh
Mexico,2023-06-01,Net Electricity Production,Total Combustible Fuels,31784.6215,GWh
Mexico,2023-06-01,Net Electricity Production,"Coal, Peat and Manufactured Gases",2723.0815,GWh
Mexico,2023-06-01,Net Electricity Production,Oil and Petroleum Products,5553.6967,GWh
Mexico,2023-06-01,Net Electricity Production,Natural Gas,23342.511,GWh
Mexico,2023-06-01,Net Electricity Production,Combustible Renewables,44.215,GWh
Mexico,2023-06-01,Net Electricity Production,Other Combustible Non-Renewables,121.1173,GWh
Mexico,2023-06-01,Net Electricity Production,Hydro,1969.8373,GWh
Mexico,2023-06-01,Net Electricity Production,Wind,1487.5676,GWh
Mexico,2023-06-01,Net Electricity Production,Solar,1633.6171,GWh
Mexico,2023-06-01,Net Electricity Production,Geothermal,341.0225,GWh
Mexico,2023-06-01,Net Electricity Production,Not Specified,164.75,GWh
Mexico,2023-06-01,Net Electricity Production,"Total Renewables (Hydro, Geo, Solar, Wind, Other)",5476.2594,GWh
Mexico,2023-06-01,Total Imports,Electricity,588.1708,GWh
Mexico,2023-06-01,Total Exports,Electricity,208.8127,GWh
Mexico,2023-06-01,Distribution Losses,Electricity,3712.4961,GWh
Mexico,2023-06-01,Final Consumption (Calculated),Electricity,35139.5681,GWh
Argentina,2023-06-01,Net Electricity Production,Electricity,11776.6971,GWh
Argentina,2023-06-01,Net Electricity Production,Nuclear,684.3964,GWh
Argentina,2023-06-01,Net Electricity Production,Total Combustible Fuels,8520.9908,GWh
Argentina,2023-06-01,Net Electricity Production,"Coal, Peat and Manufactured Gases",106.1589,GWh
Argentina,2023-06-01,Net Electricity Production,Oil and Petroleum Products,2379.1735,GWh
Argentina,2023-06-01,Net Electricity Production,Natural Gas,5862.4824,GWh
Argentina,2023-06-01,Net Electricity Production,Combustible Renewables,173.176,GWh
Argentina,2023-06-01,Net Electricity Production,Hydro,1160.0628,GWh
Argentina,2023-06-01,Net Electricity Production,Wind,1233.7988,GWh
Argentina,2023-06-01,Net Electricity Production,Solar,177.4483,GWh
Argentina,2023-06-01,Net Electricity Production,"Total Renewables (Hydro, Geo, Solar, Wind, Other)",2744.486,GWh
Brazil,2023-06-01,Net Electricity Production,Electricity,54821.4639,GWh
Brazil,2023-06-01,Net Electricity Production,Nuclear,1363.0797,GWh
Brazil,2023-06-01,Net Electricity Production,Total Combustible Fuels,11555.8515,GWh
Brazil,2023-06-01,Net Electricity Production,"Coal, Peat and Manufactured Gases",1393.3234,GWh
Brazil,2023-06-01,Net Electricity Production,Oil and Petroleum Products,487.1253,GWh
Brazil,2023-06-01,Net Electricity Production,Natural Gas,3447.6707,GWh
Brazil,2023-06-01,Net Electricity Production,Combustible Renewables,6087.7992,GWh
Brazil,2023-06-01,Net Electricity Production,Other Combustible Non-Renewables,139.9328,GWh
Brazil,2023-06-01,Net Electricity Production,Hydro,29828.2984,GWh
Brazil,2023-06-01,Net Electricity Production,Wind,8721.4928,GWh
Brazil,2023-06-01,Net Electricity Production,Solar,3352.7414,GWh
Brazil,2023-06-01,Net Electricity Production,"Total Renewables (Hydro, Geo, Solar, Wind, Other)",47990.3319,GWh
Peru,2023-06-01,Net Electricity Production,Electricity,5020.997,GWh
Peru,2023-06-01,Net Electricity Production,Total Combustible Fuels,2963.5857,GWh
Peru,2023-06-01,Net Electricity Production,"Coal, Peat and Manufactured Gases",51.4596,GWh
Peru,2023-06-01,Net Electricity Production,Oil and Petroleum Products,54.7929,GWh
Peru,2023-06-01,Net Electricity Production,Natural Gas,2748.2537,GWh
Peru,2023-06-01,Net Electricity Production,Combustible Renewables,109.0795,GWh
Peru,2023-06-01,Net Electricity Production,Hydro,1799.0182,GWh
Peru,2023-06-01,Net Electricity Production,Wind,197.0029,GWh
Peru,2023-06-01,Net Electricity Production,Solar,61.3901,GWh
Peru,2023-06-01,Net Electricity Production,"Total Renewables (Hydro, Geo, Solar, Wind, Other)",2166.4908,GWh
Chile,2023-05-01,Net Electricity Production,Electricity,7566.6412,GWh
Chile,2023-05-01,Net Electricity Production,Total Combustible Fuels,4172.7279,GWh
Chile,2023-05-01,Net Electricity Production,"Coal, Peat and Manufactured Gases",1548.5331,GWh
Chile,2023-05-01,Net Electricity Production,Oil and Petroleum Products,70.4054,GWh
Chile,2023-05-01,Net Electricity Production,Natural Gas,2074.347,GWh
Chile,2023-05-01,Net Electricity Production,Combustible Renewables,479.4424,GWh
Chile,2023-05-01,Net Electricity Production,Hydro,1263.6584,GWh
Chile,2023-05-01,Net Electricity Production,Wind,893.032,GWh
Chile,2023-05-01,Net Electricity Production,Solar,1203.0967,GWh
Chile,2023-05-01,Net Electricity Production,Geothermal,34.1262,GWh
Chile,2023-05-01,Net Electricity Production,"Total Renewables (Hydro, Geo, Solar, Wind, Other)",3873.3558,GWh
Chile,2023-05-01,Distribution Losses,Electricity,367.5929,GWh
Chile,2023-05-01,Final Consumption (Calculated),Electricity,7199.0484,GWh
Colombia,2023-05-01,Net Electricity Production,Electricity,7280.4079,GWh
Colombia,2023-05-01,Net Electricity Production,Total Combustible Fuels,2549.0925,GWh
Colombia,2023-05-01,Net Electricity Production,"Coal, Peat and Manufactured Gases",925.6311,GWh
Colombia,2023-05-01,Net Electricity Production,Oil and Petroleum Products,232.2736,GWh
Colombia,2023-05-01,Net Electricity Production,Natural Gas,1209.7745,GWh
Colombia,2023-05-01,Net Electricity Production,Combustible Renewables,181.4133,GWh
Colombia,2023-05-01,Net Electricity Production,Hydro,4686.9234,GWh
Colombia,2023-05-01,Net Electricity Production,Wind,4.8738,GWh
Colombia,2023-05-01,Net Electricity Production,Solar,39.5183,GWh
Colombia,2023-05-01,Net Electricity Production,"Total Renewables (Hydro, Geo, Solar, Wind, Other)",4912.7287,GWh
Colombia,2023-05-01,Total Imports,Electricity,37.6912,GWh
Colombia,2023-05-01,Total Exports,Electricity,1.3096,GWh
Colombia,2023-05-01,Distribution Losses,Electricity,402.064,GWh
Colombia,2023-05-01,Final Consumption (Calculated),Electricity,6914.7255,GWh
Costa Rica,2023-05-01,Remarks,Data is estimated for this month,,GWh
Costa Rica,2023-05-01,Net Electricity Production,Electricity,878.7605,GWh
Costa Rica,2023-05-01,Net Electricity Production,Total Combustible Fuels,6.6137,GWh
Costa Rica,2023-05-01,Net Electricity Production,Oil and Petroleum Products,4.9432,GWh
Costa Rica,2023-05-01,Net Electricity Production,Combustible Renewables,1.6705,GWh
Costa Rica,2023-05-01,Net Electricity Production,Hydro,583.6993,GWh
Costa Rica,2023-05-01,Net Electricity Production,Wind,136.7213,GWh
Costa Rica,2023-05-01,Net Electricity Production,Solar,6.4254,GWh
Costa Rica,2023-05-01,Net Electricity Production,Geothermal,145.3009,GWh
Costa Rica,2023-05-01,Net Electricity Production,"Total Renewables (Hydro, Geo, Solar, Wind, Other)",873.8173,GWh
Costa Rica,2023-05-01,Total Imports,Electricity,0.0,GWh
Costa Rica,2023-05-01,Total Exports,Electricity,0.0,GWh
Costa Rica,2023-05-01,Distribution Losses,Electricity,0.0,GWh
Costa Rica,2023-05-01,Final Consumption (Calculated),Electricity,878.7605,GWh
Mexico,2023-05-01,Net Electricity Production,Electricity,31835.289,GWh
Mexico,2023-05-01,Net Electricity Production,Nuclear,1095.9288,GWh
Mexico,2023-05-01,Net Electricity Production,Total Combustible Fuels,25426.0565,GWh
Mexico,2023-05-01,Net Electricity Production,"Coal, Peat and Manufactured Gases",2386.8849,GWh
Mexico,2023-05-01,Net Electricity Production,Oil and Petroleum Products,4348.0609,GWh
Mexico,2023-05-01,Net Electricity Production,Natural Gas,18275.1531,GWh
Mexico,2023-05-01,Net Electricity Production,Combustible Renewables,321.1333,GWh
Mexico,2023-05-01,Net Electricity Production,Other Combustible Non-Renewables,94.8243,GWh
Mexico,2023-05-01,Net Electricity Production,Hydro,1683.9517,GWh
Mexico,2023-05-01,Net Electricity Production,Wind,1612.2607,GWh
Mexico,2023-05-01,Net Electricity Production,Solar,1455.5097,GWh
Mexico,2023-05-01,Net Electricity Production,Geothermal,396.8317,GWh
Mexico,2023-05-01,Net Electricity Production,Not Specified,164.75,GWh
Mexico,2023-05-01,Net Electricity Production,"Total Renewables (Hydro, Geo, Solar, Wind, Other)",5469.687,GWh
Mexico,2023-05-01,Total Imports,Electricity,487.6364,GWh
Mexico,2023-05-01,Total Exports,Electricity,215.883,GWh
Mexico,2023-05-01,Distribution Losses,Electricity,3082.3328,GWh
Mexico,2023-05-01,Final Consumption (Calculated),Electricity,29024.7096,GWh
Argentina,2023-05-01,Net Electricity Production,Electricity,10040.8243,GWh
Argentina,2023-05-01,Net Electricity Production,Nuclear,683.5217,GWh
Argentina,2023-05-01,Net Electricity Production,Total Combustible Fuels,7032.821,GWh
Argentina,2023-05-01,Net Electricity Production,"Coal, Peat and Manufactured Gases",27.3958,GWh
Argentina,2023-05-01,Net Electricity Production,Oil and Petroleum Products,356.7209,GWh
Argentina,2023-05-01,Net Electricity Production,Natural Gas,6475.2131,GWh
Argentina,2023-05-01,Net Electricity Production,Combustible Renewables,173.4911,GWh
Argentina,2023-05-01,Net Electricity Production,Hydro,992.9171,GWh
Argentina,2023-05-01,Net Electricity Production,Wind,1151.6208,GWh
Argentina,2023-05-01,Net Electricity Production,Solar,179.9437,GWh
Argentina,2023-05-01,Net Electricity Production,"Total Renewables (Hydro, Geo, Solar, Wind, Other)",2497.9727,GWh
Brazil,2023-05-01,Net Electricity Production,Electricity,56544.3633,GWh
Brazil,2023-05-01,Net Electricity Production,Nuclear,1407.0034,GWh
Brazil,2023-05-01,Net Electricity Production,Total Combustible Fuels,9889.8664,GWh
Brazil,2023-05-01,Net Electricity Production,"Coal, Peat and Manufactured Gases",965.6089,GWh
Brazil,2023-05-01,Net Electricity Production,Oil and Petroleum Products,544.3452,GWh
Brazil,2023-05-01,Net Electricity Production,Natural Gas,1815.3929,GWh
Brazil,2023-05-01,Net Electricity Production,Combustible Renewables,6424.5867,GWh
Brazil,2023-05-01,Net Electricity Production,Other Combustible Non-Renewables,139.9328,GWh
Brazil,2023-05-01,Net Electricity Production,Hydro,34543.8097,GWh
Brazil,2023-05-01,Net Electricity Production,Wind,7075.9009,GWh
Brazil,2023-05-01,Net Electricity Production,Solar,3627.7829,GWh
Brazil,2023-05-01,Net Electricity Production,"Total Renewables (Hydro, Geo, Solar, Wind, Other)",51672.0801,GWh
Peru,2023-05-01,Net Electricity Production,Electricity,5120.6497,GWh
Peru,2023-05-01,Net Electricity Production,Total Combustible Fuels,2328.8604,GWh
Peru,2023-05-01,Net Electricity Production,"Coal, Peat and Manufactured Gases",28.2178,GWh
Peru,2023-05-01,Net Electricity Production,Oil and Petroleum Products,30.0456,GWh
Peru,2023-05-01,Net Electricity Production,Natural Gas,2210.7836,GWh
Peru,2023-05-01,Net Electricity Production,Combustible Renewables,59.8135,GWh
Peru,2023-05-01,Net Electricity Production,Hydro,2509.9957,GWh
Peru,2023-05-01,Net Electricity Production,Wind,223.2262,GWh
Peru,2023-05-01,Net Electricity Production,Solar,58.5674,GWh
Peru,2023-05-01,Net Electricity Production,"Total Renewables (Hydro, Geo, Solar, Wind, Other)",2851.6028,GWh
Chile,2023-04-01,Net Electricity Production,Electricity,7399.7964,GWh
Chile,2023-04-01,Net Electricity Production,Total Combustible Fuels,4172.8277,GWh
Chile,2023-04-01,Net Electricity Production,"Coal, Peat and Manufactured Gases",1494.1281,GWh
Chile,2023-04-01,Net Electricity Production,Oil and Petroleum Products,59.3583,GWh
Chile,2023-04-01,Net Electricity Production,Natural Gas,2118.5333,GWh
Chile,2023-04-01,Net Electricity Production,Combustible Renewables,500.8079,GWh
Chile,2023-04-01,Net Electricity Production,Hydro,1136.1599,GWh
Chile,2023-04-01,Net Electricity Production,Wind,707.698,GWh
Chile,2023-04-01,Net Electricity Production,Solar,1349.6738,GWh
Chile,2023-04-01,Net Electricity Production,Geothermal,33.4369,GWh
Chile,2023-04-01,Net Electricity Production,"Total Renewables (Hydro, Geo, Solar, Wind, Other)",3727.7767,GWh
Chile,2023-04-01,Distribution Losses,Electricity,360.1157,GWh
Chile,2023-04-01,Final Consumption (Calculated),Electricity,7039.6807,GWh
Colombia,2023-04-01,Net Electricity Production,Electricity,6688.3371,GWh
Colombia,2023-04-01,Net Electricity Production,Total Combustible Fuels,1603.2153,GWh
Colombia,2023-04-01,Net Electricity Production,"Coal, Peat and Manufactured Gases",270.526,GWh
Colombia,2023-04-01,Net Electricity Production,Oil and Petroleum Products,231.1911,GWh
Colombia,2023-04-01,Net Electricity Production,Natural Gas,920.0854,GWh
Colombia,2023-04-01,Net Electricity Production,Combustible Renewables,181.4128,GWh
Colombia,2023-04-01,Net Electricity Production,Hydro,5040.4174,GWh
Colombia,2023-04-01,Net Electricity Production,Wind,4.9404,GWh
Colombia,2023-04-01,Net Electricity Production,Solar,39.7639,GWh
Colombia,2023-04-01,Net Electricity Production,"Total Renewables (Hydro, Geo, Solar, Wind, Other)",5266.5347,GWh
Colombia,2023-04-01,Total Imports,Electricity,77.5494,GWh
Colombia,2023-04-01,Total Exports,Electricity,0.5343,GWh
Colombia,2023-04-01,Distribution Losses,Electricity,378.665,GWh
Colombia,2023-04-01,Final Consumption (Calculated),Electricity,6386.6872,GWh
Costa Rica,2023-04-01,Remarks,Data is estimated for this month,,GWh
Costa Rica,2023-04-01,Net Electricity Production,Electricity,911.5685,GWh
Costa Rica,2023-04-01,Net Electricity Production,Total Combustible Fuels,8.9124,GWh
Costa Rica,2023-04-01,Net Electricity Production,Oil and Petroleum Products,1.5319,GWh
Costa Rica,2023-04-01,Net Electricity Production,Combustible Renewables,7.3805,GWh
Costa Rica,2023-04-01,Net Electricity Production,Hydro,596.2558,GWh
Costa Rica,2023-04-01,Net Electricity Production,Wind,157.4577,GWh
Costa Rica,2023-04-01,Net Electricity Production,Solar,5.9291,GWh
Costa Rica,2023-04-01,Net Electricity Production,Geothermal,143.0135,GWh
Costa Rica,2023-04-01,Net Electricity Production,"Total Renewables (Hydro, Geo, Solar, Wind, Other)",910.0366,GWh
Costa Rica,2023-04-01,Total Imports,Electricity,0.0,GWh
Costa Rica,2023-04-01,Total Exports,Electricity,0.0,GWh
Costa Rica,2023-04-01,Distribution Losses,Electricity,0.0,GWh
Costa Rica,2023-04-01,Final Consumption (Calculated),Electricity,911.5685,GWh
Mexico,2023-04-01,Net Electricity Production,Electricity,31835.289,GWh
Mexico,2023-04-01,Net Electricity Production,Nuclear,1095.9288,GWh
Mexico,2023-04-01,Net Electricity Production,Total Combustible Fuels,25426.0565,GWh
Mexico,2023-04-01,Net Electricity Production,"Coal, Peat and Manufactured Gases",2386.8849,GWh
Mexico,2023-04-01,Net Electricity Production,Oil and Petroleum Products,4348.0609,GWh
Mexico,2023-04-01,Net Electricity Production,Natural Gas,18275.1531,GWh
Mexico,2023-04-01,Net Electricity Production,Combustible Renewables,321.1333,GWh
Mexico,2023-04-01,Net Electricity Production,Other Combustible Non-Renewables,94.8243,GWh
Mexico,2023-04-01,Net Electricity Production,Hydro,1683.9517,GWh
Mexico,2023-04-01,Net Electricity Production,Wind,1612.2607,GWh
Mexico,2023-04-01,Net Electricity Production,Solar,1455.5097,GWh
Mexico,2023-04-01,Net Electricity Production,Geothermal,396.8317,GWh
Mexico,2023-04-01,Net Electricity Production,Not Specified,164.75,GWh
Mexico,2023-04-01,Net Electricity Production,"Total Renewables (Hydro, Geo, Solar, Wind, Other)",5469.687,GWh
Mexico,2023-04-01,Total Imports,Electricity,471.9062,GWh
Mexico,2023-04-01,Total Exports,Electricity,208.919,GWh
Mexico,2023-04-01,Distribution Losses,Electricity,3082.7894,GWh
Mexico,2023-04-01,Final Consumption (Calculated),Electricity,29015.4868,GWh
Argentina,2023-04-01,Net Electricity Production,Electricity,8722.6379,GWh
Argentina,2023-04-01,Net Electricity Production,Nuclear,673.2674,GWh
Argentina,2023-04-01,Net Electricity Production,Total Combustible Fuels,5692.9626,GWh
Argentina,2023-04-01,Net Electricity Production,"Coal, Peat and Manufactured Gases",128.9888,GWh
Argentina,2023-04-01,Net Electricity Production,Oil and Petroleum Products,661.1745,GWh
Argentina,2023-04-01,Net Electricity Production,Natural Gas,4741.9122,GWh
Argentina,2023-04-01,Net Electricity Production,Combustible Renewables,160.8871,GWh
Argentina,2023-04-01,Net Electricity Production,Hydro,1062.8419,GWh
Argentina,2023-04-01,Net Electricity Production,Wind,1057.2532,GWh
Argentina,2023-04-01,Net Electricity Production,Solar,236.3128,GWh
Argentina,2023-04-01,Net Electricity Production,"Total Renewables (Hydro, Geo, Solar, Wind, Other)",2517.2951,GWh
Brazil,2023-04-01,Net Electricity Production,Electricity,54499.7416,GWh
Brazil,2023-04-01,Net Electricity Production,Nuclear,1306.0105,GWh
Brazil,2023-04-01,Net Electricity Production,Total Combustible Fuels,7612.486,GWh
Brazil,2023-04-01,Net Electricity Production,"Coal, Peat and Manufactured Gases",1110.5019,GWh
Brazil,2023-04-01,Net Electricity Production,Oil and Petroleum Products,466.7292,GWh
Brazil,2023-04-01,Net Electricity Production,Natural Gas,2428.0305,GWh
Brazil,2023-04-01,Net Electricity Production,Combustible Renewables,3467.2917,GWh
Brazil,2023-04-01,Net Electricity Production,Other Combustible Non-Renewables,139.9328,GWh
Brazil,2023-04-01,Net Electricity Production,Hydro,37200.7215,GWh
Brazil,2023-04-01,Net Electricity Production,Wind,4997.2533,GWh
Brazil,2023-04-01,Net Electricity Production,Solar,3383.2702,GWh
Brazil,2023-04-01,Net Electricity Production,"Total Renewables (Hydro, Geo, Solar, Wind, Other)",49048.5367,GWh
Peru,2023-04-01,Net Electricity Production,Electricity,5033.2882,GWh
Peru,2023-04-01,Net Electricity Production,Total Combustible Fuels,1783.7998,GWh
Peru,2023-04-01,Net Electricity Production,"Coal, Peat and Manufactured Gases",20.1881,GWh
Peru,2023-04-01,Net Electricity Production,Oil and Petroleum Products,21.4958,GWh
Peru,2023-04-01,Net Electricity Production,Natural Gas,1699.3228,GWh
Peru,2023-04-01,Net Electricity Production,Combustible Renewables,42.793,GWh
Peru,2023-04-01,Net Electricity Production,Hydro,2989.9243,GWh
Peru,2023-04-01,Net Electricity Production,Wind,195.093,GWh
Peru,2023-04-01,Net Electricity Production,Solar,64.4711,GWh
Peru,2023-04-01,Net Electricity Production,"Total Renewables (Hydro, Geo, Solar, Wind, Other)",3292.2814,GWh
Chile,2023-03-01,Net Electricity Production,Electricity,7763.5385,GWh
Chile,2023-03-01,Net Electricity Production,Total Combustible Fuels,3954.5608,GWh
Chile,2023-03-01,Net Electricity Production,"Coal, Peat and Manufactured Gases",1341.4977,GWh
Chile,2023-03-01,Net Electricity Production,Oil and Petroleum Products,72.6768,GWh
Chile,2023-03-01,Net Electricity Production,Natural Gas,2077.258,GWh
Chile,2023-03-01,Net Electricity Production,Combustible Renewables,463.1283,GWh
Chile,2023-03-01,Net Electricity Production,Hydro,1460.7207,GWh
Chile,2023-03-01,Net Electricity Production,Wind,750.0468,GWh
Chile,2023-03-01,Net Electricity Production,Solar,1563.8683,GWh
Chile,2023-03-01,Net Electricity Production,Geothermal,34.342,GWh
Chile,2023-03-01,Net Electricity Production,"Total Renewables (Hydro, Geo, Solar, Wind, Other)",4272.1061,GWh
Chile,2023-03-01,Distribution Losses,Electricity,378.1631,GWh
Chile,2023-03-01,Final Consumption (Calculated),Electricity,7385.3754,GWh
Colombia,2023-03-01,Net Electricity Production,Electricity,6983.2886,GWh
Colombia,2023-03-01,Net Electricity Production,Total Combustible Fuels,1806.3189,GWh
Colombia,2023-03-01,Net Electricity Production,"Coal, Peat and Manufactured Gases",361.7142,GWh
Colombia,2023-03-01,Net Electricity Production,Oil and Petroleum Products,229.7081,GWh
Colombia,2023-03-01,Net Electricity Production,Natural Gas,1033.4838,GWh
Colombia,2023-03-01,Net Electricity Production,Combustible Renewables,181.4127,GWh
Colombia,2023-03-01,Net Electricity Production,Hydro,5132.6611,GWh
Colombia,2023-03-01,Net Electricity Production,Wind,6.4789,GWh
Colombia,2023-03-01,Net Electricity Production,Solar,37.8296,GWh
Colombia,2023-03-01,Net Electricity Production,"Total Renewables (Hydro, Geo, Solar, Wind, Other)",5358.3824,GWh
Colombia,2023-03-01,Total Imports,Electricity,58.5849,GWh
Colombia,2023-03-01,Total Exports,Electricity,13.9631,GWh
Colombia,2023-03-01,Distribution Losses,Electricity,394.3881,GWh
Colombia,2023-03-01,Final Consumption (Calculated),Electricity,6633.5223,GWh
Costa Rica,2023-03-01,Remarks,Data is estimated for this month,,GWh
Costa Rica,2023-03-01,Net Electricity Production,Electricity,962.558,GWh
Costa Rica,2023-03-01,Net Electricity Production,Total Combustible Fuels,22.4958,GWh
Costa Rica,2023-03-01,Net Electricity Production,Oil and Petroleum Products,0.3848,GWh
Costa Rica,2023-03-01,Net Electricity Production,Combustible Renewables,22.1109,GWh
Costa Rica,2023-03-01,Net Electricity Production,Hydro,605.724,GWh
Costa Rica,2023-03-01,Net Electricity Production,Wind,176.2014,GWh
Costa Rica,2023-03-01,Net Electricity Production,Solar,10.471,GWh
Costa Rica,2023-03-01,Net Electricity Production,Geothermal,147.6658,GWh
Costa Rica,2023-03-01,Net Electricity Production,"Total Renewables (Hydro, Geo, Solar, Wind, Other)",962.1732,GWh
Costa Rica,2023-03-01,Total Imports,Electricity,0.0,GWh
Costa Rica,2023-03-01,Total Exports,Electricity,0.0,GWh
Costa Rica,2023-03-01,Distribution Losses,Electricity,0.0,GWh
Costa Rica,2023-03-01,Final Consumption (Calculated),Electricity,962.558,GWh
Mexico,2023-03-01,Net Electricity Production,Electricity,32517.5819,GWh
Mexico,2023-03-01,Net Electricity Production,Nuclear,1144.1802,GWh
Mexico,2023-03-01,Net Electricity Production,Total Combustible Fuels,26086.9451,GWh
Mexico,2023-03-01,Net Electricity Production,"Coal, Peat and Manufactured Gases",2567.7435,GWh
Mexico,2023-03-01,Net Electricity Production,Oil and Petroleum Products,4423.6832,GWh
Mexico,2023-03-01,Net Electricity Production,Natural Gas,18592.9984,GWh
Mexico,2023-03-01,Net Electricity Production,Combustible Renewables,406.0465,GWh
Mexico,2023-03-01,Net Electricity Production,Other Combustible Non-Renewables,96.4735,GWh
Mexico,2023-03-01,Net Electricity Production,Hydro,1434.0134,GWh
Mexico,2023-03-01,Net Electricity Production,Wind,1842.6034,GWh
Mexico,2023-03-01,Net Electricity Production,Solar,1445.078,GWh
Mexico,2023-03-01,Net Electricity Production,Geothermal,400.0116,GWh
Mexico,2023-03-01,Net Electricity Production,Not Specified,164.75,GWh
Mexico,2023-03-01,Net Electricity Production,"Total Renewables (Hydro, Geo, Solar, Wind, Other)",5527.753,GWh
Mexico,2023-03-01,Total Imports,Electricity,487.6364,GWh
Mexico,2023-03-01,Total Exports,Electricity,215.883,GWh
Mexico,2023-03-01,Distribution Losses,Electricity,3141.0952,GWh
Mexico,2023-03-01,Final Consumption (Calculated),Electricity,29648.2401,GWh
Argentina,2023-03-01,Net Electricity Production,Electricity,13018.0789,GWh
Argentina,2023-03-01,Net Electricity Production,Nuclear,637.7794,GWh
Argentina,2023-03-01,Net Electricity Production,Total Combustible Fuels,9365.2938,GWh
Argentina,2023-03-01,Net Electricity Production,"Coal, Peat and Manufactured Gases",226.9289,GWh
Argentina,2023-03-01,Net Electricity Production,Oil and Petroleum Products,2525.7392,GWh
Argentina,2023-03-01,Net Electricity Production,Natural Gas,6458.5966,GWh
Argentina,2023-03-01,Net Electricity Production,Combustible Renewables,154.029,GWh
Argentina,2023-03-01,Net Electricity Production,Hydro,1658.2386,GWh
Argentina,2023-03-01,Net Electricity Production,Wind,1089.1382,GWh
Argentina,2023-03-01,Net Electricity Production,Solar,267.6289,GWh
Argentina,2023-03-01,Net Electricity Production,"Total Renewables (Hydro, Geo, Solar, Wind, Other)",3169.0348,GWh
Brazil,2023-03-01,Net Electricity Production,Electricity,58887.7089,GWh
Brazil,2023-03-01,Net Electricity Production,Nuclear,1202.8617,GWh
Brazil,2023-03-01,Net Electricity Production,Total Combustible Fuels,5785.6727,GWh
Brazil,2023-03-01,Net Electricity Production,"Coal, Peat and Manufactured Gases",1293.1814,GWh
Brazil,2023-03-01,Net Electricity Production,Oil and Petroleum Products,537.1025,GWh
Brazil,2023-03-01,Net Electricity Production,Natural Gas,1915.3309,GWh
Brazil,2023-03-01,Net Electricity Production,Combustible Renewables,1900.1251,GWh
Brazil,2023-03-01,Net Electricity Production,Other Combustible Non-Renewables,139.9328,GWh
Brazil,2023-03-01,Net Electricity Production,Hydro,42108.5756,GWh
Brazil,2023-03-01,Net Electricity Production,Wind,6252.4173,GWh
Brazil,2023-03-01,Net Electricity Production,Solar,3538.1815,GWh
Brazil,2023-03-01,Net Electricity Production,"Total Renewables (Hydro, Geo, Solar, Wind, Other)",53799.2995,GWh
Peru,2023-03-01,Net Electricity Production,Electricity,5339.1375,GWh
Peru,2023-03-01,Net Electricity Production,Total Combustible Fuels,2251.462,GWh
Peru,2023-03-01,Net Electricity Production,"Coal, Peat and Manufactured Gases",23.6577,GWh
Peru,2023-03-01,Net Electricity Production,Oil and Petroleum Products,25.1901,GWh
Peru,2023-03-01,Net Electricity Production,Natural Gas,2152.4666,GWh
Peru,2023-03-01,Net Electricity Production,Combustible Renewables,50.1475,GWh
Peru,2023-03-01,Net Electricity Production,Hydro,2912.1203,GWh
Peru,2023-03-01,Net Electricity Production,Wind,115.8911,GWh
Peru,2023-03-01,Net Electricity Production,Solar,59.6642,GWh
Peru,2023-03-01,Net Electricity Production,"Total Renewables (Hydro, Geo, Solar, Wind, Other)",3137.8231,GWh
Chile,2023-02-01,Net Electricity Production,Electricity,7008.7416,GWh
Chile,2023-02-01,Net Electricity Production,Total Combustible Fuels,3133.5415,GWh
Chile,2023-02-01,Net Electricity Production,"Coal, Peat and Manufactured Gases",1089.9004,GWh
Chile,2023-02-01,Net Electricity Production,Oil and Petroleum Products,69.4438,GWh
Chile,2023-02-01,Net Electricity Production,Natural Gas,1577.3603,GWh
Chile,2023-02-01,Net Electricity Production,Combustible Renewables,396.837,GWh
Chile,2023-02-01,Net Electricity Production,Hydro,1609.4355,GWh
Chile,2023-02-01,Net Electricity Production,Wind,760.3736,GWh
Chile,2023-02-01,Net Electricity Production,Solar,1475.5293,GWh
Chile,2023-02-01,Net Electricity Production,Geothermal,29.8618,GWh
Chile,2023-02-01,Net Electricity Production,"Total Renewables (Hydro, Geo, Solar, Wind, Other)",4272.0372,GWh
Chile,2023-02-01,Distribution Losses,Electricity,339.8704,GWh
Chile,2023-02-01,Final Consumption (Calculated),Electricity,6668.8713,GWh
Colombia,2023-02-01,Net Electricity Production,Electricity,6709.8319,GWh
Colombia,2023-02-01,Net Electricity Production,Total Combustible Fuels,2270.1926,GWh
Colombia,2023-02-01,Net Electricity Production,"Coal, Peat and Manufactured Gases",769.4148,GWh
Colombia,2023-02-01,Net Electricity Production,Oil and Petroleum Products,231.3947,GWh
Colombia,2023-02-01,Net Electricity Production,Natural Gas,1087.9704,GWh
Colombia,2023-02-01,Net Electricity Production,Combustible Renewables,181.4127,GWh
Colombia,2023-02-01,Net Electricity Production,Hydro,4396.1319,GWh
Colombia,2023-02-01,Net Electricity Production,Wind,5.5443,GWh
Colombia,2023-02-01,Net Electricity Production,Solar,37.9631,GWh
Colombia,2023-02-01,Net Electricity Production,"Total Renewables (Hydro, Geo, Solar, Wind, Other)",4621.052,GWh
Colombia,2023-02-01,Total Imports,Electricity,0.1174,GWh
Colombia,2023-02-01,Total Exports,Electricity,159.1973,GWh
Colombia,2023-02-01,Distribution Losses,Electricity,355.0508,GWh
Colombia,2023-02-01,Final Consumption (Calculated),Electricity,6195.7012,GWh
Costa Rica,2023-02-01,Remarks,Data is estimated for this month,,GWh
Costa Rica,2023-02-01,Net Electricity Production,Electricity,931.1524,GWh
Costa Rica,2023-02-01,Net Electricity Production,Total Combustible Fuels,19.3364,GWh
Costa Rica,2023-02-01,Net Electricity Production,Oil and Petroleum Products,0.043,GWh
Costa Rica,2023-02-01,Net Electricity Production,Combustible Renewables,19.2935,GWh
Costa Rica,2023-02-01,Net Electricity Production,Hydro,557.9009,GWh
Costa Rica,2023-02-01,Net Electricity Production,Wind,210.534,GWh
Costa Rica,2023-02-01,Net Electricity Production,Solar,10.3602,GWh
Costa Rica,2023-02-01,Net Electricity Production,Geothermal,133.0209,GWh
Costa Rica,2023-02-01,Net Electricity Production,"Total Renewables (Hydro, Geo, Solar, Wind, Other)",931.1094,GWh
Costa Rica,2023-02-01,Total Imports,Electricity,0.0,GWh
Costa Rica,2023-02-01,Total Exports,Electricity,334.4127,GWh
Costa Rica,2023-02-01,Distribution Losses,Electricity,132.5533,GWh
Costa Rica,2023-02-01,Final Consumption (Calculated),Electricity,464.1863,GWh
Mexico,2023-02-01,Net Electricity Production,Electricity,27874.9778,GWh
Mexico,2023-02-01,Net Electricity Production,Nuclear,1046.9454,GWh
Mexico,2023-02-01,Net Electricity Production,Total Combustible Fuels,22141.0119,GWh
Mexico,2023-02-01,Net Electricity Production,"Coal, Peat and Manufactured Gases",1920.611,GWh
Mexico,2023-02-01,Net Electricity Production,Oil and Petroleum Products,3794.6264,GWh
Mexico,2023-02-01,Net Electricity Production,Natural Gas,15949.0357,GWh
Mexico,2023-02-01,Net Electricity Production,Combustible Renewables,393.984,GWh
Mexico,2023-02-01,Net Electricity Production,Other Combustible Non-Renewables,82.7548,GWh
Mexico,2023-02-01,Net Electricity Production,Hydro,1177.8887,GWh
Mexico,2023-02-01,Net Electricity Production,Wind,1888.4079,GWh
Mexico,2023-02-01,Net Electricity Production,Solar,1102.8372,GWh
Mexico,2023-02-01,Net Electricity Production,Geothermal,353.1367,GWh
Mexico,2023-02-01,Net Electricity Production,Not Specified,164.75,GWh
Mexico,2023-02-01,Net Electricity Production,"Total Renewables (Hydro, Geo, Solar, Wind, Other)",4916.2545,GWh
Mexico,2023-02-01,Total Imports,Electricity,440.4458,GWh
Mexico,2023-02-01,Total Exports,Electricity,194.9911,GWh
Mexico,2023-02-01,Distribution Losses,Electricity,2690.2294,GWh
Mexico,2023-02-01,Final Consumption (Calculated),Electricity,25430.2031,GWh
Argentina,2023-02-01,Net Electricity Production,Electricity,11115.6472,GWh
Argentina,2023-02-01,Net Electricity Production,Nuclear,625.0117,GWh
Argentina,2023-02-01,Net Electricity Production,Total Combustible Fuels,7892.2498,GWh
Argentina,2023-02-01,Net Electricity Production,"Coal, Peat and Manufactured Gases",132.6416,GWh
Argentina,2023-02-01,Net Electricity Production,Oil and Petroleum Products,1704.8158,GWh
Argentina,2023-02-01,Net Electricity Production,Natural Gas,5908.1776,GWh
Argentina,2023-02-01,Net Electricity Production,Combustible Renewables,146.6148,GWh
Argentina,2023-02-01,Net Electricity Production,Hydro,1255.5664,GWh
Argentina,2023-02-01,Net Electricity Production,Wind,1071.6114,GWh
Argentina,2023-02-01,Net Electricity Production,Solar,271.2079,GWh
Argentina,2023-02-01,Net Electricity Production,"Total Renewables (Hydro, Geo, Solar, Wind, Other)",2745.0006,GWh
Brazil,2023-02-01,Net Electricity Production,Electricity,53123.6813,GWh
Brazil,2023-02-01,Net Electricity Production,Nuclear,1092.8739,GWh
Brazil,2023-02-01,Net Electricity Production,Total Combustible Fuels,4454.1431,GWh
Brazil,2023-02-01,Net Electricity Production,"Coal, Peat and Manufactured Gases",679.3418,GWh
Brazil,2023-02-01,Net Electricity Production,Oil and Petroleum Products,495.025,GWh
Brazil,2023-02-01,Net Electricity Production,Natural Gas,1777.0426,GWh
Brazil,2023-02-01,Net Electricity Production,Combustible Renewables,1362.801,GWh
Brazil,2023-02-01,Net Electricity Production,Other Combustible Non-Renewables,139.9328,GWh
Brazil,2023-02-01,Net Electricity Production,Hydro,37522.799,GWh
Brazil,2023-02-01,Net Electricity Production,Wind,6640.7303,GWh
Brazil,2023-02-01,Net Electricity Production,Solar,3413.1349,GWh
Brazil,2023-02-01,Net Electricity Production,"Total Renewables (Hydro, Geo, Solar, Wind, Other)",48939.4652,GWh
Peru,2023-02-01,Net Electricity Production,Electricity,4715.4441,GWh
Peru,2023-02-01,Net Electricity Production,Total Combustible Fuels,1537.997,GWh
Peru,2023-02-01,Net Electricity Production,"Coal, Peat and Manufactured Gases",17.2764,GWh
Peru,2023-02-01,Net Electricity Production,Oil and Petroleum Products,18.3955,GWh
Peru,2023-02-01,Net Electricity Production,Natural Gas,1465.704,GWh
Peru,2023-02-01,Net Electricity Production,Combustible Renewables,36.621,GWh
Peru,2023-02-01,Net Electricity Production,Hydro,3017.2085,GWh
Peru,2023-02-01,Net Electricity Production,Wind,105.3567,GWh
Peru,2023-02-01,Net Electricity Production,Solar,54.8819,GWh
Peru,2023-02-01,Net Electricity Production,"Total Renewables (Hydro, Geo, Solar, Wind, Other)",3214.0682,GWh
Chile,2023-01-01,Net Electricity Production,Electricity,7589.9529,GWh
Chile,2023-01-01,Net Electricity Production,Total Combustible Fuels,3184.3043,GWh
Chile,2023-01-01,Net Electricity Production,"Coal, Peat and Manufactured Gases",1089.8822,GWh
Chile,2023-01-01,Net Electricity Production,Oil and Petroleum Products,63.1428,GWh
Chile,2023-01-01,Net Electricity Production,Natural Gas,1605.4692,GWh
Chile,2023-01-01,Net Electricity Production,Combustible Renewables,425.8101,GWh
Chile,2023-01-01,Net Electricity Production,Hydro,1838.3214,GWh
Chile,2023-01-01,Net Electricity Production,Wind,869.9977,GWh
Chile,2023-01-01,Net Electricity Production,Solar,1662.8712,GWh
Chile,2023-01-01,Net Electricity Production,Geothermal,34.4582,GWh
Chile,2023-01-01,Net Electricity Production,"Total Renewables (Hydro, Geo, Solar, Wind, Other)",4831.4587,GWh
Chile,2023-01-01,Distribution Losses,Electricity,369.5837,GWh
Chile,2023-01-01,Final Consumption (Calculated),Electricity,7220.3691,GWh
Colombia,2023-01-01,Net Electricity Production,Electricity,7082.3296,GWh
Colombia,2023-01-01,Net Electricity Production,Total Combustible Fuels,1930.7965,GWh
Colombia,2023-01-01,Net Electricity Production,"Coal, Peat and Manufactured Gases",502.3871,GWh
Colombia,2023-01-01,Net Electricity Production,Oil and Petroleum Products,226.3803,GWh
Colombia,2023-01-01,Net Electricity Production,Natural Gas,1020.6164,GWh
Colombia,2023-01-01,Net Electricity Production,Combustible Renewables,181.4127,GWh
Colombia,2023-01-01,Net Electricity Production,Hydro,5110.9457,GWh
Colombia,2023-01-01,Net Electricity Production,Wind,5.2309,GWh
Colombia,2023-01-01,Net Electricity Production,Solar,35.3565,GWh
Colombia,2023-01-01,Net Electricity Production,"Total Renewables (Hydro, Geo, Solar, Wind, Other)",5332.9458,GWh
Colombia,2023-01-01,Total Imports,Electricity,0.0,GWh
Colombia,2023-01-01,Total Exports,Electricity,236.7773,GWh
Colombia,2023-01-01,Distribution Losses,Electricity,379.6198,GWh
Colombia,2023-01-01,Final Consumption (Calculated),Electricity,6465.9326,GWh
Costa Rica,2023-01-01,Remarks,Data is estimated for this month,,GWh
Costa Rica,2023-01-01,Net Electricity Production,Electricity,1031.973,GWh
Costa Rica,2023-01-01,Net Electricity Production,Total Combustible Fuels,24.1273,GWh
Costa Rica,2023-01-01,Net Electricity Production,Oil and Petroleum Products,0.0258,GWh
Costa Rica,2023-01-01,Net Electricity Production,Combustible Renewables,24.1015,GWh
Costa Rica,2023-01-01,Net Electricity Production,Hydro,676.3267,GWh
Costa Rica,2023-01-01,Net Electricity Production,Wind,217.4855,GWh
Costa Rica,2023-01-01,Net Electricity Production,Solar,10.9752,GWh
Costa Rica,2023-01-01,Net Electricity Production,Geothermal,103.0583,GWh
Costa Rica,2023-01-01,Net Electricity Production,"Total Renewables (Hydro, Geo, Solar, Wind, Other)",1031.9472,GWh
Costa Rica,2023-01-01,Total Imports,Electricity,0.7805,GWh
Costa Rica,2023-01-01,Total Exports,Electricity,71.3951,GWh
Costa Rica,2023-01-01,Distribution Losses,Electricity,59.8904,GWh
Costa Rica,2023-01-01,Final Consumption (Calculated),Electricity,901.4679,GWh
Mexico,2023-01-01,Net Electricity Production,Electricity,29897.1387,GWh
Mexico,2023-01-01,Net Electricity Production,Nuclear,1138.2172,GWh
Mexico,2023-01-01,Net Electricity Production,Total Combustible Fuels,23850.3078,GWh
Mexico,2023-01-01,Net Electricity Production,"Coal, Peat and Manufactured Gases",2034.4351,GWh
Mexico,2023-01-01,Net Electricity Production,Oil and Petroleum Products,4093.2504,GWh
Mexico,2023-01-01,Net Electricity Production,Natural Gas,17204.1697,GWh
Mexico,2023-01-01,Net Electricity Production,Combustible Renewables,429.1853,GWh
Mexico,2023-01-01,Net Electricity Production,Other Combustible Non-Renewables,89.2673,GWh
Mexico,2023-01-01,Net Electricity Production,Hydro,1384.1004,GWh
Mexico,2023-01-01,Net Electricity Production,Wind,1917.1895,GWh
Mexico,2023-01-01,Net Electricity Production,Solar,1045.6492,GWh
Mexico,2023-01-01,Net Electricity Production,Geothermal,396.9246,GWh
Mexico,2023-01-01,Net Electricity Production,Not Specified,164.75,GWh
Mexico,2023-01-01,Net Electricity Production,"Total Renewables (Hydro, Geo, Solar, Wind, Other)",5173.049,GWh
Mexico,2023-01-01,Total Imports,Electricity,487.6364,GWh
Mexico,2023-01-01,Total Exports,Electricity,215.883,GWh
Mexico,2023-01-01,Distribution Losses,Electricity,2883.7024,GWh
Mexico,2023-01-01,Final Consumption (Calculated),Electricity,27285.1897,GWh
Argentina,2023-01-01,Net Electricity Production,Electricity,13130.8921,GWh
Argentina,2023-01-01,Net Electricity Production,Nuclear,636.1708,GWh
Argentina,2023-01-01,Net Electricity Production,Total Combustible Fuels,9726.2618,GWh
Argentina,2023-01-01,Net Electricity Production,"Coal, Peat and Manufactured Gases",206.0396,GWh
Argentina,2023-01-01,Net Electricity Production,Oil and Petroleum Products,2315.2739,GWh
Argentina,2023-01-01,Net Electricity Production,Natural Gas,7034.9789,GWh
Argentina,2023-01-01,Net Electricity Production,Combustible Renewables,169.9694,GWh
Argentina,2023-01-01,Net Electricity Production,Hydro,1329.4598,GWh
Argentina,2023-01-01,Net Electricity Production,Wind,1135.1832,GWh
Argentina,2023-01-01,Net Electricity Production,Solar,303.8165,GWh
Argentina,2023-01-01,Net Electricity Production,"Total Renewables (Hydro, Geo, Solar, Wind, Other)",2938.4289,GWh
Brazil,2023-01-01,Net Electricity Production,Electricity,56999.928,GWh
Brazil,2023-01-01,Net Electricity Production,Nuclear,1402.6409,GWh
Brazil,2023-01-01,Net Electricity Production,Total Combustible Fuels,5705.3696,GWh
Brazil,2023-01-01,Net Electricity Production,"Coal, Peat and Manufactured Gases",762.8723,GWh
Brazil,2023-01-01,Net Electricity Production,Oil and Petroleum Products,548.4091,GWh
Brazil,2023-01-01,Net Electricity Production,Natural Gas,2697.6927,GWh
Brazil,2023-01-01,Net Electricity Production,Combustible Renewables,1556.4628,GWh
Brazil,2023-01-01,Net Electricity Production,Other Combustible Non-Renewables,139.9328,GWh
Brazil,2023-01-01,Net Electricity Production,Hydro,40115.683,GWh
Brazil,2023-01-01,Net Electricity Production,Wind,6402.2682,GWh
Brazil,2023-01-01,Net Electricity Production,Solar,3373.9662,GWh
Brazil,2023-01-01,Net Electricity Production,"Total Renewables (Hydro, Geo, Solar, Wind, Other)",51448.3802,GWh
Peru,2023-01-01,Net Electricity Production,Electricity,5106.7467,GWh
Peru,2023-01-01,Net Electricity Production,Total Combustible Fuels,2004.1133,GWh
Peru,2023-01-01,Net Electricity Production,"Coal, Peat and Manufactured Gases",21.8081,GWh
Peru,2023-01-01,Net Electricity Production,Oil and Petroleum Products,23.2207,GWh
Peru,2023-01-01,Net Electricity Production,Natural Gas,1912.8575,GWh
Peru,2023-01-01,Net Electricity Production,Combustible Renewables,46.2269,GWh
Peru,2023-01-01,Net Electricity Production,Hydro,2882.2959,GWh
Peru,2023-01-01,Net Electricity Production,Wind,146.8223,GWh
Peru,2023-01-01,Net Electricity Production,Solar,73.5152,GWh
Peru,2023-01-01,Net Electricity Production,"Total Renewables (Hydro, Geo, Solar, Wind, Other)",3148.8604,GWh
Chile,2022-12-01,Net Electricity Production,Electricity,7799.1345,GWh
Chile,2022-12-01,Net Electricity Production,Total Combustible Fuels,2952.3989,GWh
Chile,2022-12-01,Net Electricity Production,"Coal, Peat and Manufactured Gases",1112.5694,GWh
Chile,2022-12-01,Net Electricity Production,Oil and Petroleum Products,52.4997,GWh
Chile,2022-12-01,Net Electricity Production,Natural Gas,1397.5746,GWh
Chile,2022-12-01,Net Electricity Production,Combustible Renewables,389.7551,GWh
Chile,2022-12-01,Net Electricity Production,Hydro,2381.3153,GWh
Chile,2022-12-01,Net Electricity Production,Wind,829.1387,GWh
Chile,2022-12-01,Net Electricity Production,Solar,1599.915,GWh
Chile,2022-12-01,Net Electricity Production,Geothermal,36.3667,GWh
Chile,2022-12-01,Net Electricity Production,"Total Renewables (Hydro, Geo, Solar, Wind, Other)",5236.4908,GWh
Chile,2022-12-01,Distribution Losses,Electricity,379.5604,GWh
Chile,2022-12-01,Final Consumption (Calculated),Electricity,7419.5741,GWh
Colombia,2022-12-01,Net Electricity Production,Electricity,7001.9089,GWh
Colombia,2022-12-01,Net Electricity Production,Total Combustible Fuels,1956.8801,GWh
Colombia,2022-12-01,Net Electricity Production,"Coal, Peat and Manufactured Gases",618.8845,GWh
Colombia,2022-12-01,Net Electricity Production,Oil and Petroleum Products,229.5077,GWh
Colombia,2022-12-01,Net Electricity Production,Natural Gas,925.1465,GWh
Colombia,2022-12-01,Net Electricity Production,Combustible Renewables,183.3415,GWh
Colombia,2022-12-01,Net Electricity Production,Hydro,5002.8311,GWh
Colombia,2022-12-01,Net Electricity Production,Wind,4.1108,GWh
Colombia,2022-12-01,Net Electricity Production,Solar,38.0869,GWh
Colombia,2022-12-01,Net Electricity Production,"Total Renewables (Hydro, Geo, Solar, Wind, Other)",5228.3703,GWh
Colombia,2022-12-01,Total Imports,Electricity,0.0331,GWh
Colombia,2022-12-01,Total Exports,Electricity,141.6036,GWh
Colombia,2022-12-01,Distribution Losses,Electricity,463.3395,GWh
Colombia,2022-12-01,Final Consumption (Calculated),Electricity,6396.9989,GWh
Costa Rica,2022-12-01,Net Electricity Production,Electricity,1048.5379,GWh
Costa Rica,2022-12-01,Net Electricity Production,Total Combustible Fuels,17.1746,GWh
Costa Rica,2022-12-01,Net Electricity Production,Oil and Petroleum Products,0.8507,GWh
Costa Rica,2022-12-01,Net Electricity Production,Combustible Renewables,16.3239,GWh
Costa Rica,2022-12-01,Net Electricity Production,Hydro,737.9965,GWh
Costa Rica,2022-12-01,Net Electricity Production,Wind,191.4253,GWh
Costa Rica,2022-12-01,Net Electricity Production,Solar,6.1428,GWh
Costa Rica,2022-12-01,Net Electricity Production,Geothermal,95.7987,GWh
Costa Rica,2022-12-01,Net Electricity Production,"Total Renewables (Hydro, Geo, Solar, Wind, Other)",1047.6872,GWh
Costa Rica,2022-12-01,Total Imports,Electricity,6.7247,GWh
Costa Rica,2022-12-01,Total Exports,Electricity,68.0039,GWh
Costa Rica,2022-12-01,Distribution Losses,Electricity,108.1587,GWh
Costa Rica,2022-12-01,Final Consumption (Calculated),Electricity,879.1,GWh
Mexico,2022-12-01,Net Electricity Production,Electricity,25111.2105,GWh
Mexico,2022-12-01,Net Electricity Production,Nuclear,1139.9408,GWh
Mexico,2022-12-01,Net Electricity Production,Total Combustible Fuels,18995.6919,GWh
Mexico,2022-12-01,Net Electricity Production,"Coal, Peat and Manufactured Gases",1344.3744,GWh
Mexico,2022-12-01,Net Electricity Production,Oil and Petroleum Products,3555.7518,GWh
Mexico,2022-12-01,Net Electricity Production,Natural Gas,13877.1086,GWh
Mexico,2022-12-01,Net Electricity Production,Combustible Renewables,205.8752,GWh
Mexico,2022-12-01,Net Electricity Production,Other Combustible Non-Renewables,12.5819,GWh
Mexico,2022-12-01,Net Electricity Production,Hydro,1858.9381,GWh
Mexico,2022-12-01,Net Electricity Production,Wind,1937.7388,GWh
Mexico,2022-12-01,Net Electricity Production,Solar,782.5663,GWh
Mexico,2022-12-01,Net Electricity Production,Geothermal,396.3345,GWh
Mexico,2022-12-01,Net Electricity Production,"Total Renewables (Hydro, Geo, Solar, Wind, Other)",5181.4529,GWh
Mexico,2022-12-01,Total Imports,Electricity,168.9529,GWh
Mexico,2022-12-01,Total Exports,Electricity,123.6851,GWh
Mexico,2022-12-01,Distribution Losses,Electricity,2944.3393,GWh
Mexico,2022-12-01,Final Consumption (Calculated),Electricity,22212.139,GWh
Argentina,2022-12-01,Net Electricity Production,Electricity,12111.5484,GWh
Argentina,2022-12-01,Net Electricity Production,Nuclear,395.4496,GWh
Argentina,2022-12-01,Net Electricity Production,Total Combustible Fuels,8039.4925,GWh
Argentina,2022-12-01,Net Electricity Production,"Coal, Peat and Manufactured Gases",259.1973,GWh
Argentina,2022-12-01,Net Electricity Production,Oil and Petroleum Products,1901.1511,GWh
Argentina,2022-12-01,Net Electricity Production,Natural Gas,5696.2828,GWh
Argentina,2022-12-01,Net Electricity Production,Combustible Renewables,182.8613,GWh
Argentina,2022-12-01,Net Electricity Production,Hydro,2158.2312,GWh
Argentina,2022-12-01,Net Electricity Production,Wind,1220.2067,GWh
Argentina,2022-12-01,Net Electricity Production,Solar,298.1684,GWh
Argentina,2022-12-01,Net Electricity Production,"Total Renewables (Hydro, Geo, Solar, Wind, Other)",3859.4677,GWh
Brazil,2022-12-01,Net Electricity Production,Electricity,55057.8078,GWh
Brazil,2022-12-01,Net Electricity Production,Nuclear,1389.3191,GWh
Brazil,2022-12-01,Net Electricity Production,Total Combustible Fuels,6469.9657,GWh
Brazil,2022-12-01,Net Electricity Production,"Coal, Peat and Manufactured Gases",410.3984,GWh
Brazil,2022-12-01,Net Electricity Production,Oil and Petroleum Products,554.6424,GWh
Brazil,2022-12-01,Net Electricity Production,Natural Gas,3113.3231,GWh
Brazil,2022-12-01,Net Electricity Production,Combustible Renewables,2251.6689,GWh
Brazil,2022-12-01,Net Electricity Production,Other Combustible Non-Renewables,139.9328,GWh
Brazil,2022-12-01,Net Electricity Production,Hydro,37717.2458,GWh
Brazil,2022-12-01,Net Electricity Production,Wind,6328.0726,GWh
Brazil,2022-12-01,Net Electricity Production,Solar,3153.2047,GWh
Brazil,2022-12-01,Net Electricity Production,"Total Renewables (Hydro, Geo, Solar, Wind, Other)",49450.1919,GWh
Peru,2022-12-01,Net Electricity Production,Electricity,5100.0188,GWh
Peru,2022-12-01,Net Electricity Production,Total Combustible Fuels,2762.0038,GWh
Peru,2022-12-01,Net Electricity Production,"Coal, Peat and Manufactured Gases",40.0105,GWh
Peru,2022-12-01,Net Electricity Production,Oil and Petroleum Products,95.8374,GWh
Peru,2022-12-01,Net Electricity Production,Natural Gas,2469.5941,GWh
Peru,2022-12-01,Net Electricity Production,Combustible Renewables,156.5619,GWh
Peru,2022-12-01,Net Electricity Production,Hydro,2129.3258,GWh
Peru,2022-12-01,Net Electricity Production,Wind,136.6802,GWh
Peru,2022-12-01,Net Electricity Production,Solar,72.0089,GWh
Peru,2022-12-01,Net Electricity Production,"Total Renewables (Hydro, Geo, Solar, Wind, Other)",2494.5769,GWh
Chile,2022-11-01,Net Electricity Production,Electricity,7317.3685,GWh
Chile,2022-11-01,Net Electricity Production,Total Combustible Fuels,2404.6047,GWh
Chile,2022-11-01,Net Electricity Production,"Coal, Peat and Manufactured Gases",905.7329,GWh
Chile,2022-11-01,Net Electricity Production,Oil and Petroleum Products,80.24,GWh
Chile,2022-11-01,Net Electricity Production,Natural Gas,1100.7309,GWh
Chile,2022-11-01,Net Electricity Production,Combustible Renewables,317.9009,GWh
Chile,2022-11-01,Net Electricity Production,Hydro,2830.1247,GWh
Chile,2022-11-01,Net Electricity Production,Wind,648.1542,GWh
Chile,2022-11-01,Net Electricity Production,Solar,1400.5834,GWh
Chile,2022-11-01,Net Electricity Production,Geothermal,33.9015,GWh
Chile,2022-11-01,Net Electricity Production,"Total Renewables (Hydro, Geo, Solar, Wind, Other)",5230.6647,GWh
Chile,2022-11-01,Distribution Losses,Electricity,355.6651,GWh
Chile,2022-11-01,Final Consumption (Calculated),Electricity,6961.7034,GWh
Colombia,2022-11-01,Net Electricity Production,Electricity,6574.4371,GWh
Colombia,2022-11-01,Net Electricity Production,Total Combustible Fuels,1400.8021,GWh
Colombia,2022-11-01,Net Electricity Production,"Coal, Peat and Manufactured Gases",141.0947,GWh
Colombia,2022-11-01,Net Electricity Production,Oil and Petroleum Products,162.6473,GWh
Colombia,2022-11-01,Net Electricity Production,Natural Gas,967.1297,GWh
Colombia,2022-11-01,Net Electricity Production,Combustible Renewables,129.9303,GWh
Colombia,2022-11-01,Net Electricity Production,Hydro,5143.3792,GWh
Colombia,2022-11-01,Net Electricity Production,Wind,2.302,GWh
Colombia,2022-11-01,Net Electricity Production,Solar,27.9538,GWh
Colombia,2022-11-01,Net Electricity Production,"Total Renewables (Hydro, Geo, Solar, Wind, Other)",5303.5653,GWh
Colombia,2022-11-01,Total Imports,Electricity,0.0903,GWh
Colombia,2022-11-01,Total Exports,Electricity,103.4942,GWh
Colombia,2022-11-01,Distribution Losses,Electricity,449.6983,GWh
Colombia,2022-11-01,Final Consumption (Calculated),Electricity,6021.3349,GWh
Costa Rica,2022-11-01,Net Electricity Production,Electricity,1003.2844,GWh
Costa Rica,2022-11-01,Net Electricity Production,Total Combustible Fuels,1.0384,GWh
Costa Rica,2022-11-01,Net Electricity Production,Oil and Petroleum Products,0.971,GWh
Costa Rica,2022-11-01,Net Electricity Production,Combustible Renewables,0.0674,GWh
Costa Rica,2022-11-01,Net Electricity Production,Hydro,806.3845,GWh
Costa Rica,2022-11-01,Net Electricity Production,Wind,74.7035,GWh
Costa Rica,2022-11-01,Net Electricity Production,Solar,5.547,GWh
Costa Rica,2022-11-01,Net Electricity Production,Geothermal,115.611,GWh
Costa Rica,2022-11-01,Net Electricity Production,"Total Renewables (Hydro, Geo, Solar, Wind, Other)",1002.3134,GWh
Costa Rica,2022-11-01,Total Imports,Electricity,13.94,GWh
Costa Rica,2022-11-01,Total Exports,Electricity,43.2373,GWh
Costa Rica,2022-11-01,Distribution Losses,Electricity,79.7431,GWh
Costa Rica,2022-11-01,Final Consumption (Calculated),Electricity,894.2439,GWh
Mexico,2022-11-01,Net Electricity Production,Electricity,25478.9862,GWh
Mexico,2022-11-01,Net Electricity Production,Nuclear,804.452,GWh
Mexico,2022-11-01,Net Electricity Production,Total Combustible Fuels,18876.0782,GWh
Mexico,2022-11-01,Net Electricity Production,"Coal, Peat and Manufactured Gases",949.6325,GWh
Mexico,2022-11-01,Net Electricity Production,Oil and Petroleum Products,3644.4125,GWh
Mexico,2022-11-01,Net Electricity Production,Natural Gas,14223.1263,GWh
Mexico,2022-11-01,Net Electricity Production,Combustible Renewables,46.0113,GWh
Mexico,2022-11-01,Net Electricity Production,Other Combustible Non-Renewables,12.8956,GWh
Mexico,2022-11-01,Net Electricity Production,Hydro,2872.129,GWh
Mexico,2022-11-01,Net Electricity Production,Wind,1688.7228,GWh
Mexico,2022-11-01,Net Electricity Production,Solar,881.3351,GWh
Mexico,2022-11-01,Net Electricity Production,Geothermal,356.2691,GWh
Mexico,2022-11-01,Net Electricity Production,"Total Renewables (Hydro, Geo, Solar, Wind, Other)",5844.4673,GWh
Mexico,2022-11-01,Distribution Losses,Electricity,2995.6582,GWh
Mexico,2022-11-01,Final Consumption (Calculated),Electricity,22483.328,GWh
Argentina,2022-11-01,Net Electricity Production,Electricity,11216.101,GWh
Argentina,2022-11-01,Net Electricity Production,Nuclear,34.6207,GWh
Argentina,2022-11-01,Net Electricity Production,Total Combustible Fuels,6997.4802,GWh
Argentina,2022-11-01,Net Electricity Production,"Coal, Peat and Manufactured Gases",91.9045,GWh
Argentina,2022-11-01,Net Electricity Production,Oil and Petroleum Products,1018.634,GWh
Argentina,2022-11-01,Net Electricity Production,Natural Gas,5702.5915,GWh
Argentina,2022-11-01,Net Electricity Production,Combustible Renewables,184.3502,GWh
Argentina,2022-11-01,Net Electricity Production,Hydro,2748.6649,GWh
Argentina,2022-11-01,Net Electricity Production,Wind,1133.6323,GWh
Argentina,2022-11-01,Net Electricity Production,Solar,301.7029,GWh
Argentina,2022-11-01,Net Electricity Production,"Total Renewables (Hydro, Geo, Solar, Wind, Other)",4368.3502,GWh
Brazil,2022-11-01,Net Electricity Production,Electricity,52773.0549,GWh
Brazil,2022-11-01,Net Electricity Production,Nuclear,773.0541,GWh
Brazil,2022-11-01,Net Electricity Production,Total Combustible Fuels,9185.3594,GWh
Brazil,2022-11-01,Net Electricity Production,"Coal, Peat and Manufactured Gases",1174.152,GWh
Brazil,2022-11-01,Net Electricity Production,Oil and Petroleum Products,540.7487,GWh
Brazil,2022-11-01,Net Electricity Production,Natural Gas,2691.3634,GWh
Brazil,2022-11-01,Net Electricity Production,Combustible Renewables,4639.1625,GWh
Brazil,2022-11-01,Net Electricity Production,Other Combustible Non-Renewables,139.9328,GWh
Brazil,2022-11-01,Net Electricity Production,Hydro,33978.9221,GWh
Brazil,2022-11-01,Net Electricity Production,Wind,6019.2909,GWh
Brazil,2022-11-01,Net Electricity Production,Solar,2816.4285,GWh
Brazil,2022-11-01,Net Electricity Production,"Total Renewables (Hydro, Geo, Solar, Wind, Other)",47453.8039,GWh
Peru,2022-11-01,Net Electricity Production,Electricity,4911.7578,GWh
Peru,2022-11-01,Net Electricity Production,Total Combustible Fuels,2862.4371,GWh
Peru,2022-11-01,Net Electricity Production,"Coal, Peat and Manufactured Gases",36.4414,GWh
Peru,2022-11-01,Net Electricity Production,Oil and Petroleum Products,87.2883,GWh
Peru,2022-11-01,Net Electricity Production,Natural Gas,2596.1116,GWh
Peru,2022-11-01,Net Electricity Production,Combustible Renewables,142.5959,GWh
Peru,2022-11-01,Net Electricity Production,Hydro,1836.9333,GWh
Peru,2022-11-01,Net Electricity Production,Wind,131.3422,GWh
Peru,2022-11-01,Net Electricity Production,Solar,81.0452,GWh
Peru,2022-11-01,Net Electricity Production,"Total Renewables (Hydro, Geo, Solar, Wind, Other)",2191.9166,GWh
Chile,2022-10-01,Net Electricity Production,Electricity,7054.4868,GWh
Chile,2022-10-01,Net Electricity Production,Total Combustible Fuels,2278.1331,GWh
Chile,2022-10-01,Net Electricity Production,"Coal, Peat and Manufactured Gases",883.0406,GWh
Chile,2022-10-01,Net Electricity Production,Oil and Petroleum Products,39.8818,GWh
Chile,2022-10-01,Net Electricity Production,Natural Gas,1063.0992,GWh
Chile,2022-10-01,Net Electricity Production,Combustible Renewables,292.1116,GWh
Chile,2022-10-01,Net Electricity Production,Hydro,2635.58,GWh
Chile,2022-10-01,Net Electricity Production,Wind,801.3008,GWh
Chile,2022-10-01,Net Electricity Production,Solar,1303.7909,GWh
Chile,2022-10-01,Net Electricity Production,Geothermal,35.682,GWh
Chile,2022-10-01,Net Electricity Production,"Total Renewables (Hydro, Geo, Solar, Wind, Other)",5068.4653,GWh
Chile,2022-10-01,Distribution Losses,Electricity,340.8881,GWh
Chile,2022-10-01,Final Consumption (Calculated),Electricity,6713.5987,GWh
Colombia,2022-10-01,Net Electricity Production,Electricity,6771.9367,GWh
Colombia,2022-10-01,Net Electricity Production,Total Combustible Fuels,1424.652,GWh
Colombia,2022-10-01,Net Electricity Production,"Coal, Peat and Manufactured Gases",200.0059,GWh
Colombia,2022-10-01,Net Electricity Production,Oil and Petroleum Products,184.4123,GWh
Colombia,2022-10-01,Net Electricity Production,Natural Gas,892.9167,GWh
Colombia,2022-10-01,Net Electricity Production,Combustible Renewables,147.3172,GWh
Colombia,2022-10-01,Net Electricity Production,Hydro,5314.9624,GWh
Colombia,2022-10-01,Net Electricity Production,Wind,1.8922,GWh
Colombia,2022-10-01,Net Electricity Production,Solar,30.4301,GWh
Colombia,2022-10-01,Net Electricity Production,"Total Renewables (Hydro, Geo, Solar, Wind, Other)",5494.6018,GWh
Colombia,2022-10-01,Total Imports,Electricity,1.0865,GWh
Colombia,2022-10-01,Total Exports,Electricity,61.8582,GWh
Colombia,2022-10-01,Distribution Losses,Electricity,442.2833,GWh
Colombia,2022-10-01,Final Consumption (Calculated),Electricity,6268.8817,GWh
Costa Rica,2022-10-01,Net Electricity Production,Electricity,1051.3898,GWh
Costa Rica,2022-10-01,Net Electricity Production,Total Combustible Fuels,1.7158,GWh
Costa Rica,2022-10-01,Net Electricity Production,Oil and Petroleum Products,1.6506,GWh
Costa Rica,2022-10-01,Net Electricity Production,Combustible Renewables,0.0652,GWh
Costa Rica,2022-10-01,Net Electricity Production,Hydro,857.7464,GWh
Costa Rica,2022-10-01,Net Electricity Production,Wind,60.7844,GWh
Costa Rica,2022-10-01,Net Electricity Production,Solar,6.1496,GWh
Costa Rica,2022-10-01,Net Electricity Production,Geothermal,124.9937,GWh
Costa Rica,2022-10-01,Net Electricity Production,"Total Renewables (Hydro, Geo, Solar, Wind, Other)",1049.7392,GWh
Costa Rica,2022-10-01,Total Imports,Electricity,3.6255,GWh
Costa Rica,2022-10-01,Total Exports,Electricity,66.9491,GWh
Costa Rica,2022-10-01,Distribution Losses,Electricity,112.0043,GWh
Costa Rica,2022-10-01,Final Consumption (Calculated),Electricity,876.0618,GWh
Mexico,2022-10-01,Net Electricity Production,Electricity,27695.8117,GWh
Mexico,2022-10-01,Net Electricity Production,Nuclear,561.8439,GWh
Mexico,2022-10-01,Net Electricity Production,Total Combustible Fuels,20538.848,GWh
Mexico,2022-10-01,Net Electricity Production,"Coal, Peat and Manufactured Gases",1299.8991,GWh
Mexico,2022-10-01,Net Electricity Production,Oil and Petroleum Products,3912.8338,GWh
Mexico,2022-10-01,Net Electricity Production,Natural Gas,15270.7002,GWh
Mexico,2022-10-01,Net Electricity Production,Combustible Renewables,41.5694,GWh
Mexico,2022-10-01,Net Electricity Production,Other Combustible Non-Renewables,13.8454,GWh
Mexico,2022-10-01,Net Electricity Production,Hydro,3837.4717,GWh
Mexico,2022-10-01,Net Electricity Production,Wind,1458.8571,GWh
Mexico,2022-10-01,Net Electricity Production,Solar,906.75,GWh
Mexico,2022-10-01,Net Electricity Production,Geothermal,392.041,GWh
Mexico,2022-10-01,Net Electricity Production,"Total Renewables (Hydro, Geo, Solar, Wind, Other)",6636.6891,GWh
Mexico,2022-10-01,Total Imports,Electricity,292.4624,GWh
Mexico,2022-10-01,Total Exports,Electricity,395.2249,GWh
Mexico,2022-10-01,Distribution Losses,Electricity,3239.9396,GWh
Mexico,2022-10-01,Final Consumption (Calculated),Electricity,24353.1095,GWh
Argentina,2022-10-01,Net Electricity Production,Electricity,9901.2867,GWh
Argentina,2022-10-01,Net Electricity Production,Nuclear,68.2375,GWh
Argentina,2022-10-01,Net Electricity Production,Total Combustible Fuels,5453.7909,GWh
Argentina,2022-10-01,Net Electricity Production,Oil and Petroleum Products,40.3098,GWh
Argentina,2022-10-01,Net Electricity Production,Natural Gas,5218.9512,GWh
Argentina,2022-10-01,Net Electricity Production,Combustible Renewables,194.5299,GWh
Argentina,2022-10-01,Net Electricity Production,Hydro,2781.7519,GWh
Argentina,2022-10-01,Net Electricity Production,Wind,1283.9839,GWh
Argentina,2022-10-01,Net Electricity Production,Solar,313.5226,GWh
Argentina,2022-10-01,Net Electricity Production,"Total Renewables (Hydro, Geo, Solar, Wind, Other)",4573.7883,GWh
Brazil,2022-10-01,Net Electricity Production,Electricity,55956.141,GWh
Brazil,2022-10-01,Net Electricity Production,Nuclear,1413.6726,GWh
Brazil,2022-10-01,Net Electricity Production,Total Combustible Fuels,10553.134,GWh
Brazil,2022-10-01,Net Electricity Production,"Coal, Peat and Manufactured Gases",1322.5825,GWh
Brazil,2022-10-01,Net Electricity Production,Oil and Petroleum Products,546.6264,GWh
Brazil,2022-10-01,Net Electricity Production,Natural Gas,2923.0816,GWh
Brazil,2022-10-01,Net Electricity Production,Combustible Renewables,5620.9107,GWh
Brazil,2022-10-01,Net Electricity Production,Other Combustible Non-Renewables,139.9328,GWh
Brazil,2022-10-01,Net Electricity Production,Hydro,30981.6637,GWh
Brazil,2022-10-01,Net Electricity Production,Wind,9709.4531,GWh
Brazil,2022-10-01,Net Electricity Production,Solar,3298.2175,GWh
Brazil,2022-10-01,Net Electricity Production,"Total Renewables (Hydro, Geo, Solar, Wind, Other)",49610.2451,GWh
Peru,2022-10-01,Net Electricity Production,Electricity,4930.0497,GWh
Peru,2022-10-01,Net Electricity Production,Total Combustible Fuels,2639.0141,GWh
Peru,2022-10-01,Net Electricity Production,"Coal, Peat and Manufactured Gases",15.6037,GWh
Peru,2022-10-01,Net Electricity Production,Oil and Petroleum Products,37.3757,GWh
Peru,2022-10-01,Net Electricity Production,Natural Gas,2524.977,GWh
Peru,2022-10-01,Net Electricity Production,Combustible Renewables,61.0577,GWh
Peru,2022-10-01,Net Electricity Production,Hydro,2017.9916,GWh
Peru,2022-10-01,Net Electricity Production,Wind,188.615,GWh
Peru,2022-10-01,Net Electricity Production,Solar,84.4291,GWh
Peru,2022-10-01,Net Electricity Production,"Total Renewables (Hydro, Geo, Solar, Wind, Other)",2352.0933,GWh
Chile,2022-09-01,Net Electricity Production,Electricity,7113.109,GWh
Chile,2022-09-01,Net Electricity Production,Total Combustible Fuels,2833.6474,GWh
Chile,2022-09-01,Net Electricity Production,"Coal, Peat and Manufactured Gases",1077.4649,GWh
Chile,2022-09-01,Net Electricity Production,Oil and Petroleum Products,53.8561,GWh
Chile,2022-09-01,Net Electricity Production,Natural Gas,1311.9699,GWh
Chile,2022-09-01,Net Electricity Production,Combustible Renewables,390.3565,GWh
Chile,2022-09-01,Net Electricity Production,Hydro,2229.4762,GWh
Chile,2022-09-01,Net Electricity Production,Wind,798.9054,GWh
Chile,2022-09-01,Net Electricity Production,Solar,1211.948,GWh
Chile,2022-09-01,Net Electricity Production,Geothermal,39.132,GWh
Chile,2022-09-01,Net Electricity Production,"Total Renewables (Hydro, Geo, Solar, Wind, Other)",4669.8181,GWh
Chile,2022-09-01,Distribution Losses,Electricity,341.8268,GWh
Chile,2022-09-01,Final Consumption (Calculated),Electricity,6771.2822,GWh
Colombia,2022-09-01,Net Electricity Production,Electricity,6711.8204,GWh
Colombia,2022-09-01,Net Electricity Production,Total Combustible Fuels,1683.0953,GWh
Colombia,2022-09-01,Net Electricity Production,"Coal, Peat and Manufactured Gases",225.9374,GWh
Colombia,2022-09-01,Net Electricity Production,Oil and Petroleum Products,211.6296,GWh
Colombia,2022-09-01,Net Electricity Production,Natural Gas,1076.4687,GWh
Colombia,2022-09-01,Net Electricity Production,Combustible Renewables,169.0596,GWh
Colombia,2022-09-01,Net Electricity Production,Hydro,4997.6182,GWh
Colombia,2022-09-01,Net Electricity Production,Wind,1.6909,GWh
Colombia,2022-09-01,Net Electricity Production,Solar,29.416,GWh
Colombia,2022-09-01,Net Electricity Production,"Total Renewables (Hydro, Geo, Solar, Wind, Other)",5197.7847,GWh
Colombia,2022-09-01,Total Imports,Electricity,74.6209,GWh
Colombia,2022-09-01,Total Exports,Electricity,28.4035,GWh
Colombia,2022-09-01,Distribution Losses,Electricity,436.4718,GWh
Colombia,2022-09-01,Final Consumption (Calculated),Electricity,6321.566,GWh
Costa Rica,2022-09-01,Net Electricity Production,Electricity,1024.1453,GWh
Costa Rica,2022-09-01,Net Electricity Production,Total Combustible Fuels,0.1261,GWh
Costa Rica,2022-09-01,Net Electricity Production,Oil and Petroleum Products,0.0609,GWh
Costa Rica,2022-09-01,Net Electricity Production,Combustible Renewables,0.0652,GWh
Costa Rica,2022-09-01,Net Electricity Production,Hydro,880.7985,GWh
Costa Rica,2022-09-01,Net Electricity Production,Wind,22.7159,GWh
Costa Rica,2022-09-01,Net Electricity Production,Solar,6.0907,GWh
Costa Rica,2022-09-01,Net Electricity Production,Geothermal,114.4142,GWh
Costa Rica,2022-09-01,Net Electricity Production,"Total Renewables (Hydro, Geo, Solar, Wind, Other)",1024.0845,GWh
Costa Rica,2022-09-01,Total Exports,Electricity,68.6909,GWh
Costa Rica,2022-09-01,Distribution Losses,Electricity,62.54,GWh
Costa Rica,2022-09-01,Final Consumption (Calculated),Electricity,892.9144,GWh
Mexico,2022-09-01,Net Electricity Production,Electricity,28585.0396,GWh
Mexico,2022-09-01,Net Electricity Production,Nuclear,715.4202,GWh
Mexico,2022-09-01,Net Electricity Production,Total Combustible Fuels,20971.6437,GWh
Mexico,2022-09-01,Net Electricity Production,"Coal, Peat and Manufactured Gases",1261.416,GWh
Mexico,2022-09-01,Net Electricity Production,Oil and Petroleum Products,4009.0912,GWh
Mexico,2022-09-01,Net Electricity Production,Natural Gas,15646.3659,GWh
Mexico,2022-09-01,Net Electricity Production,Combustible Renewables,40.5846,GWh
Mexico,2022-09-01,Net Electricity Production,Other Combustible Non-Renewables,14.186,GWh
Mexico,2022-09-01,Net Electricity Production,Hydro,4512.1293,GWh
Mexico,2022-09-01,Net Electricity Production,Wind,1092.0916,GWh
Mexico,2022-09-01,Net Electricity Production,Solar,928.6923,GWh
Mexico,2022-09-01,Net Electricity Production,Geothermal,365.0625,GWh
Mexico,2022-09-01,Net Electricity Production,"Total Renewables (Hydro, Geo, Solar, Wind, Other)",6938.5603,GWh
Mexico,2022-09-01,Total Imports,Electricity,313.1076,GWh
Mexico,2022-09-01,Total Exports,Electricity,339.6576,GWh
Mexico,2022-09-01,Distribution Losses,Electricity,3349.0249,GWh
Mexico,2022-09-01,Final Consumption (Calculated),Electricity,25209.4647,GWh
Argentina,2022-09-01,Net Electricity Production,Electricity,9945.742,GWh
Argentina,2022-09-01,Net Electricity Production,Nuclear,703.7657,GWh
Argentina,2022-09-01,Net Electricity Production,Total Combustible Fuels,6149.8546,GWh
Argentina,2022-09-01,Net Electricity Production,"Coal, Peat and Manufactured Gases",103.5014,GWh
Argentina,2022-09-01,Net Electricity Production,Oil and Petroleum Products,834.3496,GWh
Argentina,2022-09-01,Net Electricity Production,Natural Gas,5017.5627,GWh
Argentina,2022-09-01,Net Electricity Production,Combustible Renewables,194.4409,GWh
Argentina,2022-09-01,Net Electricity Production,Hydro,1716.4598,GWh
Argentina,2022-09-01,Net Electricity Production,Wind,1117.0618,GWh
Argentina,2022-09-01,Net Electricity Production,Solar,258.6001,GWh
Argentina,2022-09-01,Net Electricity Production,"Total Renewables (Hydro, Geo, Solar, Wind, Other)",3286.5626,GWh
Brazil,2022-09-01,Net Electricity Production,Electricity,54672.3618,GWh
Brazil,2022-09-01,Net Electricity Production,Nuclear,1043.0584,GWh
Brazil,2022-09-01,Net Electricity Production,Total Combustible Fuels,10943.6682,GWh
Brazil,2022-09-01,Net Electricity Production,"Coal, Peat and Manufactured Gases",1380.1824,GWh
Brazil,2022-09-01,Net Electricity Production,Oil and Petroleum Products,628.9143,GWh
Brazil,2022-09-01,Net Electricity Production,Natural Gas,2729.1249,GWh
Brazil,2022-09-01,Net Electricity Production,Combustible Renewables,6065.5139,GWh
Brazil,2022-09-01,Net Electricity Production,Other Combustible Non-Renewables,139.9328,GWh
Brazil,2022-09-01,Net Electricity Production,Hydro,30278.6159,GWh
Brazil,2022-09-01,Net Electricity Production,Wind,9338.9099,GWh
Brazil,2022-09-01,Net Electricity Production,Solar,3068.1093,GWh
Brazil,2022-09-01,Net Electricity Production,"Total Renewables (Hydro, Geo, Solar, Wind, Other)",48751.149,GWh
Peru,2022-09-01,Net Electricity Production,Electricity,4765.9259,GWh
Peru,2022-09-01,Net Electricity Production,Total Combustible Fuels,2573.2516,GWh
Peru,2022-09-01,Net Electricity Production,"Coal, Peat and Manufactured Gases",15.6245,GWh
Peru,2022-09-01,Net Electricity Production,Oil and Petroleum Products,37.4255,GWh
Peru,2022-09-01,Net Electricity Production,Natural Gas,2459.0625,GWh
Peru,2022-09-01,Net Electricity Production,Combustible Renewables,61.1391,GWh
Peru,2022-09-01,Net Electricity Production,Hydro,1915.6685,GWh
Peru,2022-09-01,Net Electricity Production,Wind,202.7361,GWh
Peru,2022-09-01,Net Electricity Production,Solar,74.2697,GWh
Peru,2022-09-01,Net Electricity Production,"Total Renewables (Hydro, Geo, Solar, Wind, Other)",2253.8133,GWh
Chile,2022-08-01,Net Electricity Production,Electricity,7338.4107,GWh
Chile,2022-08-01,Net Electricity Production,Total Combustible Fuels,3224.1352,GWh
Chile,2022-08-01,Net Electricity Production,"Coal, Peat and Manufactured Gases",1528.9601,GWh
Chile,2022-08-01,Net Electricity Production,Oil and Petroleum Products,30.775,GWh
Chile,2022-08-01,Net Electricity Production,Natural Gas,1296.008,GWh
Chile,2022-08-01,Net Electricity Production,Combustible Renewables,368.3921,GWh
Chile,2022-08-01,Net Electricity Production,Hydro,2239.8891,GWh
Chile,2022-08-01,Net Electricity Production,Wind,815.567,GWh
Chile,2022-08-01,Net Electricity Production,Solar,1016.0842,GWh
Chile,2022-08-01,Net Electricity Production,Geothermal,42.7352,GWh
Chile,2022-08-01,Net Electricity Production,"Total Renewables (Hydro, Geo, Solar, Wind, Other)",4482.6676,GWh
Chile,2022-08-01,Distribution Losses,Electricity,354.7826,GWh
Chile,2022-08-01,Final Consumption (Calculated),Electricity,6983.6281,GWh
Colombia,2022-08-01,Net Electricity Production,Electricity,6888.4751,GWh
Colombia,2022-08-01,Net Electricity Production,Total Combustible Fuels,1676.4917,GWh
Colombia,2022-08-01,Net Electricity Production,"Coal, Peat and Manufactured Gases",147.4784,GWh
Colombia,2022-08-01,Net Electricity Production,Oil and Petroleum Products,204.9167,GWh
Colombia,2022-08-01,Net Electricity Production,Natural Gas,1160.3995,GWh
Colombia,2022-08-01,Net Electricity Production,Combustible Renewables,163.697,GWh
Colombia,2022-08-01,Net Electricity Production,Hydro,5176.0236,GWh
Colombia,2022-08-01,Net Electricity Production,Wind,5.2122,GWh
Colombia,2022-08-01,Net Electricity Production,Solar,30.7477,GWh
Colombia,2022-08-01,Net Electricity Production,"Total Renewables (Hydro, Geo, Solar, Wind, Other)",5375.6805,GWh
Colombia,2022-08-01,Total Imports,Electricity,34.5912,GWh
Colombia,2022-08-01,Total Exports,Electricity,2.8311,GWh
Colombia,2022-08-01,Distribution Losses,Electricity,454.6562,GWh
Colombia,2022-08-01,Final Consumption (Calculated),Electricity,6465.579,GWh
Costa Rica,2022-08-01,Net Electricity Production,Electricity,1084.2654,GWh
Costa Rica,2022-08-01,Net Electricity Production,Total Combustible Fuels,0.3515,GWh
Costa Rica,2022-08-01,Net Electricity Production,Oil and Petroleum Products,0.2863,GWh
Costa Rica,2022-08-01,Net Electricity Production,Combustible Renewables,0.0652,GWh
Costa Rica,2022-08-01,Net Electricity Production,Hydro,887.1269,GWh
Costa Rica,2022-08-01,Net Electricity Production,Wind,72.8297,GWh
Costa Rica,2022-08-01,Net Electricity Production,Solar,6.0372,GWh
Costa Rica,2022-08-01,Net Electricity Production,Geothermal,117.92,GWh
Costa Rica,2022-08-01,Net Electricity Production,"Total Renewables (Hydro, Geo, Solar, Wind, Other)",1083.9791,GWh
Costa Rica,2022-08-01,Total Exports,Electricity,93.2025,GWh
Costa Rica,2022-08-01,Distribution Losses,Electricity,101.1537,GWh
Costa Rica,2022-08-01,Final Consumption (Calculated),Electricity,889.9091,GWh
Mexico,2022-08-01,Net Electricity Production,Electricity,31318.2633,GWh
Mexico,2022-08-01,Net Electricity Production,Nuclear,1056.2228,GWh
Mexico,2022-08-01,Net Electricity Production,Total Combustible Fuels,23096.9872,GWh
Mexico,2022-08-01,Net Electricity Production,"Coal, Peat and Manufactured Gases",1895.6173,GWh
Mexico,2022-08-01,Net Electricity Production,Oil and Petroleum Products,4312.7412,GWh
Mexico,2022-08-01,Net Electricity Production,Natural Gas,16831.4274,GWh
Mexico,2022-08-01,Net Electricity Production,Combustible Renewables,41.9408,GWh
Mexico,2022-08-01,Net Electricity Production,Other Combustible Non-Renewables,15.2605,GWh
Mexico,2022-08-01,Net Electricity Production,Hydro,4260.3593,GWh
Mexico,2022-08-01,Net Electricity Production,Wind,1587.384,GWh
Mexico,2022-08-01,Net Electricity Production,Solar,958.5382,GWh
Mexico,2022-08-01,Net Electricity Production,Geothermal,358.7719,GWh
Mexico,2022-08-01,Net Electricity Production,"Total Renewables (Hydro, Geo, Solar, Wind, Other)",7206.9941,GWh
Mexico,2022-08-01,Total Imports,Electricity,810.9929,GWh
Mexico,2022-08-01,Total Exports,Electricity,292.3341,GWh
Mexico,2022-08-01,Distribution Losses,Electricity,3682.4736,GWh
Mexico,2022-08-01,Final Consumption (Calculated),Electricity,28154.4485,GWh
Argentina,2022-08-01,Net Electricity Production,Electricity,11267.5753,GWh
Argentina,2022-08-01,Net Electricity Production,Nuclear,953.5918,GWh
Argentina,2022-08-01,Net Electricity Production,Total Combustible Fuels,6956.0429,GWh
Argentina,2022-08-01,Net Electricity Production,"Coal, Peat and Manufactured Gases",199.3921,GWh
Argentina,2022-08-01,Net Electricity Production,Oil and Petroleum Products,1102.4829,GWh
Argentina,2022-08-01,Net Electricity Production,Natural Gas,5443.1229,GWh
Argentina,2022-08-01,Net Electricity Production,Combustible Renewables,211.0451,GWh
Argentina,2022-08-01,Net Electricity Production,Hydro,1963.1528,GWh
Argentina,2022-08-01,Net Electricity Production,Wind,1165.3093,GWh
Argentina,2022-08-01,Net Electricity Production,Solar,229.4785,GWh
Argentina,2022-08-01,Net Electricity Production,"Total Renewables (Hydro, Geo, Solar, Wind, Other)",3568.9856,GWh
Brazil,2022-08-01,Net Electricity Production,Electricity,56085.0556,GWh
Brazil,2022-08-01,Net Electricity Production,Nuclear,1115.9493,GWh
Brazil,2022-08-01,Net Electricity Production,Total Combustible Fuels,11361.6011,GWh
Brazil,2022-08-01,Net Electricity Production,"Coal, Peat and Manufactured Gases",1455.5054,GWh
Brazil,2022-08-01,Net Electricity Production,Oil and Petroleum Products,523.1156,GWh
Brazil,2022-08-01,Net Electricity Production,Natural Gas,2590.094,GWh
Brazil,2022-08-01,Net Electricity Production,Combustible Renewables,6652.9533,GWh
Brazil,2022-08-01,Net Electricity Production,Other Combustible Non-Renewables,139.9328,GWh
Brazil,2022-08-01,Net Electricity Production,Hydro,31393.1535,GWh
Brazil,2022-08-01,Net Electricity Production,Wind,9438.6716,GWh
Brazil,2022-08-01,Net Electricity Production,Solar,2775.6802,GWh
Brazil,2022-08-01,Net Electricity Production,"Total Renewables (Hydro, Geo, Solar, Wind, Other)",50260.4586,GWh
Peru,2022-08-01,Net Electricity Production,Electricity,4795.9547,GWh
Peru,2022-08-01,Net Electricity Production,Total Combustible Fuels,2547.6049,GWh
Peru,2022-08-01,Net Electricity Production,"Coal, Peat and Manufactured Gases",16.3086,GWh
Peru,2022-08-01,Net Electricity Production,Oil and Petroleum Products,39.064,GWh
Peru,2022-08-01,Net Electricity Production,Natural Gas,2428.4167,GWh
Peru,2022-08-01,Net Electricity Production,Combustible Renewables,63.8157,GWh
Peru,2022-08-01,Net Electricity Production,Hydro,2005.6051,GWh
Peru,2022-08-01,Net Electricity Production,Wind,176.0146,GWh
Peru,2022-08-01,Net Electricity Production,Solar,66.7301,GWh
Peru,2022-08-01,Net Electricity Production,"Total Renewables (Hydro, Geo, Solar, Wind, Other)",2312.1655,GWh
Chile,2022-07-01,Net Electricity Production,Electricity,7510.432,GWh
Chile,2022-07-01,Net Electricity Production,Total Combustible Fuels,3785.9838,GWh
Chile,2022-07-01,Net Electricity Production,"Coal, Peat and Manufactured Gases",1916.6927,GWh
Chile,2022-07-01,Net Electricity Production,Oil and Petroleum Products,98.7444,GWh
Chile,2022-07-01,Net Electricity Production,Natural Gas,1399.1324,GWh
Chile,2022-07-01,Net Electricity Production,Combustible Renewables,371.4143,GWh
Chile,2022-07-01,Net Electricity Production,Hydro,2021.7425,GWh
Chile,2022-07-01,Net Electricity Production,Wind,876.2424,GWh
Chile,2022-07-01,Net Electricity Production,Solar,785.8004,GWh
Chile,2022-07-01,Net Electricity Production,Geothermal,40.6629,GWh
Chile,2022-07-01,Net Electricity Production,"Total Renewables (Hydro, Geo, Solar, Wind, Other)",4095.8625,GWh
Chile,2022-07-01,Distribution Losses,Electricity,365.7643,GWh
Chile,2022-07-01,Final Consumption (Calculated),Electricity,7144.6677,GWh
Colombia,2022-07-01,Net Electricity Production,Electricity,6954.4804,GWh
Colombia,2022-07-01,Net Electricity Production,Total Combustible Fuels,1877.7643,GWh
Colombia,2022-07-01,Net Electricity Production,"Coal, Peat and Manufactured Gases",145.0632,GWh
Colombia,2022-07-01,Net Electricity Production,Oil and Petroleum Products,222.0957,GWh
Colombia,2022-07-01,Net Electricity Production,Natural Gas,1333.185,GWh
Colombia,2022-07-01,Net Electricity Production,Combustible Renewables,177.4204,GWh
Colombia,2022-07-01,Net Electricity Production,Hydro,5041.1294,GWh
Colombia,2022-07-01,Net Electricity Production,Wind,7.2525,GWh
Colombia,2022-07-01,Net Electricity Production,Solar,28.3342,GWh
Colombia,2022-07-01,Net Electricity Production,"Total Renewables (Hydro, Geo, Solar, Wind, Other)",5254.1366,GWh
Colombia,2022-07-01,Total Imports,Electricity,8.9751,GWh
Colombia,2022-07-01,Total Exports,Electricity,4.6124,GWh
Colombia,2022-07-01,Distribution Losses,Electricity,426.7834,GWh
Colombia,2022-07-01,Final Consumption (Calculated),Electricity,6532.0598,GWh
Costa Rica,2022-07-01,Net Electricity Production,Electricity,1086.6883,GWh
Costa Rica,2022-07-01,Net Electricity Production,Total Combustible Fuels,0.0835,GWh
Costa Rica,2022-07-01,Net Electricity Production,Oil and Petroleum Products,0.0183,GWh
Costa Rica,2022-07-01,Net Electricity Production,Combustible Renewables,0.0652,GWh
Costa Rica,2022-07-01,Net Electricity Production,Hydro,867.8856,GWh
Costa Rica,2022-07-01,Net Electricity Production,Wind,108.4198,GWh
Costa Rica,2022-07-01,Net Electricity Production,Solar,5.0165,GWh
Costa Rica,2022-07-01,Net Electricity Production,Geothermal,105.283,GWh
Costa Rica,2022-07-01,Net Electricity Production,"Total Renewables (Hydro, Geo, Solar, Wind, Other)",1086.67,GWh
Costa Rica,2022-07-01,Total Exports,Electricity,109.8629,GWh
Costa Rica,2022-07-01,Distribution Losses,Electricity,105.8368,GWh
Costa Rica,2022-07-01,Final Consumption (Calculated),Electricity,870.9887,GWh
Mexico,2022-07-01,Net Electricity Production,Electricity,32228.8122,GWh
Mexico,2022-07-01,Net Electricity Production,Nuclear,1071.3094,GWh
Mexico,2022-07-01,Net Electricity Production,Total Combustible Fuels,24534.1002,GWh
Mexico,2022-07-01,Net Electricity Production,"Coal, Peat and Manufactured Gases",2000.0215,GWh
Mexico,2022-07-01,Net Electricity Production,Oil and Petroleum Products,4584.65,GWh
Mexico,2022-07-01,Net Electricity Production,Natural Gas,17892.6113,GWh
Mexico,2022-07-01,Net Electricity Production,Combustible Renewables,40.5949,GWh
Mexico,2022-07-01,Net Electricity Production,Other Combustible Non-Renewables,16.2226,GWh
Mexico,2022-07-01,Net Electricity Production,Hydro,3053.9487,GWh
Mexico,2022-07-01,Net Electricity Production,Wind,2104.5461,GWh
Mexico,2022-07-01,Net Electricity Production,Solar,1064.8553,GWh
Mexico,2022-07-01,Net Electricity Production,Geothermal,400.0524,GWh
Mexico,2022-07-01,Net Electricity Production,"Total Renewables (Hydro, Geo, Solar, Wind, Other)",6663.9974,GWh
Mexico,2022-07-01,Total Imports,Electricity,944.5187,GWh
Mexico,2022-07-01,Total Exports,Electricity,355.0758,GWh
Mexico,2022-07-01,Distribution Losses,Electricity,3789.7303,GWh
Mexico,2022-07-01,Final Consumption (Calculated),Electricity,29028.5248,GWh
Argentina,2022-07-01,Net Electricity Production,Electricity,12225.9583,GWh
Argentina,2022-07-01,Net Electricity Production,Nuclear,741.0201,GWh
Argentina,2022-07-01,Net Electricity Production,Total Combustible Fuels,8275.1286,GWh
Argentina,2022-07-01,Net Electricity Production,"Coal, Peat and Manufactured Gases",291.486,GWh
Argentina,2022-07-01,Net Electricity Production,Oil and Petroleum Products,1303.1754,GWh
Argentina,2022-07-01,Net Electricity Production,Natural Gas,6472.7714,GWh
Argentina,2022-07-01,Net Electricity Production,Combustible Renewables,207.6957,GWh
Argentina,2022-07-01,Net Electricity Production,Hydro,1820.9571,GWh
Argentina,2022-07-01,Net Electricity Production,Wind,1213.0042,GWh
Argentina,2022-07-01,Net Electricity Production,Solar,175.8483,GWh
Argentina,2022-07-01,Net Electricity Production,"Total Renewables (Hydro, Geo, Solar, Wind, Other)",3417.5053,GWh
Brazil,2022-07-01,Net Electricity Production,Electricity,55836.4246,GWh
Brazil,2022-07-01,Net Electricity Production,Nuclear,603.6598,GWh
Brazil,2022-07-01,Net Electricity Production,Total Combustible Fuels,11594.8799,GWh
Brazil,2022-07-01,Net Electricity Production,"Coal, Peat and Manufactured Gases",1393.4747,GWh
Brazil,2022-07-01,Net Electricity Production,Oil and Petroleum Products,534.871,GWh
Brazil,2022-07-01,Net Electricity Production,Natural Gas,2427.0331,GWh
Brazil,2022-07-01,Net Electricity Production,Combustible Renewables,7099.5683,GWh
Brazil,2022-07-01,Net Electricity Production,Other Combustible Non-Renewables,139.9328,GWh
Brazil,2022-07-01,Net Electricity Production,Hydro,32773.4018,GWh
Brazil,2022-07-01,Net Electricity Production,Wind,8467.5227,GWh
Brazil,2022-07-01,Net Electricity Production,Solar,2396.9604,GWh
Brazil,2022-07-01,Net Electricity Production,"Total Renewables (Hydro, Geo, Solar, Wind, Other)",50737.4532,GWh
Peru,2022-07-01,Net Electricity Production,Electricity,4779.3976,GWh
Peru,2022-07-01,Net Electricity Production,Total Combustible Fuels,2511.1111,GWh
Peru,2022-07-01,Net Electricity Production,"Coal, Peat and Manufactured Gases",16.6393,GWh
Peru,2022-07-01,Net Electricity Production,Oil and Petroleum Products,39.8561,GWh
Peru,2022-07-01,Net Electricity Production,Natural Gas,2389.5059,GWh
Peru,2022-07-01,Net Electricity Production,Combustible Renewables,65.1098,GWh
Peru,2022-07-01,Net Electricity Production,Hydro,2037.0871,GWh
Peru,2022-07-01,Net Electricity Production,Wind,172.8597,GWh
Peru,2022-07-01,Net Electricity Production,Solar,58.3397,GWh
Peru,2022-07-01,Net Electricity Production,"Total Renewables (Hydro, Geo, Solar, Wind, Other)",2333.3963,GWh
Chile,2022-06-01,Net Electricity Production,Electricity,7504.0113,GWh
Chile,2022-06-01,Net Electricity Production,Total Combustible Fuels,4326.9615,GWh
Chile,2022-06-01,Net Electricity Production,"Coal, Peat and Manufactured Gases",1982.2963,GWh
Chile,2022-06-01,Net Electricity Production,Oil and Petroleum Products,233.2087,GWh
Chile,2022-06-01,Net Electricity Production,Natural Gas,1701.02,GWh
Chile,2022-06-01,Net Electricity Production,Combustible Renewables,410.4366,GWh
Chile,2022-06-01,Net Electricity Production,Hydro,1685.819,GWh
Chile,2022-06-01,Net Electricity Production,Wind,664.0962,GWh
Chile,2022-06-01,Net Electricity Production,Solar,808.9628,GWh
Chile,2022-06-01,Net Electricity Production,Geothermal,18.1717,GWh
Chile,2022-06-01,Net Electricity Production,"Total Renewables (Hydro, Geo, Solar, Wind, Other)",3587.4863,GWh
Chile,2022-06-01,Distribution Losses,Electricity,368.0175,GWh
Chile,2022-06-01,Final Consumption (Calculated),Electricity,7135.9938,GWh
Colombia,2022-06-01,Net Electricity Production,Electricity,6529.274,GWh
Colombia,2022-06-01,Net Electricity Production,Total Combustible Fuels,1681.5447,GWh
Colombia,2022-06-01,Net Electricity Production,"Coal, Peat and Manufactured Gases",195.6962,GWh
Colombia,2022-06-01,Net Electricity Production,Oil and Petroleum Products,192.8977,GWh
Colombia,2022-06-01,Net Electricity Production,Natural Gas,1138.8551,GWh
Colombia,2022-06-01,Net Electricity Production,Combustible Renewables,154.0957,GWh
Colombia,2022-06-01,Net Electricity Production,Hydro,4820.5527,GWh
Colombia,2022-06-01,Net Electricity Production,Wind,5.8894,GWh
Colombia,2022-06-01,Net Electricity Production,Solar,21.2872,GWh
Colombia,2022-06-01,Net Electricity Production,"Total Renewables (Hydro, Geo, Solar, Wind, Other)",5001.825,GWh
Colombia,2022-06-01,Total Imports,Electricity,4.1053,GWh
Colombia,2022-06-01,Total Exports,Electricity,0.7322,GWh
Colombia,2022-06-01,Distribution Losses,Electricity,412.7074,GWh
Colombia,2022-06-01,Final Consumption (Calculated),Electricity,6119.9398,GWh
Costa Rica,2022-06-01,Net Electricity Production,Electricity,1080.6107,GWh
Costa Rica,2022-06-01,Net Electricity Production,Total Combustible Fuels,1.9782,GWh
Costa Rica,2022-06-01,Net Electricity Production,Oil and Petroleum Products,0.0414,GWh
Costa Rica,2022-06-01,Net Electricity Production,Combustible Renewables,1.9368,GWh
Costa Rica,2022-06-01,Net Electricity Production,Hydro,908.6625,GWh
Costa Rica,2022-06-01,Net Electricity Production,Wind,47.8141,GWh
Costa Rica,2022-06-01,Net Electricity Production,Solar,5.3812,GWh
Costa Rica,2022-06-01,Net Electricity Production,Geothermal,116.7747,GWh
Costa Rica,2022-06-01,Net Electricity Production,"Total Renewables (Hydro, Geo, Solar, Wind, Other)",1080.5694,GWh
Costa Rica,2022-06-01,Total Exports,Electricity,126.1905,GWh
Costa Rica,2022-06-01,Distribution Losses,Electricity,64.8316,GWh
Costa Rica,2022-06-01,Final Consumption (Calculated),Electricity,889.5886,GWh
Mexico,2022-06-01,Net Electricity Production,Electricity,30811.1753,GWh
Mexico,2022-06-01,Net Electricity Production,Nuclear,1044.5215,GWh
Mexico,2022-06-01,Net Electricity Production,Total Combustible Fuels,23003.169,GWh
Mexico,2022-06-01,Net Electricity Production,"Coal, Peat and Manufactured Gases",1773.8753,GWh
Mexico,2022-06-01,Net Electricity Production,Oil and Petroleum Products,4319.1172,GWh
Mexico,2022-06-01,Net Electricity Production,Natural Gas,16856.311,GWh
Mexico,2022-06-01,Net Electricity Production,Combustible Renewables,38.5825,GWh
Mexico,2022-06-01,Net Electricity Production,Other Combustible Non-Renewables,15.283,GWh
Mexico,2022-06-01,Net Electricity Production,Hydro,3594.9251,GWh
Mexico,2022-06-01,Net Electricity Production,Wind,1633.6399,GWh
Mexico,2022-06-01,Net Electricity Production,Solar,1099.0961,GWh
Mexico,2022-06-01,Net Electricity Production,Geothermal,435.8237,GWh
Mexico,2022-06-01,Net Electricity Production,"Total Renewables (Hydro, Geo, Solar, Wind, Other)",6802.0673,GWh
Mexico,2022-06-01,Total Imports,Electricity,1022.5188,GWh
Mexico,2022-06-01,Total Exports,Electricity,423.1006,GWh
Mexico,2022-06-01,Distribution Losses,Electricity,3626.0001,GWh
Mexico,2022-06-01,Final Consumption (Calculated),Electricity,27784.5934,GWh
Argentina,2022-06-01,Net Electricity Production,Electricity,12815.0396,GWh
Argentina,2022-06-01,Net Electricity Production,Nuclear,682.5362,GWh
Argentina,2022-06-01,Net Electricity Production,Total Combustible Fuels,8664.2182,GWh
Argentina,2022-06-01,Net Electricity Production,"Coal, Peat and Manufactured Gases",340.2117,GWh
Argentina,2022-06-01,Net Electricity Production,Oil and Petroleum Products,2028.9114,GWh
Argentina,2022-06-01,Net Electricity Production,Natural Gas,6111.9419,GWh
Argentina,2022-06-01,Net Electricity Production,Combustible Renewables,183.1533,GWh
Argentina,2022-06-01,Net Electricity Production,Hydro,2227.5162,GWh
Argentina,2022-06-01,Net Electricity Production,Wind,1083.1145,GWh
Argentina,2022-06-01,Net Electricity Production,Solar,157.6545,GWh
Argentina,2022-06-01,Net Electricity Production,"Total Renewables (Hydro, Geo, Solar, Wind, Other)",3651.4385,GWh
Brazil,2022-06-01,Net Electricity Production,Electricity,53298.8583,GWh
Brazil,2022-06-01,Net Electricity Production,Nuclear,701.1898,GWh
Brazil,2022-06-01,Net Electricity Production,Total Combustible Fuels,11011.0864,GWh
Brazil,2022-06-01,Net Electricity Production,"Coal, Peat and Manufactured Gases",1322.5825,GWh
Brazil,2022-06-01,Net Electricity Production,Oil and Petroleum Products,534.871,GWh
Brazil,2022-06-01,Net Electricity Production,Natural Gas,2777.185,GWh
Brazil,2022-06-01,Net Electricity Production,Combustible Renewables,6236.5151,GWh
Brazil,2022-06-01,Net Electricity Production,Other Combustible Non-Renewables,139.9328,GWh
Brazil,2022-06-01,Net Electricity Production,Hydro,33546.7544,GWh
Brazil,2022-06-01,Net Electricity Production,Wind,5992.8235,GWh
Brazil,2022-06-01,Net Electricity Production,Solar,2047.0042,GWh
Brazil,2022-06-01,Net Electricity Production,"Total Renewables (Hydro, Geo, Solar, Wind, Other)",47823.0972,GWh
Peru,2022-06-01,Net Electricity Production,Electricity,4629.974,GWh
Peru,2022-06-01,Net Electricity Production,Total Combustible Fuels,2152.8544,GWh
Peru,2022-06-01,Net Electricity Production,"Coal, Peat and Manufactured Gases",13.3187,GWh
Peru,2022-06-01,Net Electricity Production,Oil and Petroleum Products,31.9024,GWh
Peru,2022-06-01,Net Electricity Production,Natural Gas,2055.5168,GWh
Peru,2022-06-01,Net Electricity Production,Combustible Renewables,52.1164,GWh
Peru,2022-06-01,Net Electricity Production,Hydro,2266.6601,GWh
Peru,2022-06-01,Net Electricity Production,Wind,156.0073,GWh
Peru,2022-06-01,Net Electricity Production,Solar,54.4522,GWh
Peru,2022-06-01,Net Electricity Production,"Total Renewables (Hydro, Geo, Solar, Wind, Other)",2529.2361,GWh
Chile,2022-05-01,Net Electricity Production,Electricity,7577.0958,GWh
Chile,2022-05-01,Net Electricity Production,Total Combustible Fuels,4337.428,GWh
Chile,2022-05-01,Net Electricity Production,"Coal, Peat and Manufactured Gases",2106.927,GWh
Chile,2022-05-01,Net Electricity Production,Oil and Petroleum Products,150.629,GWh
Chile,2022-05-01,Net Electricity Production,Natural Gas,1664.2286,GWh
Chile,2022-05-01,Net Electricity Production,Combustible Renewables,415.6434,GWh
Chile,2022-05-01,Net Electricity Production,Hydro,1397.4529,GWh
Chile,2022-05-01,Net Electricity Production,Wind,810.8724,GWh
Chile,2022-05-01,Net Electricity Production,Solar,985.6451,GWh
Chile,2022-05-01,Net Electricity Production,Geothermal,45.6974,GWh
Chile,2022-05-01,Net Electricity Production,"Total Renewables (Hydro, Geo, Solar, Wind, Other)",3655.3112,GWh
Chile,2022-05-01,Distribution Losses,Electricity,370.7811,GWh
Chile,2022-05-01,Final Consumption (Calculated),Electricity,7206.3147,GWh
Colombia,2022-05-01,Net Electricity Production,Electricity,6884.8977,GWh
Colombia,2022-05-01,Net Electricity Production,Total Combustible Fuels,1745.8665,GWh
Colombia,2022-05-01,Net Electricity Production,"Coal, Peat and Manufactured Gases",196.5566,GWh
Colombia,2022-05-01,Net Electricity Production,Oil and Petroleum Products,190.953,GWh
Colombia,2022-05-01,Net Electricity Production,Natural Gas,1205.8147,GWh
Colombia,2022-05-01,Net Electricity Production,Combustible Renewables,152.5422,GWh
Colombia,2022-05-01,Net Electricity Production,Hydro,5111.9698,GWh
Colombia,2022-05-01,Net Electricity Production,Wind,4.998,GWh
Colombia,2022-05-01,Net Electricity Production,Solar,22.0634,GWh
Colombia,2022-05-01,Net Electricity Production,"Total Renewables (Hydro, Geo, Solar, Wind, Other)",5291.5734,GWh
Colombia,2022-05-01,Total Imports,Electricity,37.6912,GWh
Colombia,2022-05-01,Total Exports,Electricity,1.3096,GWh
Colombia,2022-05-01,Distribution Losses,Electricity,410.5455,GWh
Colombia,2022-05-01,Final Consumption (Calculated),Electricity,6510.7339,GWh
Costa Rica,2022-05-01,Net Electricity Production,Electricity,1135.2262,GWh
Costa Rica,2022-05-01,Net Electricity Production,Total Combustible Fuels,2.3115,GWh
Costa Rica,2022-05-01,Net Electricity Production,Oil and Petroleum Products,0.2627,GWh
Costa Rica,2022-05-01,Net Electricity Production,Combustible Renewables,2.0489,GWh
Costa Rica,2022-05-01,Net Electricity Production,Hydro,930.5712,GWh
Costa Rica,2022-05-01,Net Electricity Production,Wind,55.4449,GWh
Costa Rica,2022-05-01,Net Electricity Production,Solar,6.1647,GWh
Costa Rica,2022-05-01,Net Electricity Production,Geothermal,140.7339,GWh
Costa Rica,2022-05-01,Net Electricity Production,"Total Renewables (Hydro, Geo, Solar, Wind, Other)",1134.9636,GWh
Costa Rica,2022-05-01,Total Exports,Electricity,124.0774,GWh
Costa Rica,2022-05-01,Distribution Losses,Electricity,109.944,GWh
Costa Rica,2022-05-01,Final Consumption (Calculated),Electricity,901.2048,GWh
Mexico,2022-05-01,Net Electricity Production,Electricity,31088.9769,GWh
Mexico,2022-05-01,Net Electricity Production,Nuclear,610.0545,GWh
Mexico,2022-05-01,Net Electricity Production,Total Combustible Fuels,23731.819,GWh
Mexico,2022-05-01,Net Electricity Production,"Coal, Peat and Manufactured Gases",1942.9019,GWh
Mexico,2022-05-01,Net Electricity Production,Oil and Petroleum Products,4399.8591,GWh
Mexico,2022-05-01,Net Electricity Production,Natural Gas,17171.4241,GWh
Mexico,2022-05-01,Net Electricity Production,Combustible Renewables,202.0652,GWh
Mexico,2022-05-01,Net Electricity Production,Other Combustible Non-Renewables,15.5687,GWh
Mexico,2022-05-01,Net Electricity Production,Hydro,3463.1813,GWh
Mexico,2022-05-01,Net Electricity Production,Wind,1562.2184,GWh
Mexico,2022-05-01,Net Electricity Production,Solar,1250.1235,GWh
Mexico,2022-05-01,Net Electricity Production,Geothermal,471.5801,GWh
Mexico,2022-05-01,Net Electricity Production,"Total Renewables (Hydro, Geo, Solar, Wind, Other)",6949.1685,GWh
Mexico,2022-05-01,Total Imports,Electricity,1491.6446,GWh
Mexico,2022-05-01,Total Exports,Electricity,675.1721,GWh
Mexico,2022-05-01,Distribution Losses,Electricity,3660.5739,GWh
Mexico,2022-05-01,Final Consumption (Calculated),Electricity,28244.8755,GWh
Argentina,2022-05-01,Net Electricity Production,Electricity,11607.0446,GWh
Argentina,2022-05-01,Net Electricity Production,Nuclear,632.6866,GWh
Argentina,2022-05-01,Net Electricity Production,Total Combustible Fuels,7973.525,GWh
Argentina,2022-05-01,Net Electricity Production,"Coal, Peat and Manufactured Gases",220.4554,GWh
Argentina,2022-05-01,Net Electricity Production,Oil and Petroleum Products,1422.0472,GWh
Argentina,2022-05-01,Net Electricity Production,Natural Gas,6156.7742,GWh
Argentina,2022-05-01,Net Electricity Production,Combustible Renewables,174.2482,GWh
Argentina,2022-05-01,Net Electricity Production,Hydro,1688.8918,GWh
Argentina,2022-05-01,Net Electricity Production,Wind,1125.0362,GWh
Argentina,2022-05-01,Net Electricity Production,Solar,186.905,GWh
Argentina,2022-05-01,Net Electricity Production,"Total Renewables (Hydro, Geo, Solar, Wind, Other)",3175.0812,GWh
Brazil,2022-05-01,Net Electricity Production,Electricity,54445.2882,GWh
Brazil,2022-05-01,Net Electricity Production,Nuclear,1347.9681,GWh
Brazil,2022-05-01,Net Electricity Production,Total Combustible Fuels,9280.7489,GWh
Brazil,2022-05-01,Net Electricity Production,"Coal, Peat and Manufactured Gases",961.4754,GWh
Brazil,2022-05-01,Net Electricity Production,Oil and Petroleum Products,452.5832,GWh
Brazil,2022-05-01,Net Electricity Production,Natural Gas,1779.9387,GWh
Brazil,2022-05-01,Net Electricity Production,Combustible Renewables,5946.8189,GWh
Brazil,2022-05-01,Net Electricity Production,Other Combustible Non-Renewables,139.9328,GWh
Brazil,2022-05-01,Net Electricity Production,Hydro,35854.4055,GWh
Brazil,2022-05-01,Net Electricity Production,Wind,5910.3675,GWh
Brazil,2022-05-01,Net Electricity Production,Solar,2051.7981,GWh
Brazil,2022-05-01,Net Electricity Production,"Total Renewables (Hydro, Geo, Solar, Wind, Other)",49763.39,GWh
Peru,2022-05-01,Net Electricity Production,Electricity,4688.9129,GWh
Peru,2022-05-01,Net Electricity Production,Total Combustible Fuels,1761.0801,GWh
Peru,2022-05-01,Net Electricity Production,"Coal, Peat and Manufactured Gases",10.6355,GWh
Peru,2022-05-01,Net Electricity Production,Oil and Petroleum Products,25.4753,GWh
Peru,2022-05-01,Net Electricity Production,Natural Gas,1683.3524,GWh
Peru,2022-05-01,Net Electricity Production,Combustible Renewables,41.6169,GWh
Peru,2022-05-01,Net Electricity Production,Hydro,2694.2573,GWh
Peru,2022-05-01,Net Electricity Production,Wind,172.0017,GWh
Peru,2022-05-01,Net Electricity Production,Solar,61.5738,GWh
Peru,2022-05-01,Net Electricity Production,"Total Renewables (Hydro, Geo, Solar, Wind, Other)",2969.4497,GWh
Chile,2022-04-01,Net Electricity Production,Electricity,7080.4492,GWh
Chile,2022-04-01,Net Electricity Production,Total Combustible Fuels,4178.1049,GWh
Chile,2022-04-01,Net Electricity Production,"Coal, Peat and Manufactured Gases",1884.0803,GWh
Chile,2022-04-01,Net Electricity Production,Oil and Petroleum Products,195.022,GWh
Chile,2022-04-01,Net Electricity Production,Natural Gas,1662.3191,GWh
Chile,2022-04-01,Net Electricity Production,Combustible Renewables,436.6836,GWh
Chile,2022-04-01,Net Electricity Production,Hydro,1093.5075,GWh
Chile,2022-04-01,Net Electricity Production,Wind,719.4765,GWh
Chile,2022-04-01,Net Electricity Production,Solar,1050.1519,GWh
Chile,2022-04-01,Net Electricity Production,Geothermal,39.2084,GWh
Chile,2022-04-01,Net Electricity Production,"Total Renewables (Hydro, Geo, Solar, Wind, Other)",3339.0279,GWh
Chile,2022-04-01,Distribution Losses,Electricity,349.3491,GWh
Chile,2022-04-01,Final Consumption (Calculated),Electricity,6731.1002,GWh
Colombia,2022-04-01,Net Electricity Production,Electricity,6584.6569,GWh
Colombia,2022-04-01,Net Electricity Production,Total Combustible Fuels,1726.9785,GWh
Colombia,2022-04-01,Net Electricity Production,"Coal, Peat and Manufactured Gases",225.4346,GWh
Colombia,2022-04-01,Net Electricity Production,Oil and Petroleum Products,204.0245,GWh
Colombia,2022-04-01,Net Electricity Production,Natural Gas,1134.5352,GWh
Colombia,2022-04-01,Net Electricity Production,Combustible Renewables,162.9843,GWh
Colombia,2022-04-01,Net Electricity Production,Hydro,4829.0518,GWh
Colombia,2022-04-01,Net Electricity Production,Wind,5.5328,GWh
Colombia,2022-04-01,Net Electricity Production,Solar,23.0937,GWh
Colombia,2022-04-01,Net Electricity Production,"Total Renewables (Hydro, Geo, Solar, Wind, Other)",5020.6627,GWh
Colombia,2022-04-01,Total Imports,Electricity,94.1392,GWh
Colombia,2022-04-01,Total Exports,Electricity,2.8874,GWh
Colombia,2022-04-01,Distribution Losses,Electricity,419.2089,GWh
Colombia,2022-04-01,Final Consumption (Calculated),Electricity,6256.6997,GWh
Costa Rica,2022-04-01,Net Electricity Production,Electricity,993.9076,GWh
Costa Rica,2022-04-01,Net Electricity Production,Total Combustible Fuels,13.0814,GWh
Costa Rica,2022-04-01,Net Electricity Production,Oil and Petroleum Products,5.5882,GWh
Costa Rica,2022-04-01,Net Electricity Production,Combustible Renewables,7.4931,GWh
Costa Rica,2022-04-01,Net Electricity Production,Hydro,694.463,GWh
Costa Rica,2022-04-01,Net Electricity Production,Wind,136.5496,GWh
Costa Rica,2022-04-01,Net Electricity Production,Solar,6.6255,GWh
Costa Rica,2022-04-01,Net Electricity Production,Geothermal,143.1882,GWh
Costa Rica,2022-04-01,Net Electricity Production,"Total Renewables (Hydro, Geo, Solar, Wind, Other)",988.3193,GWh
Costa Rica,2022-04-01,Total Imports,Electricity,18.6376,GWh
Costa Rica,2022-04-01,Total Exports,Electricity,29.5219,GWh
Costa Rica,2022-04-01,Distribution Losses,Electricity,74.8346,GWh
Costa Rica,2022-04-01,Final Consumption (Calculated),Electricity,908.1887,GWh
Mexico,2022-04-01,Net Electricity Production,Electricity,27545.751,GWh
Mexico,2022-04-01,Net Electricity Production,Nuclear,517.8216,GWh
Mexico,2022-04-01,Net Electricity Production,Total Combustible Fuels,21337.8626,GWh
Mexico,2022-04-01,Net Electricity Production,"Coal, Peat and Manufactured Gases",1809.1123,GWh
Mexico,2022-04-01,Net Electricity Production,Oil and Petroleum Products,3919.8258,GWh
Mexico,2022-04-01,Net Electricity Production,Natural Gas,15297.9879,GWh
Mexico,2022-04-01,Net Electricity Production,Combustible Renewables,297.0665,GWh
Mexico,2022-04-01,Net Electricity Production,Other Combustible Non-Renewables,13.8701,GWh
Mexico,2022-04-01,Net Electricity Production,Hydro,2519.4821,GWh
Mexico,2022-04-01,Net Electricity Production,Wind,1608.377,GWh
Mexico,2022-04-01,Net Electricity Production,Solar,1115.4758,GWh
Mexico,2022-04-01,Net Electricity Production,Geothermal,446.7319,GWh
Mexico,2022-04-01,Net Electricity Production,"Total Renewables (Hydro, Geo, Solar, Wind, Other)",5987.1333,GWh
Mexico,2022-04-01,Total Imports,Electricity,965.9429,GWh
Mexico,2022-04-01,Total Exports,Electricity,470.1032,GWh
Mexico,2022-04-01,Distribution Losses,Electricity,3240.348,GWh
Mexico,2022-04-01,Final Consumption (Calculated),Electricity,24801.2427,GWh
Argentina,2022-04-01,Net Electricity Production,Electricity,10374.0435,GWh
Argentina,2022-04-01,Net Electricity Production,Nuclear,661.3772,GWh
Argentina,2022-04-01,Net Electricity Production,Total Combustible Fuels,6646.2851,GWh
Argentina,2022-04-01,Net Electricity Production,"Coal, Peat and Manufactured Gases",260.2905,GWh
Argentina,2022-04-01,Net Electricity Production,Oil and Petroleum Products,701.0991,GWh
Argentina,2022-04-01,Net Electricity Production,Natural Gas,5517.2256,GWh
Argentina,2022-04-01,Net Electricity Production,Combustible Renewables,167.67,GWh
Argentina,2022-04-01,Net Electricity Production,Hydro,1632.7522,GWh
Argentina,2022-04-01,Net Electricity Production,Wind,1205.5204,GWh
Argentina,2022-04-01,Net Electricity Production,Solar,228.1085,GWh
Argentina,2022-04-01,Net Electricity Production,"Total Renewables (Hydro, Geo, Solar, Wind, Other)",3234.0511,GWh
Brazil,2022-04-01,Net Electricity Production,Electricity,52840.6813,GWh
Brazil,2022-04-01,Net Electricity Production,Nuclear,1345.9149,GWh
Brazil,2022-04-01,Net Electricity Production,Total Combustible Fuels,6185.8241,GWh
Brazil,2022-04-01,Net Electricity Production,"Coal, Peat and Manufactured Gases",478.5223,GWh
Brazil,2022-04-01,Net Electricity Production,Oil and Petroleum Products,505.4825,GWh
Brazil,2022-04-01,Net Electricity Production,Natural Gas,1869.1931,GWh
Brazil,2022-04-01,Net Electricity Production,Combustible Renewables,3192.6934,GWh
Brazil,2022-04-01,Net Electricity Production,Other Combustible Non-Renewables,139.9328,GWh
Brazil,2022-04-01,Net Electricity Production,Hydro,38108.2942,GWh
Brazil,2022-04-01,Net Electricity Production,Wind,5081.7352,GWh
Brazil,2022-04-01,Net Electricity Production,Solar,2118.913,GWh
Brazil,2022-04-01,Net Electricity Production,"Total Renewables (Hydro, Geo, Solar, Wind, Other)",48501.6357,GWh
Peru,2022-04-01,Net Electricity Production,Electricity,4532.324,GWh
Peru,2022-04-01,Net Electricity Production,Total Combustible Fuels,1101.4996,GWh
Peru,2022-04-01,Net Electricity Production,"Coal, Peat and Manufactured Gases",6.9098,GWh
Peru,2022-04-01,Net Electricity Production,Oil and Petroleum Products,16.551,GWh
Peru,2022-04-01,Net Electricity Production,Natural Gas,1051.0008,GWh
Peru,2022-04-01,Net Electricity Production,Combustible Renewables,27.038,GWh
Peru,2022-04-01,Net Electricity Production,Hydro,3184.2756,GWh
Peru,2022-04-01,Net Electricity Production,Wind,183.1333,GWh
Peru,2022-04-01,Net Electricity Production,Solar,63.4155,GWh
Peru,2022-04-01,Net Electricity Production,"Total Renewables (Hydro, Geo, Solar, Wind, Other)",3457.8624,GWh
Chile,2022-03-01,Net Electricity Production,Electricity,7597.6722,GWh
Chile,2022-03-01,Net Electricity Production,Total Combustible Fuels,4225.6364,GWh
Chile,2022-03-01,Net Electricity Production,"Coal, Peat and Manufactured Gases",2154.2378,GWh
Chile,2022-03-01,Net Electricity Production,Oil and Petroleum Products,72.9579,GWh
Chile,2022-03-01,Net Electricity Production,Natural Gas,1587.7054,GWh
Chile,2022-03-01,Net Electricity Production,Combustible Renewables,410.7352,GWh
Chile,2022-03-01,Net Electricity Production,Hydro,1316.7971,GWh
Chile,2022-03-01,Net Electricity Production,Wind,783.929,GWh
Chile,2022-03-01,Net Electricity Production,Solar,1230.7837,GWh
Chile,2022-03-01,Net Electricity Production,Geothermal,40.5261,GWh
Chile,2022-03-01,Net Electricity Production,"Total Renewables (Hydro, Geo, Solar, Wind, Other)",3782.7711,GWh
Chile,2022-03-01,Distribution Losses,Electricity,373.7272,GWh
Chile,2022-03-01,Final Consumption (Calculated),Electricity,7223.945,GWh
Colombia,2022-03-01,Net Electricity Production,Electricity,6911.8474,GWh
Colombia,2022-03-01,Net Electricity Production,Total Combustible Fuels,1954.408,GWh
Colombia,2022-03-01,Net Electricity Production,"Coal, Peat and Manufactured Gases",271.496,GWh
Colombia,2022-03-01,Net Electricity Production,Oil and Petroleum Products,233.4938,GWh
Colombia,2022-03-01,Net Electricity Production,Natural Gas,1262.8925,GWh
Colombia,2022-03-01,Net Electricity Production,Combustible Renewables,186.5257,GWh
Colombia,2022-03-01,Net Electricity Production,Hydro,4924.9859,GWh
Colombia,2022-03-01,Net Electricity Production,Wind,7.7931,GWh
Colombia,2022-03-01,Net Electricity Production,Solar,24.6604,GWh
Colombia,2022-03-01,Net Electricity Production,"Total Renewables (Hydro, Geo, Solar, Wind, Other)",5143.9652,GWh
Colombia,2022-03-01,Total Imports,Electricity,188.8774,GWh
Colombia,2022-03-01,Total Exports,Electricity,0.417,GWh
Colombia,2022-03-01,Distribution Losses,Electricity,384.1086,GWh
Colombia,2022-03-01,Final Consumption (Calculated),Electricity,6716.1992,GWh
Costa Rica,2022-03-01,Net Electricity Production,Electricity,1048.7236,GWh
Costa Rica,2022-03-01,Net Electricity Production,Total Combustible Fuels,96.6013,GWh
Costa Rica,2022-03-01,Net Electricity Production,Oil and Petroleum Products,59.2155,GWh
Costa Rica,2022-03-01,Net Electricity Production,Combustible Renewables,37.3859,GWh
Costa Rica,2022-03-01,Net Electricity Production,Hydro,592.2172,GWh
Costa Rica,2022-03-01,Net Electricity Production,Wind,202.5439,GWh
Costa Rica,2022-03-01,Net Electricity Production,Solar,6.8857,GWh
Costa Rica,2022-03-01,Net Electricity Production,Geothermal,150.4755,GWh
Costa Rica,2022-03-01,Net Electricity Production,"Total Renewables (Hydro, Geo, Solar, Wind, Other)",989.5081,GWh
Costa Rica,2022-03-01,Total Imports,Electricity,11.2784,GWh
Costa Rica,2022-03-01,Total Exports,Electricity,5.0403,GWh
Costa Rica,2022-03-01,Distribution Losses,Electricity,167.0321,GWh
Costa Rica,2022-03-01,Final Consumption (Calculated),Electricity,887.9295,GWh
Mexico,2022-03-01,Net Electricity Production,Electricity,26534.7072,GWh
Mexico,2022-03-01,Net Electricity Production,Nuclear,963.5061,GWh
Mexico,2022-03-01,Net Electricity Production,Total Combustible Fuels,19872.6025,GWh
Mexico,2022-03-01,Net Electricity Production,"Coal, Peat and Manufactured Gases",1851.8549,GWh
Mexico,2022-03-01,Net Electricity Production,Oil and Petroleum Products,3601.4082,GWh
Mexico,2022-03-01,Net Electricity Production,Natural Gas,14055.2928,GWh
Mexico,2022-03-01,Net Electricity Production,Combustible Renewables,351.3031,GWh
Mexico,2022-03-01,Net Electricity Production,Other Combustible Non-Renewables,12.7434,GWh
Mexico,2022-03-01,Net Electricity Production,Hydro,2055.9885,GWh
Mexico,2022-03-01,Net Electricity Production,Wind,2047.1578,GWh
Mexico,2022-03-01,Net Electricity Production,Solar,1136.0508,GWh
Mexico,2022-03-01,Net Electricity Production,Geothermal,459.4016,GWh
Mexico,2022-03-01,Net Electricity Production,"Total Renewables (Hydro, Geo, Solar, Wind, Other)",6049.9017,GWh
Mexico,2022-03-01,Total Imports,Electricity,889.0711,GWh
Mexico,2022-03-01,Total Exports,Electricity,533.9154,GWh
Mexico,2022-03-01,Distribution Losses,Electricity,3120.9546,GWh
Mexico,2022-03-01,Final Consumption (Calculated),Electricity,23768.9083,GWh
Argentina,2022-03-01,Net Electricity Production,Electricity,11623.8768,GWh
Argentina,2022-03-01,Net Electricity Production,Nuclear,756.0132,GWh
Argentina,2022-03-01,Net Electricity Production,Total Combustible Fuels,8108.7369,GWh
Argentina,2022-03-01,Net Electricity Production,"Coal, Peat and Manufactured Gases",224.3149,GWh
Argentina,2022-03-01,Net Electricity Production,Oil and Petroleum Products,1473.85,GWh
Argentina,2022-03-01,Net Electricity Production,Natural Gas,6248.1165,GWh
Argentina,2022-03-01,Net Electricity Production,Combustible Renewables,162.4555,GWh
Argentina,2022-03-01,Net Electricity Production,Hydro,1241.8595,GWh
Argentina,2022-03-01,Net Electricity Production,Wind,1255.2558,GWh
Argentina,2022-03-01,Net Electricity Production,Solar,262.0114,GWh
Argentina,2022-03-01,Net Electricity Production,"Total Renewables (Hydro, Geo, Solar, Wind, Other)",2921.5823,GWh
Brazil,2022-03-01,Net Electricity Production,Electricity,58746.4701,GWh
Brazil,2022-03-01,Net Electricity Production,Nuclear,1379.7937,GWh
Brazil,2022-03-01,Net Electricity Production,Total Combustible Fuels,8004.4677,GWh
Brazil,2022-03-01,Net Electricity Production,"Coal, Peat and Manufactured Gases",1127.629,GWh
Brazil,2022-03-01,Net Electricity Production,Oil and Petroleum Products,1440.0374,GWh
Brazil,2022-03-01,Net Electricity Production,Natural Gas,3753.8341,GWh
Brazil,2022-03-01,Net Electricity Production,Combustible Renewables,1543.0345,GWh
Brazil,2022-03-01,Net Electricity Production,Other Combustible Non-Renewables,139.9328,GWh
Brazil,2022-03-01,Net Electricity Production,Hydro,41831.346,GWh
Brazil,2022-03-01,Net Electricity Production,Wind,5368.8043,GWh
Brazil,2022-03-01,Net Electricity Production,Solar,2162.0583,GWh
Brazil,2022-03-01,Net Electricity Production,"Total Renewables (Hydro, Geo, Solar, Wind, Other)",50905.2432,GWh
Peru,2022-03-01,Net Electricity Production,Electricity,4825.7864,GWh
Peru,2022-03-01,Net Electricity Production,Total Combustible Fuels,1339.1024,GWh
Peru,2022-03-01,Net Electricity Production,"Coal, Peat and Manufactured Gases",9.4847,GWh
Peru,2022-03-01,Net Electricity Production,Oil and Petroleum Products,22.7188,GWh
Peru,2022-03-01,Net Electricity Production,Natural Gas,1269.7848,GWh
Peru,2022-03-01,Net Electricity Production,Combustible Renewables,37.114,GWh
Peru,2022-03-01,Net Electricity Production,Hydro,3287.2529,GWh
Peru,2022-03-01,Net Electricity Production,Wind,136.4834,GWh
Peru,2022-03-01,Net Electricity Production,Solar,62.9478,GWh
Peru,2022-03-01,Net Electricity Production,"Total Renewables (Hydro, Geo, Solar, Wind, Other)",3523.7979,GWh
Chile,2022-02-01,Net Electricity Production,Electricity,6991.144,GWh
Chile,2022-02-01,Net Electricity Production,Total Combustible Fuels,3564.0709,GWh
Chile,2022-02-01,Net Electricity Production,"Coal, Peat and Manufactured Gases",1779.1038,GWh
Chile,2022-02-01,Net Electricity Production,Oil and Petroleum Products,67.3102,GWh
Chile,2022-02-01,Net Electricity Production,Natural Gas,1303.193,GWh
Chile,2022-02-01,Net Electricity Production,Combustible Renewables,414.4639,GWh
Chile,2022-02-01,Net Electricity Production,Hydro,1434.6055,GWh
Chile,2022-02-01,Net Electricity Production,Wind,721.3884,GWh
Chile,2022-02-01,Net Electricity Production,Solar,1232.6516,GWh
Chile,2022-02-01,Net Electricity Production,Geothermal,38.4275,GWh
Chile,2022-02-01,Net Electricity Production,"Total Renewables (Hydro, Geo, Solar, Wind, Other)",3841.5369,GWh
Chile,2022-02-01,Distribution Losses,Electricity,342.0203,GWh
Chile,2022-02-01,Final Consumption (Calculated),Electricity,6649.1237,GWh
Colombia,2022-02-01,Net Electricity Production,Electricity,6808.555,GWh
Colombia,2022-02-01,Net Electricity Production,Total Combustible Fuels,2785.8684,GWh
Colombia,2022-02-01,Net Electricity Production,"Coal, Peat and Manufactured Gases",1004.4408,GWh
Colombia,2022-02-01,Net Electricity Production,Oil and Petroleum Products,344.217,GWh
Colombia,2022-02-01,Net Electricity Production,Natural Gas,1162.234,GWh
Colombia,2022-02-01,Net Electricity Production,Combustible Renewables,274.9766,GWh
Colombia,2022-02-01,Net Electricity Production,Other Combustible Non-Renewables,0.0,GWh
Colombia,2022-02-01,Net Electricity Production,Hydro,3994.1905,GWh
Colombia,2022-02-01,Net Electricity Production,Wind,6.072,GWh
Colombia,2022-02-01,Net Electricity Production,Solar,22.424,GWh
Colombia,2022-02-01,Net Electricity Production,"Total Renewables (Hydro, Geo, Solar, Wind, Other)",4297.6632,GWh
Colombia,2022-02-01,Total Imports,Electricity,3.398,GWh
Colombia,2022-02-01,Total Exports,Electricity,6.5979,GWh
Colombia,2022-02-01,Distribution Losses,Electricity,312.8391,GWh
Colombia,2022-02-01,Final Consumption (Calculated),Electricity,6492.516,GWh
Costa Rica,2022-02-01,Net Electricity Production,Electricity,929.0728,GWh
Costa Rica,2022-02-01,Net Electricity Production,Total Combustible Fuels,57.8071,GWh
Costa Rica,2022-02-01,Net Electricity Production,Oil and Petroleum Products,22.5475,GWh
Costa Rica,2022-02-01,Net Electricity Production,Combustible Renewables,35.2596,GWh
Costa Rica,2022-02-01,Net Electricity Production,Hydro,538.5173,GWh
Costa Rica,2022-02-01,Net Electricity Production,Wind,189.3385,GWh
Costa Rica,2022-02-01,Net Electricity Production,Solar,6.8128,GWh
Costa Rica,2022-02-01,Net Electricity Production,Geothermal,136.5971,GWh
Costa Rica,2022-02-01,Net Electricity Production,"Total Renewables (Hydro, Geo, Solar, Wind, Other)",906.5253,GWh
Costa Rica,2022-02-01,Total Imports,Electricity,0.0245,GWh
Costa Rica,2022-02-01,Total Exports,Electricity,6.897,GWh
Costa Rica,2022-02-01,Distribution Losses,Electricity,47.9347,GWh
Costa Rica,2022-02-01,Final Consumption (Calculated),Electricity,874.2655,GWh
Mexico,2022-02-01,Net Electricity Production,Electricity,23156.8564,GWh
Mexico,2022-02-01,Net Electricity Production,Nuclear,963.4852,GWh
Mexico,2022-02-01,Net Electricity Production,Total Combustible Fuels,17616.44,GWh
Mexico,2022-02-01,Net Electricity Production,"Coal, Peat and Manufactured Gases",1762.4405,GWh
Mexico,2022-02-01,Net Electricity Production,Oil and Petroleum Products,3166.1958,GWh
Mexico,2022-02-01,Net Electricity Production,Natural Gas,12356.78,GWh
Mexico,2022-02-01,Net Electricity Production,Combustible Renewables,319.8202,GWh
Mexico,2022-02-01,Net Electricity Production,Other Combustible Non-Renewables,11.2035,GWh
Mexico,2022-02-01,Net Electricity Production,Hydro,1609.9028,GWh
Mexico,2022-02-01,Net Electricity Production,Wind,1738.0833,GWh
Mexico,2022-02-01,Net Electricity Production,Solar,822.4287,GWh
Mexico,2022-02-01,Net Electricity Production,Geothermal,406.5164,GWh
Mexico,2022-02-01,Net Electricity Production,Not Specified,0.0,GWh
Mexico,2022-02-01,Net Electricity Production,"Total Renewables (Hydro, Geo, Solar, Wind, Other)",4896.7514,GWh
Mexico,2022-02-01,Total Imports,Electricity,598.2357,GWh
Mexico,2022-02-01,Total Exports,Electricity,386.4919,GWh
Mexico,2022-02-01,Distribution Losses,Electricity,2715.0735,GWh
Mexico,2022-02-01,Final Consumption (Calculated),Electricity,20653.5267,GWh
Argentina,2022-02-01,Net Electricity Production,Electricity,11154.6644,GWh
Argentina,2022-02-01,Net Electricity Production,Nuclear,897.7581,GWh
Argentina,2022-02-01,Net Electricity Production,Total Combustible Fuels,7914.7223,GWh
Argentina,2022-02-01,Net Electricity Production,"Coal, Peat and Manufactured Gases",223.8234,GWh
Argentina,2022-02-01,Net Electricity Production,Oil and Petroleum Products,864.1578,GWh
Argentina,2022-02-01,Net Electricity Production,Natural Gas,6664.6144,GWh
Argentina,2022-02-01,Net Electricity Production,Combustible Renewables,162.1267,GWh
Argentina,2022-02-01,Net Electricity Production,Hydro,1054.3761,GWh
Argentina,2022-02-01,Net Electricity Production,Wind,1043.6659,GWh
Argentina,2022-02-01,Net Electricity Production,Solar,244.142,GWh
Argentina,2022-02-01,Net Electricity Production,"Total Renewables (Hydro, Geo, Solar, Wind, Other)",2504.3107,GWh
Brazil,2022-02-01,Net Electricity Production,Electricity,53744.7812,GWh
Brazil,2022-02-01,Net Electricity Production,Nuclear,1183.3121,GWh
Brazil,2022-02-01,Net Electricity Production,Total Combustible Fuels,8506.4085,GWh
Brazil,2022-02-01,Net Electricity Production,"Coal, Peat and Manufactured Gases",1008.6471,GWh
Brazil,2022-02-01,Net Electricity Production,Oil and Petroleum Products,1416.9949,GWh
Brazil,2022-02-01,Net Electricity Production,Natural Gas,4844.931,GWh
Brazil,2022-02-01,Net Electricity Production,Combustible Renewables,1095.9028,GWh
Brazil,2022-02-01,Net Electricity Production,Other Combustible Non-Renewables,139.9328,GWh
Brazil,2022-02-01,Net Electricity Production,Hydro,37556.3714,GWh
Brazil,2022-02-01,Net Electricity Production,Wind,4545.1472,GWh
Brazil,2022-02-01,Net Electricity Production,Solar,1953.542,GWh
Brazil,2022-02-01,Net Electricity Production,"Total Renewables (Hydro, Geo, Solar, Wind, Other)",45150.9634,GWh
Peru,2022-02-01,Net Electricity Production,Electricity,4418.2557,GWh
Peru,2022-02-01,Net Electricity Production,Total Combustible Fuels,1256.9873,GWh
Peru,2022-02-01,Net Electricity Production,"Coal, Peat and Manufactured Gases",8.3767,GWh
Peru,2022-02-01,Net Electricity Production,Oil and Petroleum Products,20.0647,GWh
Peru,2022-02-01,Net Electricity Production,Natural Gas,1195.7678,GWh
Peru,2022-02-01,Net Electricity Production,Combustible Renewables,32.7781,GWh
Peru,2022-02-01,Net Electricity Production,Hydro,2972.4549,GWh
Peru,2022-02-01,Net Electricity Production,Wind,126.3234,GWh
Peru,2022-02-01,Net Electricity Production,Solar,62.49,GWh
Peru,2022-02-01,Net Electricity Production,"Total Renewables (Hydro, Geo, Solar, Wind, Other)",3194.0465,GWh
Chile,2022-01-01,Net Electricity Production,Electricity,7538.1827,GWh
Chile,2022-01-01,Net Electricity Production,Total Combustible Fuels,3509.211,GWh
Chile,2022-01-01,Net Electricity Production,"Coal, Peat and Manufactured Gases",1640.3966,GWh
Chile,2022-01-01,Net Electricity Production,Oil and Petroleum Products,171.6571,GWh
Chile,2022-01-01,Net Electricity Production,Natural Gas,1273.8652,GWh
Chile,2022-01-01,Net Electricity Production,Combustible Renewables,423.2922,GWh
Chile,2022-01-01,Net Electricity Production,Hydro,1762.3586,GWh
Chile,2022-01-01,Net Electricity Production,Wind,893.642,GWh
Chile,2022-01-01,Net Electricity Production,Solar,1320.6031,GWh
Chile,2022-01-01,Net Electricity Production,Geothermal,52.368,GWh
Chile,2022-01-01,Net Electricity Production,"Total Renewables (Hydro, Geo, Solar, Wind, Other)",4452.2639,GWh
Chile,2022-01-01,Distribution Losses,Electricity,370.814,GWh
Chile,2022-01-01,Final Consumption (Calculated),Electricity,7167.3687,GWh
Colombia,2022-01-01,Net Electricity Production,Electricity,7143.3548,GWh
Colombia,2022-01-01,Net Electricity Production,Total Combustible Fuels,2740.4384,GWh
Colombia,2022-01-01,Net Electricity Production,"Coal, Peat and Manufactured Gases",1023.4274,GWh
Colombia,2022-01-01,Net Electricity Production,Oil and Petroleum Products,345.6569,GWh
Colombia,2022-01-01,Net Electricity Production,Natural Gas,1095.2273,GWh
Colombia,2022-01-01,Net Electricity Production,Combustible Renewables,276.1269,GWh
Colombia,2022-01-01,Net Electricity Production,Other Combustible Non-Renewables,0.0,GWh
Colombia,2022-01-01,Net Electricity Production,Hydro,4370.2449,GWh
Colombia,2022-01-01,Net Electricity Production,Wind,5.9469,GWh
Colombia,2022-01-01,Net Electricity Production,Solar,26.7245,GWh
Colombia,2022-01-01,Net Electricity Production,"Total Renewables (Hydro, Geo, Solar, Wind, Other)",4679.0433,GWh
Colombia,2022-01-01,Total Imports,Electricity,31.3918,GWh
Colombia,2022-01-01,Total Exports,Electricity,9.253,GWh
Colombia,2022-01-01,Distribution Losses,Electricity,341.3581,GWh
Colombia,2022-01-01,Final Consumption (Calculated),Electricity,6824.1356,GWh
Costa Rica,2022-01-01,Net Electricity Production,Electricity,1027.8017,GWh
Costa Rica,2022-01-01,Net Electricity Production,Total Combustible Fuels,36.9185,GWh
Costa Rica,2022-01-01,Net Electricity Production,Oil and Petroleum Products,2.7121,GWh
Costa Rica,2022-01-01,Net Electricity Production,Combustible Renewables,34.2064,GWh
Costa Rica,2022-01-01,Net Electricity Production,Hydro,659.0041,GWh
Costa Rica,2022-01-01,Net Electricity Production,Wind,206.6911,GWh
Costa Rica,2022-01-01,Net Electricity Production,Solar,6.431,GWh
Costa Rica,2022-01-01,Net Electricity Production,Geothermal,118.757,GWh
Costa Rica,2022-01-01,Net Electricity Production,"Total Renewables (Hydro, Geo, Solar, Wind, Other)",1025.0896,GWh
Costa Rica,2022-01-01,Total Exports,Electricity,32.3054,GWh
Costa Rica,2022-01-01,Distribution Losses,Electricity,106.0922,GWh
Costa Rica,2022-01-01,Final Consumption (Calculated),Electricity,889.404,GWh
Mexico,2022-01-01,Net Electricity Production,Electricity,24951.8798,GWh
Mexico,2022-01-01,Net Electricity Production,Nuclear,952.5102,GWh
Mexico,2022-01-01,Net Electricity Production,Total Combustible Fuels,19390.7675,GWh
Mexico,2022-01-01,Net Electricity Production,"Coal, Peat and Manufactured Gases",1487.3063,GWh
Mexico,2022-01-01,Net Electricity Production,Oil and Petroleum Products,3578.0527,GWh
Mexico,2022-01-01,Net Electricity Production,Natural Gas,13964.1428,GWh
Mexico,2022-01-01,Net Electricity Production,Combustible Renewables,348.6048,GWh
Mexico,2022-01-01,Net Electricity Production,Other Combustible Non-Renewables,12.6608,GWh
Mexico,2022-01-01,Net Electricity Production,Hydro,1647.4526,GWh
Mexico,2022-01-01,Net Electricity Production,Wind,1736.7278,GWh
Mexico,2022-01-01,Net Electricity Production,Solar,790.2332,GWh
Mexico,2022-01-01,Net Electricity Production,Geothermal,434.1885,GWh
Mexico,2022-01-01,Net Electricity Production,Not Specified,0.0,GWh
Mexico,2022-01-01,Net Electricity Production,"Total Renewables (Hydro, Geo, Solar, Wind, Other)",4957.207,GWh
Mexico,2022-01-01,Total Imports,Electricity,373.2857,GWh
Mexico,2022-01-01,Total Exports,Electricity,462.1234,GWh
Mexico,2022-01-01,Distribution Losses,Electricity,2910.885,GWh
Mexico,2022-01-01,Final Consumption (Calculated),Electricity,21952.1571,GWh
Argentina,2022-01-01,Net Electricity Production,Electricity,13896.3087,GWh
Argentina,2022-01-01,Net Electricity Production,Nuclear,981.8843,GWh
Argentina,2022-01-01,Net Electricity Production,Total Combustible Fuels,9967.896,GWh
Argentina,2022-01-01,Net Electricity Production,"Coal, Peat and Manufactured Gases",280.2355,GWh
Argentina,2022-01-01,Net Electricity Production,Oil and Petroleum Products,1467.9219,GWh
Argentina,2022-01-01,Net Electricity Production,Natural Gas,8044.1843,GWh
Argentina,2022-01-01,Net Electricity Production,Combustible Renewables,175.5543,GWh
Argentina,2022-01-01,Net Electricity Production,Hydro,1511.392,GWh
Argentina,2022-01-01,Net Electricity Production,Wind,1180.0766,GWh
Argentina,2022-01-01,Net Electricity Production,Solar,255.0598,GWh
Argentina,2022-01-01,Net Electricity Production,"Total Renewables (Hydro, Geo, Solar, Wind, Other)",3122.0827,GWh
Brazil,2022-01-01,Net Electricity Production,Electricity,59583.4237,GWh
Brazil,2022-01-01,Net Electricity Production,Nuclear,1388.5804,GWh
Brazil,2022-01-01,Net Electricity Production,Total Combustible Fuels,12774.8681,GWh
Brazil,2022-01-01,Net Electricity Production,"Coal, Peat and Manufactured Gases",1344.3053,GWh
Brazil,2022-01-01,Net Electricity Production,Oil and Petroleum Products,1819.6667,GWh
Brazil,2022-01-01,Net Electricity Production,Natural Gas,8084.4843,GWh
Brazil,2022-01-01,Net Electricity Production,Combustible Renewables,1386.479,GWh
Brazil,2022-01-01,Net Electricity Production,Other Combustible Non-Renewables,139.9328,GWh
Brazil,2022-01-01,Net Electricity Production,Hydro,38822.2392,GWh
Brazil,2022-01-01,Net Electricity Production,Wind,4614.4549,GWh
Brazil,2022-01-01,Net Electricity Production,Solar,1983.2812,GWh
Brazil,2022-01-01,Net Electricity Production,"Total Renewables (Hydro, Geo, Solar, Wind, Other)",46806.4542,GWh
Peru,2022-01-01,Net Electricity Production,Electricity,4784.3056,GWh
Peru,2022-01-01,Net Electricity Production,Total Combustible Fuels,1581.5508,GWh
Peru,2022-01-01,Net Electricity Production,"Coal, Peat and Manufactured Gases",10.5641,GWh
Peru,2022-01-01,Net Electricity Production,Oil and Petroleum Products,25.3042,GWh
Peru,2022-01-01,Net Electricity Production,Natural Gas,1504.345,GWh
Peru,2022-01-01,Net Electricity Production,Combustible Renewables,41.3375,GWh
Peru,2022-01-01,Net Electricity Production,Hydro,2981.1204,GWh
Peru,2022-01-01,Net Electricity Production,Wind,150.584,GWh
Peru,2022-01-01,Net Electricity Production,Solar,71.0504,GWh
Peru,2022-01-01,Net Electricity Production,"Total Renewables (Hydro, Geo, Solar, Wind, Other)",3244.0923,GWh
Chile,2021-12-01,Net Electricity Production,Electricity,7604.5773,GWh
Chile,2021-12-01,Net Electricity Production,Nuclear,0.0,GWh
Chile,2021-12-01,Net Electricity Production,Total Combustible Fuels,3615.6927,GWh
Chile,2021-12-01,Net Electricity Production,"Coal, Peat and Manufactured Gases",1837.9021,GWh
Chile,2021-12-01,Net Electricity Production,Oil and Petroleum Products,174.8963,GWh
Chile,2021-12-01,Net Electricity Production,Natural Gas,1170.4893,GWh
Chile,2021-12-01,Net Electricity Production,Combustible Renewables,432.405,GWh
Chile,2021-12-01,Net Electricity Production,Other Combustible Non-Renewables,0.0,GWh
Chile,2021-12-01,Net Electricity Production,Hydro,1927.3216,GWh
Chile,2021-12-01,Net Electricity Production,Wind,778.464,GWh
Chile,2021-12-01,Net Electricity Production,Solar,1257.5673,GWh
Chile,2021-12-01,Net Electricity Production,Geothermal,25.5317,GWh
Chile,2021-12-01,Net Electricity Production,Other Renewables,0.0,GWh
Chile,2021-12-01,Net Electricity Production,Not Specified,0.0,GWh
Chile,2021-12-01,Net Electricity Production,"Total Renewables (Hydro, Geo, Solar, Wind, Other)",4421.2896,GWh
Chile,2021-12-01,Total Imports,Electricity,0.0,GWh
Chile,2021-12-01,Total Exports,Electricity,0.0,GWh
Chile,2021-12-01,Used for pumped storage,Electricity,0.0,GWh
Chile,2021-12-01,Distribution Losses,Electricity,373.3932,GWh
Chile,2021-12-01,Final Consumption (Calculated),Electricity,7231.1841,GWh
Colombia,2021-12-01,Net Electricity Production,Electricity,7221.5913,GWh
Colombia,2021-12-01,Net Electricity Production,Nuclear,0.0,GWh
Colombia,2021-12-01,Net Electricity Production,Total Combustible Fuels,2487.8503,GWh
Colombia,2021-12-01,Net Electricity Production,"Coal, Peat and Manufactured Gases",691.3956,GWh
Colombia,2021-12-01,Net Electricity Production,Oil and Petroleum Products,336.9012,GWh
Colombia,2021-12-01,Net Electricity Production,Natural Gas,1190.4211,GWh
Colombia,2021-12-01,Net Electricity Production,Combustible Renewables,269.1324,GWh
Colombia,2021-12-01,Net Electricity Production,Other Combustible Non-Renewables,0.0,GWh
Colombia,2021-12-01,Net Electricity Production,Hydro,4693.1736,GWh
Colombia,2021-12-01,Net Electricity Production,Wind,4.4907,GWh
Colombia,2021-12-01,Net Electricity Production,Solar,36.0767,GWh
Colombia,2021-12-01,Net Electricity Production,Geothermal,0.0,GWh
Colombia,2021-12-01,Net Electricity Production,Other Renewables,0.0,GWh
Colombia,2021-12-01,Net Electricity Production,Not Specified,0.0,GWh
Colombia,2021-12-01,Net Electricity Production,"Total Renewables (Hydro, Geo, Solar, Wind, Other)",5002.8735,GWh
Colombia,2021-12-01,Total Imports,Electricity,105.5053,GWh
Colombia,2021-12-01,Total Exports,Electricity,0.3872,GWh
Colombia,2021-12-01,Used for pumped storage,Electricity,0.0,GWh
Colombia,2021-12-01,Distribution Losses,Electricity,396.3596,GWh
Colombia,2021-12-01,Final Consumption (Calculated),Electricity,6930.3499,GWh
Costa Rica,2021-12-01,Net Electricity Production,Electricity,1104.3787,GWh
Costa Rica,2021-12-01,Net Electricity Production,Total Combustible Fuels,29.2201,GWh
Costa Rica,2021-12-01,Net Electricity Production,Oil and Petroleum Products,0.8711,GWh
Costa Rica,2021-12-01,Net Electricity Production,Combustible Renewables,28.349,GWh
Costa Rica,2021-12-01,Net Electricity Production,Hydro,811.8566,GWh
Costa Rica,2021-12-01,Net Electricity Production,Wind,184.5064,GWh
Costa Rica,2021-12-01,Net Electricity Production,Solar,6.6197,GWh
Costa Rica,2021-12-01,Net Electricity Production,Geothermal,72.176,GWh
Costa Rica,2021-12-01,Net Electricity Production,"Total Renewables (Hydro, Geo, Solar, Wind, Other)",1103.5076,GWh
Costa Rica,2021-12-01,Total Exports,Electricity,116.6728,GWh
Costa Rica,2021-12-01,Distribution Losses,Electricity,117.8268,GWh
Costa Rica,2021-12-01,Final Consumption (Calculated),Electricity,869.8791,GWh
Mexico,2021-12-01,Net Electricity Production,Electricity,24895.9919,GWh
Mexico,2021-12-01,Net Electricity Production,Nuclear,945.4094,GWh
Mexico,2021-12-01,Net Electricity Production,Total Combustible Fuels,19344.5552,GWh
Mexico,2021-12-01,Net Electricity Production,"Coal, Peat and Manufactured Gases",1483.5583,GWh
Mexico,2021-12-01,Net Electricity Production,Oil and Petroleum Products,3569.5725,GWh
Mexico,2021-12-01,Net Electricity Production,Natural Gas,13931.047,GWh
Mexico,2021-12-01,Net Electricity Production,Combustible Renewables,347.7467,GWh
Mexico,2021-12-01,Net Electricity Production,Other Combustible Non-Renewables,12.6308,GWh
Mexico,2021-12-01,Net Electricity Production,Hydro,1647.9007,GWh
Mexico,2021-12-01,Net Electricity Production,Wind,1734.6411,GWh
Mexico,2021-12-01,Net Electricity Production,Solar,790.3446,GWh
Mexico,2021-12-01,Net Electricity Production,Geothermal,433.1409,GWh
Mexico,2021-12-01,Net Electricity Production,Other Renewables,0.0,GWh
Mexico,2021-12-01,Net Electricity Production,Not Specified,0.0,GWh
Mexico,2021-12-01,Net Electricity Production,"Total Renewables (Hydro, Geo, Solar, Wind, Other)",4953.774,GWh
Mexico,2021-12-01,Total Imports,Electricity,701.4393,GWh
Mexico,2021-12-01,Total Exports,Electricity,573.8971,GWh
Mexico,2021-12-01,Used for pumped storage,Electricity,0.0,GWh
Mexico,2021-12-01,Distribution Losses,Electricity,2919.3103,GWh
Mexico,2021-12-01,Final Consumption (Calculated),Electricity,22104.2238,GWh
Argentina,2021-12-01,Net Electricity Production,Electricity,13219.1797,GWh
Argentina,2021-12-01,Net Electricity Production,Nuclear,1030.7934,GWh
Argentina,2021-12-01,Net Electricity Production,Total Combustible Fuels,9263.3375,GWh
Argentina,2021-12-01,Net Electricity Production,"Coal, Peat and Manufactured Gases",240.2345,GWh
Argentina,2021-12-01,Net Electricity Production,Oil and Petroleum Products,1309.6775,GWh
Argentina,2021-12-01,Net Electricity Production,Natural Gas,7535.329,GWh
Argentina,2021-12-01,Net Electricity Production,Combustible Renewables,178.0965,GWh
Argentina,2021-12-01,Net Electricity Production,Other Combustible Non-Renewables,0.0,GWh
Argentina,2021-12-01,Net Electricity Production,Hydro,1580.2811,GWh
Argentina,2021-12-01,Net Electricity Production,Wind,1096.5491,GWh
Argentina,2021-12-01,Net Electricity Production,Solar,248.2187,GWh
Argentina,2021-12-01,Net Electricity Production,Geothermal,0.0,GWh
Argentina,2021-12-01,Net Electricity Production,Other Renewables,0.0,GWh
Argentina,2021-12-01,Net Electricity Production,Not Specified,0.0,GWh
Argentina,2021-12-01,Net Electricity Production,"Total Renewables (Hydro, Geo, Solar, Wind, Other)",3103.1454,GWh
Brazil,2021-12-01,Net Electricity Production,Electricity,54470.1057,GWh
Brazil,2021-12-01,Net Electricity Production,Nuclear,1395.076,GWh
Brazil,2021-12-01,Net Electricity Production,Total Combustible Fuels,11466.4306,GWh
Brazil,2021-12-01,Net Electricity Production,"Coal, Peat and Manufactured Gases",1578.0358,GWh
Brazil,2021-12-01,Net Electricity Production,Oil and Petroleum Products,903.9254,GWh
Brazil,2021-12-01,Net Electricity Production,Natural Gas,6965.5442,GWh
Brazil,2021-12-01,Net Electricity Production,Combustible Renewables,1850.7235,GWh
Brazil,2021-12-01,Net Electricity Production,Other Combustible Non-Renewables,168.2017,GWh
Brazil,2021-12-01,Net Electricity Production,Hydro,33935.3215,GWh
Brazil,2021-12-01,Net Electricity Production,Wind,6012.6327,GWh
Brazil,2021-12-01,Net Electricity Production,Solar,1660.6449,GWh
Brazil,2021-12-01,Net Electricity Production,Geothermal,0.0,GWh
Brazil,2021-12-01,Net Electricity Production,Other Renewables,0.0,GWh
Brazil,2021-12-01,Net Electricity Production,Not Specified,0.0,GWh
Brazil,2021-12-01,Net Electricity Production,"Total Renewables (Hydro, Geo, Solar, Wind, Other)",43459.3226,GWh
Peru,2021-12-01,Net Electricity Production,Electricity,4788.5738,GWh
Peru,2021-12-01,Net Electricity Production,Total Combustible Fuels,1541.9584,GWh
Peru,2021-12-01,Net Electricity Production,"Coal, Peat and Manufactured Gases",11.0291,GWh
Peru,2021-12-01,Net Electricity Production,Oil and Petroleum Products,26.4181,GWh
Peru,2021-12-01,Net Electricity Production,Natural Gas,1461.3539,GWh
Peru,2021-12-01,Net Electricity Production,Combustible Renewables,43.1572,GWh
Peru,2021-12-01,Net Electricity Production,Hydro,3029.2855,GWh
Peru,2021-12-01,Net Electricity Production,Wind,144.526,GWh
Peru,2021-12-01,Net Electricity Production,Solar,72.8039,GWh
Peru,2021-12-01,Net Electricity Production,"Total Renewables (Hydro, Geo, Solar, Wind, Other)",3289.7726,GWh
Chile,2021-11-01,Net Electricity Production,Electricity,7167.7067,GWh
Chile,2021-11-01,Net Electricity Production,Nuclear,0.0,GWh
Chile,2021-11-01,Net Electricity Production,Total Combustible Fuels,3224.9797,GWh
Chile,2021-11-01,Net Electricity Production,"Coal, Peat and Manufactured Gases",1629.7254,GWh
Chile,2021-11-01,Net Electricity Production,Oil and Petroleum Products,162.8694,GWh
Chile,2021-11-01,Net Electricity Production,Natural Gas,1047.6441,GWh
Chile,2021-11-01,Net Electricity Production,Combustible Renewables,384.7407,GWh
Chile,2021-11-01,Net Electricity Production,Other Combustible Non-Renewables,0.0,GWh
Chile,2021-11-01,Net Electricity Production,Hydro,1852.4401,GWh
Chile,2021-11-01,Net Electricity Production,Wind,806.1218,GWh
Chile,2021-11-01,Net Electricity Production,Solar,1258.7678,GWh
Chile,2021-11-01,Net Electricity Production,Geothermal,25.3973,GWh
Chile,2021-11-01,Net Electricity Production,Other Renewables,0.0,GWh
Chile,2021-11-01,Net Electricity Production,Not Specified,0.0,GWh
Chile,2021-11-01,Net Electricity Production,"Total Renewables (Hydro, Geo, Solar, Wind, Other)",4327.4677,GWh
Chile,2021-11-01,Total Imports,Electricity,0.0,GWh
Chile,2021-11-01,Total Exports,Electricity,0.0,GWh
Chile,2021-11-01,Used for pumped storage,Electricity,0.0,GWh
Chile,2021-11-01,Distribution Losses,Electricity,349.6667,GWh
Chile,2021-11-01,Final Consumption (Calculated),Electricity,6818.04,GWh
Colombia,2021-11-01,Net Electricity Production,Electricity,6804.3955,GWh
Colombia,2021-11-01,Net Electricity Production,Nuclear,0.0,GWh
Colombia,2021-11-01,Net Electricity Production,Total Combustible Fuels,1577.4538,GWh
Colombia,2021-11-01,Net Electricity Production,"Coal, Peat and Manufactured Gases",172.8403,GWh
Colombia,2021-11-01,Net Electricity Production,Oil and Petroleum Products,160.3633,GWh
Colombia,2021-11-01,Net Electricity Production,Natural Gas,1116.1446,GWh
Colombia,2021-11-01,Net Electricity Production,Combustible Renewables,128.1057,GWh
Colombia,2021-11-01,Net Electricity Production,Other Combustible Non-Renewables,0.0,GWh
Colombia,2021-11-01,Net Electricity Production,Hydro,5189.8627,GWh
Colombia,2021-11-01,Net Electricity Production,Wind,3.0773,GWh
Colombia,2021-11-01,Net Electricity Production,Solar,34.0016,GWh
Colombia,2021-11-01,Net Electricity Production,Geothermal,0.0,GWh
Colombia,2021-11-01,Net Electricity Production,Other Renewables,0.0,GWh
Colombia,2021-11-01,Net Electricity Production,Not Specified,0.0,GWh
Colombia,2021-11-01,Net Electricity Production,"Total Renewables (Hydro, Geo, Solar, Wind, Other)",5355.0473,GWh
Colombia,2021-11-01,Total Imports,Electricity,1.4657,GWh
Colombia,2021-11-01,Total Exports,Electricity,9.9124,GWh
Colombia,2021-11-01,Used for pumped storage,Electricity,0.0,GWh
Colombia,2021-11-01,Distribution Losses,Electricity,397.6381,GWh
Colombia,2021-11-01,Final Consumption (Calculated),Electricity,6398.3107,GWh
Costa Rica,2021-11-01,Net Electricity Production,Electricity,1028.477,GWh
Costa Rica,2021-11-01,Net Electricity Production,Total Combustible Fuels,1.8107,GWh
Costa Rica,2021-11-01,Net Electricity Production,Oil and Petroleum Products,0.0,GWh
Costa Rica,2021-11-01,Net Electricity Production,Combustible Renewables,1.8107,GWh
Costa Rica,2021-11-01,Net Electricity Production,Hydro,794.5265,GWh
Costa Rica,2021-11-01,Net Electricity Production,Wind,146.6915,GWh
Costa Rica,2021-11-01,Net Electricity Production,Solar,6.8939,GWh
Costa Rica,2021-11-01,Net Electricity Production,Geothermal,78.5544,GWh
Costa Rica,2021-11-01,Net Electricity Production,"Total Renewables (Hydro, Geo, Solar, Wind, Other)",1028.477,GWh
Costa Rica,2021-11-01,Total Exports,Electricity,76.2227,GWh
Costa Rica,2021-11-01,Distribution Losses,Electricity,70.1389,GWh
Costa Rica,2021-11-01,Final Consumption (Calculated),Electricity,882.1153,GWh
Mexico,2021-11-01,Net Electricity Production,Electricity,24393.2882,GWh
Mexico,2021-11-01,Net Electricity Production,Nuclear,999.1402,GWh
Mexico,2021-11-01,Net Electricity Production,Total Combustible Fuels,17660.1371,GWh
Mexico,2021-11-01,Net Electricity Production,"Coal, Peat and Manufactured Gases",846.9693,GWh
Mexico,2021-11-01,Net Electricity Production,Oil and Petroleum Products,3413.3946,GWh
Mexico,2021-11-01,Net Electricity Production,Natural Gas,13321.5282,GWh
Mexico,2021-11-01,Net Electricity Production,Combustible Renewables,66.1668,GWh
Mexico,2021-11-01,Net Electricity Production,Other Combustible Non-Renewables,12.0782,GWh
Mexico,2021-11-01,Net Electricity Production,Hydro,2267.5509,GWh
Mexico,2021-11-01,Net Electricity Production,Wind,2149.9027,GWh
Mexico,2021-11-01,Net Electricity Production,Solar,927.1873,GWh
Mexico,2021-11-01,Net Electricity Production,Geothermal,389.37,GWh
Mexico,2021-11-01,Net Electricity Production,Other Renewables,0.0,GWh
Mexico,2021-11-01,Net Electricity Production,Not Specified,0.0,GWh
Mexico,2021-11-01,Net Electricity Production,"Total Renewables (Hydro, Geo, Solar, Wind, Other)",5800.1777,GWh
Mexico,2021-11-01,Total Imports,Electricity,580.5407,GWh
Mexico,2021-11-01,Total Exports,Electricity,479.6299,GWh
Mexico,2021-11-01,Used for pumped storage,Electricity,0.0,GWh
Mexico,2021-11-01,Distribution Losses,Electricity,2873.5577,GWh
Mexico,2021-11-01,Final Consumption (Calculated),Electricity,21620.6413,GWh
Argentina,2021-11-01,Net Electricity Production,Electricity,11384.728,GWh
Argentina,2021-11-01,Net Electricity Production,Nuclear,1070.4126,GWh
Argentina,2021-11-01,Net Electricity Production,Total Combustible Fuels,7266.2439,GWh
Argentina,2021-11-01,Net Electricity Production,"Coal, Peat and Manufactured Gases",272.7731,GWh
Argentina,2021-11-01,Net Electricity Production,Oil and Petroleum Products,635.4428,GWh
Argentina,2021-11-01,Net Electricity Production,Natural Gas,6161.5959,GWh
Argentina,2021-11-01,Net Electricity Production,Combustible Renewables,196.4321,GWh
Argentina,2021-11-01,Net Electricity Production,Other Combustible Non-Renewables,0.0,GWh
Argentina,2021-11-01,Net Electricity Production,Hydro,1674.5329,GWh
Argentina,2021-11-01,Net Electricity Production,Wind,1095.557,GWh
Argentina,2021-11-01,Net Electricity Production,Solar,277.9817,GWh
Argentina,2021-11-01,Net Electricity Production,Geothermal,0.0,GWh
Argentina,2021-11-01,Net Electricity Production,Other Renewables,0.0,GWh
Argentina,2021-11-01,Net Electricity Production,Not Specified,0.0,GWh
Argentina,2021-11-01,Net Electricity Production,"Total Renewables (Hydro, Geo, Solar, Wind, Other)",3244.5037,GWh
Brazil,2021-11-01,Net Electricity Production,Electricity,53362.2411,GWh
Brazil,2021-11-01,Net Electricity Production,Nuclear,1243.1472,GWh
Brazil,2021-11-01,Net Electricity Production,Total Combustible Fuels,16110.47,GWh
Brazil,2021-11-01,Net Electricity Production,"Coal, Peat and Manufactured Gases",2093.6932,GWh
Brazil,2021-11-01,Net Electricity Production,Oil and Petroleum Products,2369.5634,GWh
Brazil,2021-11-01,Net Electricity Production,Natural Gas,8133.0018,GWh
Brazil,2021-11-01,Net Electricity Production,Combustible Renewables,3346.01,GWh
Brazil,2021-11-01,Net Electricity Production,Other Combustible Non-Renewables,168.2017,GWh
Brazil,2021-11-01,Net Electricity Production,Hydro,28358.386,GWh
Brazil,2021-11-01,Net Electricity Production,Wind,5913.0151,GWh
Brazil,2021-11-01,Net Electricity Production,Solar,1737.2228,GWh
Brazil,2021-11-01,Net Electricity Production,Geothermal,0.0,GWh
Brazil,2021-11-01,Net Electricity Production,Other Renewables,0.0,GWh
Brazil,2021-11-01,Net Electricity Production,Not Specified,0.0,GWh
Brazil,2021-11-01,Net Electricity Production,"Total Renewables (Hydro, Geo, Solar, Wind, Other)",39354.6339,GWh
Peru,2021-11-01,Net Electricity Production,Electricity,4625.4082,GWh
Peru,2021-11-01,Net Electricity Production,Total Combustible Fuels,1921.6077,GWh
Peru,2021-11-01,Net Electricity Production,"Coal, Peat and Manufactured Gases",12.7568,GWh
Peru,2021-11-01,Net Electricity Production,Oil and Petroleum Products,30.5564,GWh
Peru,2021-11-01,Net Electricity Production,Natural Gas,1828.377,GWh
Peru,2021-11-01,Net Electricity Production,Combustible Renewables,49.9175,GWh
Peru,2021-11-01,Net Electricity Production,Hydro,2468.4187,GWh
Peru,2021-11-01,Net Electricity Production,Wind,159.8068,GWh
Peru,2021-11-01,Net Electricity Production,Solar,75.575,GWh
Peru,2021-11-01,Net Electricity Production,"Total Renewables (Hydro, Geo, Solar, Wind, Other)",2753.718,GWh
Chile,2021-10-01,Net Electricity Production,Electricity,7223.8758,GWh
Chile,2021-10-01,Net Electricity Production,Nuclear,0.0,GWh
Chile,2021-10-01,Net Electricity Production,Total Combustible Fuels,3453.7278,GWh
Chile,2021-10-01,Net Electricity Production,"Coal, Peat and Manufactured Gases",1672.183,GWh
Chile,2021-10-01,Net Electricity Production,Oil and Petroleum Products,195.2967,GWh
Chile,2021-10-01,Net Electricity Production,Natural Gas,1204.096,GWh
Chile,2021-10-01,Net Electricity Production,Combustible Renewables,382.1522,GWh
Chile,2021-10-01,Net Electricity Production,Other Combustible Non-Renewables,0.0,GWh
Chile,2021-10-01,Net Electricity Production,Hydro,1737.731,GWh
Chile,2021-10-01,Net Electricity Production,Wind,843.8868,GWh
Chile,2021-10-01,Net Electricity Production,Solar,1161.9079,GWh
Chile,2021-10-01,Net Electricity Production,Geothermal,26.6222,GWh
Chile,2021-10-01,Net Electricity Production,Other Renewables,0.0,GWh
Chile,2021-10-01,Net Electricity Production,Not Specified,0.0,GWh
Chile,2021-10-01,Net Electricity Production,"Total Renewables (Hydro, Geo, Solar, Wind, Other)",4152.3001,GWh
Chile,2021-10-01,Total Imports,Electricity,0.0,GWh
Chile,2021-10-01,Total Exports,Electricity,0.0,GWh
Chile,2021-10-01,Used for pumped storage,Electricity,0.0,GWh
Chile,2021-10-01,Distribution Losses,Electricity,353.7588,GWh
Chile,2021-10-01,Final Consumption (Calculated),Electricity,6870.117,GWh
Colombia,2021-10-01,Net Electricity Production,Electricity,7186.7324,GWh
Colombia,2021-10-01,Net Electricity Production,Nuclear,0.0,GWh
Colombia,2021-10-01,Net Electricity Production,Total Combustible Fuels,1717.4026,GWh
Colombia,2021-10-01,Net Electricity Production,"Coal, Peat and Manufactured Gases",214.9951,GWh
Colombia,2021-10-01,Net Electricity Production,Oil and Petroleum Products,193.3999,GWh
Colombia,2021-10-01,Net Electricity Production,Natural Gas,1154.5108,GWh
Colombia,2021-10-01,Net Electricity Production,Combustible Renewables,154.4969,GWh
Colombia,2021-10-01,Net Electricity Production,Other Combustible Non-Renewables,0.0,GWh
Colombia,2021-10-01,Net Electricity Production,Hydro,5435.3479,GWh
Colombia,2021-10-01,Net Electricity Production,Wind,2.5638,GWh
Colombia,2021-10-01,Net Electricity Production,Solar,31.4181,GWh
Colombia,2021-10-01,Net Electricity Production,Geothermal,0.0,GWh
Colombia,2021-10-01,Net Electricity Production,Other Renewables,0.0,GWh
Colombia,2021-10-01,Net Electricity Production,Not Specified,0.0,GWh
Colombia,2021-10-01,Net Electricity Production,"Total Renewables (Hydro, Geo, Solar, Wind, Other)",5623.8267,GWh
Colombia,2021-10-01,Total Imports,Electricity,4.2992,GWh
Colombia,2021-10-01,Total Exports,Electricity,141.0173,GWh
Colombia,2021-10-01,Used for pumped storage,Electricity,0.0,GWh
Colombia,2021-10-01,Distribution Losses,Electricity,427.1686,GWh
Colombia,2021-10-01,Final Consumption (Calculated),Electricity,6622.8458,GWh
Costa Rica,2021-10-01,Net Electricity Production,Electricity,1045.9784,GWh
Costa Rica,2021-10-01,Net Electricity Production,Total Combustible Fuels,1.8323,GWh
Costa Rica,2021-10-01,Net Electricity Production,Oil and Petroleum Products,0.0264,GWh
Costa Rica,2021-10-01,Net Electricity Production,Combustible Renewables,1.8059,GWh
Costa Rica,2021-10-01,Net Electricity Production,Hydro,869.6976,GWh
Costa Rica,2021-10-01,Net Electricity Production,Wind,51.4994,GWh
Costa Rica,2021-10-01,Net Electricity Production,Solar,6.6063,GWh
Costa Rica,2021-10-01,Net Electricity Production,Geothermal,116.3428,GWh
Costa Rica,2021-10-01,Net Electricity Production,"Total Renewables (Hydro, Geo, Solar, Wind, Other)",1045.952,GWh
Costa Rica,2021-10-01,Total Exports,Electricity,69.6212,GWh
Costa Rica,2021-10-01,Distribution Losses,Electricity,108.925,GWh
Costa Rica,2021-10-01,Final Consumption (Calculated),Electricity,867.4322,GWh
Mexico,2021-10-01,Net Electricity Production,Electricity,27550.2966,GWh
Mexico,2021-10-01,Net Electricity Production,Nuclear,880.6698,GWh
Mexico,2021-10-01,Net Electricity Production,Total Combustible Fuels,19454.0277,GWh
Mexico,2021-10-01,Net Electricity Production,"Coal, Peat and Manufactured Gases",668.2579,GWh
Mexico,2021-10-01,Net Electricity Production,Oil and Petroleum Products,3823.1882,GWh
Mexico,2021-10-01,Net Electricity Production,Natural Gas,14920.8382,GWh
Mexico,2021-10-01,Net Electricity Production,Combustible Renewables,28.2152,GWh
Mexico,2021-10-01,Net Electricity Production,Other Combustible Non-Renewables,13.5282,GWh
Mexico,2021-10-01,Net Electricity Production,Hydro,4303.6306,GWh
Mexico,2021-10-01,Net Electricity Production,Wind,1523.079,GWh
Mexico,2021-10-01,Net Electricity Production,Solar,1010.686,GWh
Mexico,2021-10-01,Net Electricity Production,Geothermal,378.2035,GWh
Mexico,2021-10-01,Net Electricity Production,Other Renewables,0.0,GWh
Mexico,2021-10-01,Net Electricity Production,Not Specified,0.0,GWh
Mexico,2021-10-01,Net Electricity Production,"Total Renewables (Hydro, Geo, Solar, Wind, Other)",7243.8143,GWh
Mexico,2021-10-01,Total Imports,Electricity,600.4871,GWh
Mexico,2021-10-01,Total Exports,Electricity,468.9618,GWh
Mexico,2021-10-01,Used for pumped storage,Electricity,0.0,GWh
Mexico,2021-10-01,Distribution Losses,Electricity,3248.496,GWh
Mexico,2021-10-01,Final Consumption (Calculated),Electricity,24433.3258,GWh
Argentina,2021-10-01,Net Electricity Production,Electricity,11182.3008,GWh
Argentina,2021-10-01,Net Electricity Production,Nuclear,913.7695,GWh
Argentina,2021-10-01,Net Electricity Production,Total Combustible Fuels,6838.5319,GWh
Argentina,2021-10-01,Net Electricity Production,"Coal, Peat and Manufactured Gases",136.3776,GWh
Argentina,2021-10-01,Net Electricity Production,Oil and Petroleum Products,844.3849,GWh
Argentina,2021-10-01,Net Electricity Production,Natural Gas,5642.5032,GWh
Argentina,2021-10-01,Net Electricity Production,Combustible Renewables,215.2662,GWh
Argentina,2021-10-01,Net Electricity Production,Other Combustible Non-Renewables,0.0,GWh
Argentina,2021-10-01,Net Electricity Production,Hydro,1943.3977,GWh
Argentina,2021-10-01,Net Electricity Production,Wind,1222.0909,GWh
Argentina,2021-10-01,Net Electricity Production,Solar,264.5108,GWh
Argentina,2021-10-01,Net Electricity Production,Geothermal,0.0,GWh
Argentina,2021-10-01,Net Electricity Production,Other Renewables,0.0,GWh
Argentina,2021-10-01,Net Electricity Production,Not Specified,0.0,GWh
Argentina,2021-10-01,Net Electricity Production,"Total Renewables (Hydro, Geo, Solar, Wind, Other)",3645.2656,GWh
Brazil,2021-10-01,Net Electricity Production,Electricity,54431.4439,GWh
Brazil,2021-10-01,Net Electricity Production,Nuclear,1332.4567,GWh
Brazil,2021-10-01,Net Electricity Production,Total Combustible Fuels,19450.6779,GWh
Brazil,2021-10-01,Net Electricity Production,"Coal, Peat and Manufactured Gases",2371.7133,GWh
Brazil,2021-10-01,Net Electricity Production,Oil and Petroleum Products,3015.9651,GWh
Brazil,2021-10-01,Net Electricity Production,Natural Gas,8871.6974,GWh
Brazil,2021-10-01,Net Electricity Production,Combustible Renewables,5023.1004,GWh
Brazil,2021-10-01,Net Electricity Production,Other Combustible Non-Renewables,168.2017,GWh
Brazil,2021-10-01,Net Electricity Production,Hydro,24587.3351,GWh
Brazil,2021-10-01,Net Electricity Production,Wind,7297.4962,GWh
Brazil,2021-10-01,Net Electricity Production,Solar,1763.478,GWh
Brazil,2021-10-01,Net Electricity Production,Geothermal,0.0,GWh
Brazil,2021-10-01,Net Electricity Production,Other Renewables,0.0,GWh
Brazil,2021-10-01,Net Electricity Production,Not Specified,0.0,GWh
Brazil,2021-10-01,Net Electricity Production,"Total Renewables (Hydro, Geo, Solar, Wind, Other)",38671.4097,GWh
Peru,2021-10-01,Net Electricity Production,Electricity,4705.4314,GWh
Peru,2021-10-01,Net Electricity Production,Total Combustible Fuels,2133.7165,GWh
Peru,2021-10-01,Net Electricity Production,"Coal, Peat and Manufactured Gases",14.2645,GWh
Peru,2021-10-01,Net Electricity Production,Oil and Petroleum Products,34.1679,GWh
Peru,2021-10-01,Net Electricity Production,Natural Gas,2029.4667,GWh
Peru,2021-10-01,Net Electricity Production,Combustible Renewables,55.8173,GWh
Peru,2021-10-01,Net Electricity Production,Hydro,2317.028,GWh
Peru,2021-10-01,Net Electricity Production,Wind,174.6903,GWh
Peru,2021-10-01,Net Electricity Production,Solar,79.9966,GWh
Peru,2021-10-01,Net Electricity Production,"Total Renewables (Hydro, Geo, Solar, Wind, Other)",2627.5322,GWh
Chile,2021-09-01,Net Electricity Production,Electricity,6936.5737,GWh
Chile,2021-09-01,Net Electricity Production,Nuclear,0.0,GWh
Chile,2021-09-01,Net Electricity Production,Total Combustible Fuels,3587.3064,GWh
Chile,2021-09-01,Net Electricity Production,"Coal, Peat and Manufactured Gases",1851.055,GWh
Chile,2021-09-01,Net Electricity Production,Oil and Petroleum Products,171.0257,GWh
Chile,2021-09-01,Net Electricity Production,Natural Gas,1198.2558,GWh
Chile,2021-09-01,Net Electricity Production,Combustible Renewables,366.97,GWh
Chile,2021-09-01,Net Electricity Production,Other Combustible Non-Renewables,0.0,GWh
Chile,2021-09-01,Net Electricity Production,Hydro,1567.0412,GWh
Chile,2021-09-01,Net Electricity Production,Wind,814.6784,GWh
Chile,2021-09-01,Net Electricity Production,Solar,938.6508,GWh
Chile,2021-09-01,Net Electricity Production,Geothermal,28.8969,GWh
Chile,2021-09-01,Net Electricity Production,Other Renewables,0.0,GWh
Chile,2021-09-01,Net Electricity Production,Not Specified,0.0,GWh
Chile,2021-09-01,Net Electricity Production,"Total Renewables (Hydro, Geo, Solar, Wind, Other)",3716.2373,GWh
Chile,2021-09-01,Total Imports,Electricity,0.0,GWh
Chile,2021-09-01,Total Exports,Electricity,0.0,GWh
Chile,2021-09-01,Used for pumped storage,Electricity,0.0,GWh
Chile,2021-09-01,Distribution Losses,Electricity,341.3636,GWh
Chile,2021-09-01,Final Consumption (Calculated),Electricity,6595.2101,GWh
Colombia,2021-09-01,Net Electricity Production,Electricity,7011.7881,GWh
Colombia,2021-09-01,Net Electricity Production,Nuclear,0.0,GWh
Colombia,2021-09-01,Net Electricity Production,Total Combustible Fuels,1624.1811,GWh
Colombia,2021-09-01,Net Electricity Production,"Coal, Peat and Manufactured Gases",190.4278,GWh
Colombia,2021-09-01,Net Electricity Production,Oil and Petroleum Products,184.7822,GWh
Colombia,2021-09-01,Net Electricity Production,Natural Gas,1101.3584,GWh
Colombia,2021-09-01,Net Electricity Production,Combustible Renewables,147.6126,GWh
Colombia,2021-09-01,Net Electricity Production,Other Combustible Non-Renewables,0.0,GWh
Colombia,2021-09-01,Net Electricity Production,Hydro,5355.6031,GWh
Colombia,2021-09-01,Net Electricity Production,Wind,3.7423,GWh
Colombia,2021-09-01,Net Electricity Production,Solar,28.2617,GWh
Colombia,2021-09-01,Net Electricity Production,Geothermal,0.0,GWh
Colombia,2021-09-01,Net Electricity Production,Other Renewables,0.0,GWh
Colombia,2021-09-01,Net Electricity Production,Not Specified,0.0,GWh
Colombia,2021-09-01,Net Electricity Production,"Total Renewables (Hydro, Geo, Solar, Wind, Other)",5535.2197,GWh
Colombia,2021-09-01,Total Imports,Electricity,0.0949,GWh
Colombia,2021-09-01,Total Exports,Electricity,180.6138,GWh
Colombia,2021-09-01,Used for pumped storage,Electricity,0.0,GWh
Colombia,2021-09-01,Distribution Losses,Electricity,443.6239,GWh
Colombia,2021-09-01,Final Consumption (Calculated),Electricity,6387.6454,GWh
Costa Rica,2021-09-01,Net Electricity Production,Electricity,1012.2059,GWh
Costa Rica,2021-09-01,Net Electricity Production,Total Combustible Fuels,2.2748,GWh
Costa Rica,2021-09-01,Net Electricity Production,Oil and Petroleum Products,0.4699,GWh
Costa Rica,2021-09-01,Net Electricity Production,Combustible Renewables,1.8049,GWh
Costa Rica,2021-09-01,Net Electricity Production,Hydro,825.2305,GWh
Costa Rica,2021-09-01,Net Electricity Production,Wind,59.8651,GWh
Costa Rica,2021-09-01,Net Electricity Production,Solar,6.3212,GWh
Costa Rica,2021-09-01,Net Electricity Production,Geothermal,118.5142,GWh
Costa Rica,2021-09-01,Net Electricity Production,"Total Renewables (Hydro, Geo, Solar, Wind, Other)",1011.736,GWh
Costa Rica,2021-09-01,Total Exports,Electricity,74.6669,GWh
Costa Rica,2021-09-01,Distribution Losses,Electricity,54.3556,GWh
Costa Rica,2021-09-01,Final Consumption (Calculated),Electricity,883.1833,GWh
Mexico,2021-09-01,Net Electricity Production,Electricity,28354.2966,GWh
Mexico,2021-09-01,Net Electricity Production,Nuclear,1073.9475,GWh
Mexico,2021-09-01,Net Electricity Production,Total Combustible Fuels,20158.4723,GWh
Mexico,2021-09-01,Net Electricity Production,"Coal, Peat and Manufactured Gases",474.4172,GWh
Mexico,2021-09-01,Net Electricity Production,Oil and Petroleum Products,4007.3858,GWh
Mexico,2021-09-01,Net Electricity Production,Natural Gas,15639.7103,GWh
Mexico,2021-09-01,Net Electricity Production,Combustible Renewables,22.779,GWh
Mexico,2021-09-01,Net Electricity Production,Other Combustible Non-Renewables,14.18,GWh
Mexico,2021-09-01,Net Electricity Production,Hydro,4553.7,GWh
Mexico,2021-09-01,Net Electricity Production,Wind,1234.9572,GWh
Mexico,2021-09-01,Net Electricity Production,Solar,955.9251,GWh
Mexico,2021-09-01,Net Electricity Production,Geothermal,377.2946,GWh
Mexico,2021-09-01,Net Electricity Production,Other Renewables,0.0,GWh
Mexico,2021-09-01,Net Electricity Production,Not Specified,0.0,GWh
Mexico,2021-09-01,Net Electricity Production,"Total Renewables (Hydro, Geo, Solar, Wind, Other)",7144.6559,GWh
Mexico,2021-09-01,Total Imports,Electricity,658.5748,GWh
Mexico,2021-09-01,Total Exports,Electricity,356.4712,GWh
Mexico,2021-09-01,Used for pumped storage,Electricity,0.0,GWh
Mexico,2021-09-01,Distribution Losses,Electricity,3347.2477,GWh
Mexico,2021-09-01,Final Consumption (Calculated),Electricity,25309.1525,GWh
Argentina,2021-09-01,Net Electricity Production,Electricity,11364.4848,GWh
Argentina,2021-09-01,Net Electricity Production,Nuclear,782.6645,GWh
Argentina,2021-09-01,Net Electricity Production,Total Combustible Fuels,7547.7433,GWh
Argentina,2021-09-01,Net Electricity Production,"Coal, Peat and Manufactured Gases",314.3614,GWh
Argentina,2021-09-01,Net Electricity Production,Oil and Petroleum Products,769.9771,GWh
Argentina,2021-09-01,Net Electricity Production,Natural Gas,6251.8294,GWh
Argentina,2021-09-01,Net Electricity Production,Combustible Renewables,211.5754,GWh
Argentina,2021-09-01,Net Electricity Production,Other Combustible Non-Renewables,0.0,GWh
Argentina,2021-09-01,Net Electricity Production,Hydro,1797.1697,GWh
Argentina,2021-09-01,Net Electricity Production,Wind,1043.5548,GWh
Argentina,2021-09-01,Net Electricity Production,Solar,193.3525,GWh
Argentina,2021-09-01,Net Electricity Production,Geothermal,0.0,GWh
Argentina,2021-09-01,Net Electricity Production,Other Renewables,0.0,GWh
Argentina,2021-09-01,Net Electricity Production,Not Specified,0.0,GWh
Argentina,2021-09-01,Net Electricity Production,"Total Renewables (Hydro, Geo, Solar, Wind, Other)",3245.6524,GWh
Brazil,2021-09-01,Net Electricity Production,Electricity,54501.3773,GWh
Brazil,2021-09-01,Net Electricity Production,Nuclear,1364.2796,GWh
Brazil,2021-09-01,Net Electricity Production,Total Combustible Fuels,19435.1689,GWh
Brazil,2021-09-01,Net Electricity Production,"Coal, Peat and Manufactured Gases",2304.9263,GWh
Brazil,2021-09-01,Net Electricity Production,Oil and Petroleum Products,2784.3666,GWh
Brazil,2021-09-01,Net Electricity Production,Natural Gas,7728.7405,GWh
Brazil,2021-09-01,Net Electricity Production,Combustible Renewables,6448.9337,GWh
Brazil,2021-09-01,Net Electricity Production,Other Combustible Non-Renewables,168.2017,GWh
Brazil,2021-09-01,Net Electricity Production,Hydro,24028.8141,GWh
Brazil,2021-09-01,Net Electricity Production,Wind,7863.69,GWh
Brazil,2021-09-01,Net Electricity Production,Solar,1809.4247,GWh
Brazil,2021-09-01,Net Electricity Production,Geothermal,0.0,GWh
Brazil,2021-09-01,Net Electricity Production,Other Renewables,0.0,GWh
Brazil,2021-09-01,Net Electricity Production,Not Specified,0.0,GWh
Brazil,2021-09-01,Net Electricity Production,"Total Renewables (Hydro, Geo, Solar, Wind, Other)",40150.8625,GWh
Peru,2021-09-01,Net Electricity Production,Electricity,4546.1471,GWh
Peru,2021-09-01,Net Electricity Production,Total Combustible Fuels,2427.047,GWh
Peru,2021-09-01,Net Electricity Production,"Coal, Peat and Manufactured Gases",12.967,GWh
Peru,2021-09-01,Net Electricity Production,Oil and Petroleum Products,31.0599,GWh
Peru,2021-09-01,Net Electricity Production,Natural Gas,2332.2799,GWh
Peru,2021-09-01,Net Electricity Production,Combustible Renewables,50.7401,GWh
Peru,2021-09-01,Net Electricity Production,Hydro,1920.1569,GWh
Peru,2021-09-01,Net Electricity Production,Wind,128.8877,GWh
Peru,2021-09-01,Net Electricity Production,Solar,70.0555,GWh
Peru,2021-09-01,Net Electricity Production,"Total Renewables (Hydro, Geo, Solar, Wind, Other)",2169.8402,GWh
Chile,2021-08-01,Net Electricity Production,Electricity,7357.1901,GWh
Chile,2021-08-01,Net Electricity Production,Nuclear,0.0,GWh
Chile,2021-08-01,Net Electricity Production,Total Combustible Fuels,4504.9146,GWh
Chile,2021-08-01,Net Electricity Production,"Coal, Peat and Manufactured Gases",2012.0512,GWh
Chile,2021-08-01,Net Electricity Production,Oil and Petroleum Products,439.4756,GWh
Chile,2021-08-01,Net Electricity Production,Natural Gas,1632.1737,GWh
Chile,2021-08-01,Net Electricity Production,Combustible Renewables,421.2141,GWh
Chile,2021-08-01,Net Electricity Production,Other Combustible Non-Renewables,0.0,GWh
Chile,2021-08-01,Net Electricity Production,Hydro,1338.9582,GWh
Chile,2021-08-01,Net Electricity Production,Wind,700.7774,GWh
Chile,2021-08-01,Net Electricity Production,Solar,780.3726,GWh
Chile,2021-08-01,Net Electricity Production,Geothermal,32.1673,GWh
Chile,2021-08-01,Net Electricity Production,Other Renewables,0.0,GWh
Chile,2021-08-01,Net Electricity Production,Not Specified,0.0,GWh
Chile,2021-08-01,Net Electricity Production,"Total Renewables (Hydro, Geo, Solar, Wind, Other)",3273.4896,GWh
Chile,2021-08-01,Total Imports,Electricity,0.0,GWh
Chile,2021-08-01,Total Exports,Electricity,0.0,GWh
Chile,2021-08-01,Used for pumped storage,Electricity,0.0,GWh
Chile,2021-08-01,Distribution Losses,Electricity,368.9449,GWh
Chile,2021-08-01,Final Consumption (Calculated),Electricity,6988.2451,GWh
Colombia,2021-08-01,Net Electricity Production,Electricity,6921.3049,GWh
Colombia,2021-08-01,Net Electricity Production,Nuclear,0.0,GWh
Colombia,2021-08-01,Net Electricity Production,Total Combustible Fuels,1678.8087,GWh
Colombia,2021-08-01,Net Electricity Production,"Coal, Peat and Manufactured Gases",197.0996,GWh
Colombia,2021-08-01,Net Electricity Production,Oil and Petroleum Products,188.779,GWh
Colombia,2021-08-01,Net Electricity Production,Natural Gas,1142.1247,GWh
Colombia,2021-08-01,Net Electricity Production,Combustible Renewables,150.8055,GWh
Colombia,2021-08-01,Net Electricity Production,Other Combustible Non-Renewables,0.0,GWh
Colombia,2021-08-01,Net Electricity Production,Hydro,5212.2047,GWh
Colombia,2021-08-01,Net Electricity Production,Wind,4.3082,GWh
Colombia,2021-08-01,Net Electricity Production,Solar,25.9832,GWh
Colombia,2021-08-01,Net Electricity Production,Geothermal,0.0,GWh
Colombia,2021-08-01,Net Electricity Production,Other Renewables,0.0,GWh
Colombia,2021-08-01,Net Electricity Production,Not Specified,0.0,GWh
Colombia,2021-08-01,Net Electricity Production,"Total Renewables (Hydro, Geo, Solar, Wind, Other)",5393.3017,GWh
Colombia,2021-08-01,Total Imports,Electricity,0.6055,GWh
Colombia,2021-08-01,Total Exports,Electricity,25.892,GWh
Colombia,2021-08-01,Used for pumped storage,Electricity,0.0,GWh
Colombia,2021-08-01,Distribution Losses,Electricity,402.5959,GWh
Colombia,2021-08-01,Final Consumption (Calculated),Electricity,6493.4225,GWh
Costa Rica,2021-08-01,Net Electricity Production,Electricity,1071.4712,GWh
Costa Rica,2021-08-01,Net Electricity Production,Total Combustible Fuels,2.2451,GWh
Costa Rica,2021-08-01,Net Electricity Production,Oil and Petroleum Products,0.4402,GWh
Costa Rica,2021-08-01,Net Electricity Production,Combustible Renewables,1.8049,GWh
Costa Rica,2021-08-01,Net Electricity Production,Hydro,898.9618,GWh
Costa Rica,2021-08-01,Net Electricity Production,Wind,62.5691,GWh
Costa Rica,2021-08-01,Net Electricity Production,Solar,5.845,GWh
Costa Rica,2021-08-01,Net Electricity Production,Geothermal,101.8503,GWh
Costa Rica,2021-08-01,Net Electricity Production,"Total Renewables (Hydro, Geo, Solar, Wind, Other)",1071.031,GWh
Costa Rica,2021-08-01,Total Exports,Electricity,104.5315,GWh
Costa Rica,2021-08-01,Distribution Losses,Electricity,68.7272,GWh
Costa Rica,2021-08-01,Final Consumption (Calculated),Electricity,898.2125,GWh
Mexico,2021-08-01,Net Electricity Production,Electricity,30240.8392,GWh
Mexico,2021-08-01,Net Electricity Production,Nuclear,1097.0857,GWh
Mexico,2021-08-01,Net Electricity Production,Total Combustible Fuels,22091.7843,GWh
Mexico,2021-08-01,Net Electricity Production,"Coal, Peat and Manufactured Gases",614.5189,GWh
Mexico,2021-08-01,Net Electricity Production,Oil and Petroleum Products,4369.8536,GWh
Mexico,2021-08-01,Net Electricity Production,Natural Gas,17054.321,GWh
Mexico,2021-08-01,Net Electricity Production,Combustible Renewables,37.6283,GWh
Mexico,2021-08-01,Net Electricity Production,Other Combustible Non-Renewables,15.4625,GWh
Mexico,2021-08-01,Net Electricity Production,Hydro,3874.1148,GWh
Mexico,2021-08-01,Net Electricity Production,Wind,1690.1004,GWh
Mexico,2021-08-01,Net Electricity Production,Solar,1095.1514,GWh
Mexico,2021-08-01,Net Electricity Production,Geothermal,392.6027,GWh
Mexico,2021-08-01,Net Electricity Production,Other Renewables,0.0,GWh
Mexico,2021-08-01,Net Electricity Production,Not Specified,0.0,GWh
Mexico,2021-08-01,Net Electricity Production,"Total Renewables (Hydro, Geo, Solar, Wind, Other)",7089.5975,GWh
Mexico,2021-08-01,Total Imports,Electricity,886.0238,GWh
Mexico,2021-08-01,Total Exports,Electricity,423.4011,GWh
Mexico,2021-08-01,Used for pumped storage,Electricity,0.0,GWh
Mexico,2021-08-01,Distribution Losses,Electricity,3573.6913,GWh
Mexico,2021-08-01,Final Consumption (Calculated),Electricity,27129.7706,GWh
Argentina,2021-08-01,Net Electricity Production,Electricity,12902.686,GWh
Argentina,2021-08-01,Net Electricity Production,Nuclear,1068.5919,GWh
Argentina,2021-08-01,Net Electricity Production,Total Combustible Fuels,9184.4859,GWh
Argentina,2021-08-01,Net Electricity Production,"Coal, Peat and Manufactured Gases",268.2275,GWh
Argentina,2021-08-01,Net Electricity Production,Oil and Petroleum Products,666.5549,GWh
Argentina,2021-08-01,Net Electricity Production,Natural Gas,8029.2923,GWh
Argentina,2021-08-01,Net Electricity Production,Combustible Renewables,220.4112,GWh
Argentina,2021-08-01,Net Electricity Production,Other Combustible Non-Renewables,0.0,GWh
Argentina,2021-08-01,Net Electricity Production,Hydro,1292.0849,GWh
Argentina,2021-08-01,Net Electricity Production,Wind,1193.3985,GWh
Argentina,2021-08-01,Net Electricity Production,Solar,164.1248,GWh
Argentina,2021-08-01,Net Electricity Production,Geothermal,0.0,GWh
Argentina,2021-08-01,Net Electricity Production,Other Renewables,0.0,GWh
Argentina,2021-08-01,Net Electricity Production,Not Specified,0.0,GWh
Argentina,2021-08-01,Net Electricity Production,"Total Renewables (Hydro, Geo, Solar, Wind, Other)",2870.0194,GWh
Brazil,2021-08-01,Net Electricity Production,Electricity,55087.907,GWh
Brazil,2021-08-01,Net Electricity Production,Nuclear,1406.368,GWh
Brazil,2021-08-01,Net Electricity Production,Total Combustible Fuels,20468.3229,GWh
Brazil,2021-08-01,Net Electricity Production,"Coal, Peat and Manufactured Gases",2485.0958,GWh
Brazil,2021-08-01,Net Electricity Production,Oil and Petroleum Products,2734.2446,GWh
Brazil,2021-08-01,Net Electricity Production,Natural Gas,8117.0764,GWh
Brazil,2021-08-01,Net Electricity Production,Combustible Renewables,6963.7045,GWh
Brazil,2021-08-01,Net Electricity Production,Other Combustible Non-Renewables,168.2017,GWh
Brazil,2021-08-01,Net Electricity Production,Hydro,23607.8547,GWh
Brazil,2021-08-01,Net Electricity Production,Wind,8207.2691,GWh
Brazil,2021-08-01,Net Electricity Production,Solar,1398.0924,GWh
Brazil,2021-08-01,Net Electricity Production,Geothermal,0.0,GWh
Brazil,2021-08-01,Net Electricity Production,Other Renewables,0.0,GWh
Brazil,2021-08-01,Net Electricity Production,Not Specified,0.0,GWh
Brazil,2021-08-01,Net Electricity Production,"Total Renewables (Hydro, Geo, Solar, Wind, Other)",40176.9206,GWh
Peru,2021-08-01,Net Electricity Production,Electricity,4650.6134,GWh
Peru,2021-08-01,Net Electricity Production,Total Combustible Fuels,2449.7008,GWh
Peru,2021-08-01,Net Electricity Production,"Coal, Peat and Manufactured Gases",16.8811,GWh
Peru,2021-08-01,Net Electricity Production,Oil and Petroleum Products,40.4355,GWh
Peru,2021-08-01,Net Electricity Production,Natural Gas,2326.3279,GWh
Peru,2021-08-01,Net Electricity Production,Combustible Renewables,66.0562,GWh
Peru,2021-08-01,Net Electricity Production,Hydro,1951.2908,GWh
Peru,2021-08-01,Net Electricity Production,Wind,182.7674,GWh
Peru,2021-08-01,Net Electricity Production,Solar,66.8544,GWh
Peru,2021-08-01,Net Electricity Production,"Total Renewables (Hydro, Geo, Solar, Wind, Other)",2266.9688,GWh
Chile,2021-07-01,Net Electricity Production,Electricity,7428.3765,GWh
Chile,2021-07-01,Net Electricity Production,Nuclear,0.0,GWh
Chile,2021-07-01,Net Electricity Production,Total Combustible Fuels,4824.6083,GWh
Chile,2021-07-01,Net Electricity Production,"Coal, Peat and Manufactured Gases",2559.5119,GWh
Chile,2021-07-01,Net Electricity Production,Oil and Petroleum Products,445.9001,GWh
Chile,2021-07-01,Net Electricity Production,Natural Gas,1391.6846,GWh
Chile,2021-07-01,Net Electricity Production,Combustible Renewables,427.5117,GWh
Chile,2021-07-01,Net Electricity Production,Other Combustible Non-Renewables,0.0,GWh
Chile,2021-07-01,Net Electricity Production,Hydro,1306.0281,GWh
Chile,2021-07-01,Net Electricity Production,Wind,613.9609,GWh
Chile,2021-07-01,Net Electricity Production,Solar,650.8806,GWh
Chile,2021-07-01,Net Electricity Production,Geothermal,32.8987,GWh
Chile,2021-07-01,Net Electricity Production,Other Renewables,0.0,GWh
Chile,2021-07-01,Net Electricity Production,Not Specified,0.0,GWh
Chile,2021-07-01,Net Electricity Production,"Total Renewables (Hydro, Geo, Solar, Wind, Other)",3031.2799,GWh
Chile,2021-07-01,Total Imports,Electricity,0.0,GWh
Chile,2021-07-01,Total Exports,Electricity,0.0,GWh
Chile,2021-07-01,Used for pumped storage,Electricity,0.0,GWh
Chile,2021-07-01,Distribution Losses,Electricity,372.9364,GWh
Chile,2021-07-01,Final Consumption (Calculated),Electricity,7055.4401,GWh
Colombia,2021-07-01,Net Electricity Production,Electricity,6936.3301,GWh
Colombia,2021-07-01,Net Electricity Production,Nuclear,0.0,GWh
Colombia,2021-07-01,Net Electricity Production,Total Combustible Fuels,1711.2379,GWh
Colombia,2021-07-01,Net Electricity Production,"Coal, Peat and Manufactured Gases",202.6193,GWh
Colombia,2021-07-01,Net Electricity Production,Oil and Petroleum Products,190.5935,GWh
Colombia,2021-07-01,Net Electricity Production,Natural Gas,1165.7701,GWh
Colombia,2021-07-01,Net Electricity Production,Combustible Renewables,152.255,GWh
Colombia,2021-07-01,Net Electricity Production,Other Combustible Non-Renewables,0.0,GWh
Colombia,2021-07-01,Net Electricity Production,Hydro,5193.6079,GWh
Colombia,2021-07-01,Net Electricity Production,Wind,5.9401,GWh
Colombia,2021-07-01,Net Electricity Production,Solar,25.5443,GWh
Colombia,2021-07-01,Net Electricity Production,Geothermal,0.0,GWh
Colombia,2021-07-01,Net Electricity Production,Other Renewables,0.0,GWh
Colombia,2021-07-01,Net Electricity Production,Not Specified,0.0,GWh
Colombia,2021-07-01,Net Electricity Production,"Total Renewables (Hydro, Geo, Solar, Wind, Other)",5377.3472,GWh
Colombia,2021-07-01,Total Imports,Electricity,0.7853,GWh
Colombia,2021-07-01,Total Exports,Electricity,3.7901,GWh
Colombia,2021-07-01,Used for pumped storage,Electricity,0.0,GWh
Colombia,2021-07-01,Distribution Losses,Electricity,417.2392,GWh
Colombia,2021-07-01,Final Consumption (Calculated),Electricity,6516.0862,GWh
Costa Rica,2021-07-01,Net Electricity Production,Electricity,1074.8527,GWh
Costa Rica,2021-07-01,Net Electricity Production,Total Combustible Fuels,1.8525,GWh
Costa Rica,2021-07-01,Net Electricity Production,Oil and Petroleum Products,0.0476,GWh
Costa Rica,2021-07-01,Net Electricity Production,Combustible Renewables,1.8049,GWh
Costa Rica,2021-07-01,Net Electricity Production,Hydro,816.1462,GWh
Costa Rica,2021-07-01,Net Electricity Production,Wind,133.2166,GWh
Costa Rica,2021-07-01,Net Electricity Production,Solar,6.3267,GWh
Costa Rica,2021-07-01,Net Electricity Production,Geothermal,117.3106,GWh
Costa Rica,2021-07-01,Net Electricity Production,"Total Renewables (Hydro, Geo, Solar, Wind, Other)",1074.8051,GWh
Costa Rica,2021-07-01,Total Exports,Electricity,102.2935,GWh
Costa Rica,2021-07-01,Distribution Losses,Electricity,107.3257,GWh
Costa Rica,2021-07-01,Final Consumption (Calculated),Electricity,865.2335,GWh
Mexico,2021-07-01,Net Electricity Production,Electricity,30093.0986,GWh
Mexico,2021-07-01,Net Electricity Production,Nuclear,958.3076,GWh
Mexico,2021-07-01,Net Electricity Production,Total Combustible Fuels,22830.5248,GWh
Mexico,2021-07-01,Net Electricity Production,"Coal, Peat and Manufactured Gases",1102.2442,GWh
Mexico,2021-07-01,Net Electricity Production,Oil and Petroleum Products,4417.7657,GWh
Mexico,2021-07-01,Net Electricity Production,Natural Gas,17241.3086,GWh
Mexico,2021-07-01,Net Electricity Production,Combustible Renewables,53.5742,GWh
Mexico,2021-07-01,Net Electricity Production,Other Combustible Non-Renewables,15.6321,GWh
Mexico,2021-07-01,Net Electricity Production,Hydro,2957.8134,GWh
Mexico,2021-07-01,Net Electricity Production,Wind,1863.3722,GWh
Mexico,2021-07-01,Net Electricity Production,Solar,1087.4045,GWh
Mexico,2021-07-01,Net Electricity Production,Geothermal,395.6762,GWh
Mexico,2021-07-01,Net Electricity Production,Other Renewables,0.0,GWh
Mexico,2021-07-01,Net Electricity Production,Not Specified,0.0,GWh
Mexico,2021-07-01,Net Electricity Production,"Total Renewables (Hydro, Geo, Solar, Wind, Other)",6357.8404,GWh
Mexico,2021-07-01,Total Imports,Electricity,791.1704,GWh
Mexico,2021-07-01,Total Exports,Electricity,608.1821,GWh
Mexico,2021-07-01,Used for pumped storage,Electricity,0.0,GWh
Mexico,2021-07-01,Distribution Losses,Electricity,3541.0805,GWh
Mexico,2021-07-01,Final Consumption (Calculated),Electricity,26735.0064,GWh
Argentina,2021-07-01,Net Electricity Production,Electricity,13262.1593,GWh
Argentina,2021-07-01,Net Electricity Production,Nuclear,1107.262,GWh
Argentina,2021-07-01,Net Electricity Production,Total Combustible Fuels,9295.1598,GWh
Argentina,2021-07-01,Net Electricity Production,"Coal, Peat and Manufactured Gases",270.7939,GWh
Argentina,2021-07-01,Net Electricity Production,Oil and Petroleum Products,1196.5237,GWh
Argentina,2021-07-01,Net Electricity Production,Natural Gas,7630.035,GWh
Argentina,2021-07-01,Net Electricity Production,Combustible Renewables,197.8072,GWh
Argentina,2021-07-01,Net Electricity Production,Other Combustible Non-Renewables,0.0,GWh
Argentina,2021-07-01,Net Electricity Production,Hydro,1442.8091,GWh
Argentina,2021-07-01,Net Electricity Production,Wind,1278.6726,GWh
Argentina,2021-07-01,Net Electricity Production,Solar,138.2558,GWh
Argentina,2021-07-01,Net Electricity Production,Geothermal,0.0,GWh
Argentina,2021-07-01,Net Electricity Production,Other Renewables,0.0,GWh
Argentina,2021-07-01,Net Electricity Production,Not Specified,0.0,GWh
Argentina,2021-07-01,Net Electricity Production,"Total Renewables (Hydro, Geo, Solar, Wind, Other)",3057.5447,GWh
Brazil,2021-07-01,Net Electricity Production,Electricity,53775.4465,GWh
Brazil,2021-07-01,Net Electricity Production,Nuclear,747.3255,GWh
Brazil,2021-07-01,Net Electricity Production,Total Combustible Fuels,19557.485,GWh
Brazil,2021-07-01,Net Electricity Production,"Coal, Peat and Manufactured Gases",2137.1823,GWh
Brazil,2021-07-01,Net Electricity Production,Oil and Petroleum Products,2053.2759,GWh
Brazil,2021-07-01,Net Electricity Production,Natural Gas,8169.7528,GWh
Brazil,2021-07-01,Net Electricity Production,Combustible Renewables,7029.0722,GWh
Brazil,2021-07-01,Net Electricity Production,Other Combustible Non-Renewables,168.2017,GWh
Brazil,2021-07-01,Net Electricity Production,Hydro,24900.7274,GWh
Brazil,2021-07-01,Net Electricity Production,Wind,7252.77,GWh
Brazil,2021-07-01,Net Electricity Production,Solar,1317.1387,GWh
Brazil,2021-07-01,Net Electricity Production,Geothermal,0.0,GWh
Brazil,2021-07-01,Net Electricity Production,Other Renewables,0.0,GWh
Brazil,2021-07-01,Net Electricity Production,Not Specified,0.0,GWh
Brazil,2021-07-01,Net Electricity Production,"Total Renewables (Hydro, Geo, Solar, Wind, Other)",40499.7082,GWh
Peru,2021-07-01,Net Electricity Production,Electricity,4564.4494,GWh
Peru,2021-07-01,Net Electricity Production,Total Combustible Fuels,2280.4972,GWh
Peru,2021-07-01,Net Electricity Production,"Coal, Peat and Manufactured Gases",14.5901,GWh
Peru,2021-07-01,Net Electricity Production,Oil and Petroleum Products,34.9478,GWh
Peru,2021-07-01,Net Electricity Production,Natural Gas,2173.8679,GWh
Peru,2021-07-01,Net Electricity Production,Combustible Renewables,57.0914,GWh
Peru,2021-07-01,Net Electricity Production,Hydro,2078.3865,GWh
Peru,2021-07-01,Net Electricity Production,Wind,147.5543,GWh
Peru,2021-07-01,Net Electricity Production,Solar,58.0115,GWh
Peru,2021-07-01,Net Electricity Production,"Total Renewables (Hydro, Geo, Solar, Wind, Other)",2341.0436,GWh
Chile,2021-06-01,Net Electricity Production,Electricity,7226.4511,GWh
Chile,2021-06-01,Net Electricity Production,Nuclear,0.0,GWh
Chile,2021-06-01,Net Electricity Production,Total Combustible Fuels,4142.723,GWh
Chile,2021-06-01,Net Electricity Production,"Coal, Peat and Manufactured Gases",2413.8862,GWh
Chile,2021-06-01,Net Electricity Production,Oil and Petroleum Products,148.6432,GWh
Chile,2021-06-01,Net Electricity Production,Natural Gas,1190.1656,GWh
Chile,2021-06-01,Net Electricity Production,Combustible Renewables,390.0281,GWh
Chile,2021-06-01,Net Electricity Production,Other Combustible Non-Renewables,0.0,GWh
Chile,2021-06-01,Net Electricity Production,Hydro,1916.0063,GWh
Chile,2021-06-01,Net Electricity Production,Wind,564.0626,GWh
Chile,2021-06-01,Net Electricity Production,Solar,574.8629,GWh
Chile,2021-06-01,Net Electricity Production,Geothermal,28.7962,GWh
Chile,2021-06-01,Net Electricity Production,Other Renewables,0.0,GWh
Chile,2021-06-01,Net Electricity Production,Not Specified,0.0,GWh
Chile,2021-06-01,Net Electricity Production,"Total Renewables (Hydro, Geo, Solar, Wind, Other)",3473.7562,GWh
Chile,2021-06-01,Total Imports,Electricity,0.0,GWh
Chile,2021-06-01,Total Exports,Electricity,0.0,GWh
Chile,2021-06-01,Used for pumped storage,Electricity,0.0,GWh
Chile,2021-06-01,Distribution Losses,Electricity,354.4346,GWh
Chile,2021-06-01,Final Consumption (Calculated),Electricity,6872.0165,GWh
Colombia,2021-06-01,Net Electricity Production,Electricity,6505.8513,GWh
Colombia,2021-06-01,Net Electricity Production,Nuclear,0.0,GWh
Colombia,2021-06-01,Net Electricity Production,Total Combustible Fuels,1517.3916,GWh
Colombia,2021-06-01,Net Electricity Production,"Coal, Peat and Manufactured Gases",143.1495,GWh
Colombia,2021-06-01,Net Electricity Production,Oil and Petroleum Products,160.1343,GWh
Colombia,2021-06-01,Net Electricity Production,Natural Gas,1086.185,GWh
Colombia,2021-06-01,Net Electricity Production,Combustible Renewables,127.9227,GWh
Colombia,2021-06-01,Net Electricity Production,Other Combustible Non-Renewables,0.0,GWh
Colombia,2021-06-01,Net Electricity Production,Hydro,4960.2426,GWh
Colombia,2021-06-01,Net Electricity Production,Wind,5.8313,GWh
Colombia,2021-06-01,Net Electricity Production,Solar,22.3858,GWh
Colombia,2021-06-01,Net Electricity Production,Geothermal,0.0,GWh
Colombia,2021-06-01,Net Electricity Production,Other Renewables,0.0,GWh
Colombia,2021-06-01,Net Electricity Production,Not Specified,0.0,GWh
Colombia,2021-06-01,Net Electricity Production,"Total Renewables (Hydro, Geo, Solar, Wind, Other)",5116.3825,GWh
Colombia,2021-06-01,Total Imports,Electricity,1.168,GWh
Colombia,2021-06-01,Total Exports,Electricity,0.1491,GWh
Colombia,2021-06-01,Used for pumped storage,Electricity,0.0,GWh
Colombia,2021-06-01,Distribution Losses,Electricity,447.4733,GWh
Colombia,2021-06-01,Final Consumption (Calculated),Electricity,6059.3969,GWh
Costa Rica,2021-06-01,Net Electricity Production,Electricity,1049.0123,GWh
Costa Rica,2021-06-01,Net Electricity Production,Total Combustible Fuels,1.8145,GWh
Costa Rica,2021-06-01,Net Electricity Production,Oil and Petroleum Products,0.0096,GWh
Costa Rica,2021-06-01,Net Electricity Production,Combustible Renewables,1.8049,GWh
Costa Rica,2021-06-01,Net Electricity Production,Hydro,834.8279,GWh
Costa Rica,2021-06-01,Net Electricity Production,Wind,65.9809,GWh
Costa Rica,2021-06-01,Net Electricity Production,Solar,5.7062,GWh
Costa Rica,2021-06-01,Net Electricity Production,Geothermal,140.6829,GWh
Costa Rica,2021-06-01,Net Electricity Production,"Total Renewables (Hydro, Geo, Solar, Wind, Other)",1049.0028,GWh
Costa Rica,2021-06-01,Total Exports,Electricity,102.8909,GWh
Costa Rica,2021-06-01,Distribution Losses,Electricity,60.8289,GWh
Costa Rica,2021-06-01,Final Consumption (Calculated),Electricity,885.2924,GWh
Mexico,2021-06-01,Net Electricity Production,Electricity,29585.0019,GWh
Mexico,2021-06-01,Net Electricity Production,Nuclear,1011.5609,GWh
Mexico,2021-06-01,Net Electricity Production,Total Combustible Fuels,23131.1763,GWh
Mexico,2021-06-01,Net Electricity Production,"Coal, Peat and Manufactured Gases",1143.2776,GWh
Mexico,2021-06-01,Net Electricity Production,Oil and Petroleum Products,4473.0433,GWh
Mexico,2021-06-01,Net Electricity Production,Natural Gas,17457.0417,GWh
Mexico,2021-06-01,Net Electricity Production,Combustible Renewables,41.9859,GWh
Mexico,2021-06-01,Net Electricity Production,Other Combustible Non-Renewables,15.8277,GWh
Mexico,2021-06-01,Net Electricity Production,Hydro,2776.7987,GWh
Mexico,2021-06-01,Net Electricity Production,Wind,1182.2709,GWh
Mexico,2021-06-01,Net Electricity Production,Solar,1095.9658,GWh
Mexico,2021-06-01,Net Electricity Production,Geothermal,387.2291,GWh
Mexico,2021-06-01,Net Electricity Production,Other Renewables,0.0,GWh
Mexico,2021-06-01,Net Electricity Production,Not Specified,0.0,GWh
Mexico,2021-06-01,Net Electricity Production,"Total Renewables (Hydro, Geo, Solar, Wind, Other)",5484.2506,GWh
Mexico,2021-06-01,Total Imports,Electricity,641.5743,GWh
Mexico,2021-06-01,Total Exports,Electricity,623.2535,GWh
Mexico,2021-06-01,Used for pumped storage,Electricity,0.0,GWh
Mexico,2021-06-01,Distribution Losses,Electricity,3475.63,GWh
Mexico,2021-06-01,Final Consumption (Calculated),Electricity,26127.6926,GWh
Argentina,2021-06-01,Net Electricity Production,Electricity,12885.9549,GWh
Argentina,2021-06-01,Net Electricity Production,Nuclear,1069.5852,GWh
Argentina,2021-06-01,Net Electricity Production,Total Combustible Fuels,9197.2485,GWh
Argentina,2021-06-01,Net Electricity Production,"Coal, Peat and Manufactured Gases",267.954,GWh
Argentina,2021-06-01,Net Electricity Production,Oil and Petroleum Products,1345.1075,GWh
Argentina,2021-06-01,Net Electricity Production,Natural Gas,7380.9826,GWh
Argentina,2021-06-01,Net Electricity Production,Combustible Renewables,203.2043,GWh
Argentina,2021-06-01,Net Electricity Production,Other Combustible Non-Renewables,0.0,GWh
Argentina,2021-06-01,Net Electricity Production,Hydro,1408.3335,GWh
Argentina,2021-06-01,Net Electricity Production,Wind,1105.7202,GWh
Argentina,2021-06-01,Net Electricity Production,Solar,105.0676,GWh
Argentina,2021-06-01,Net Electricity Production,Geothermal,0.0,GWh
Argentina,2021-06-01,Net Electricity Production,Other Renewables,0.0,GWh
Argentina,2021-06-01,Net Electricity Production,Not Specified,0.0,GWh
Argentina,2021-06-01,Net Electricity Production,"Total Renewables (Hydro, Geo, Solar, Wind, Other)",2822.3256,GWh
Brazil,2021-06-01,Net Electricity Production,Electricity,52601.046,GWh
Brazil,2021-06-01,Net Electricity Production,Nuclear,545.0959,GWh
Brazil,2021-06-01,Net Electricity Production,Total Combustible Fuels,17745.1267,GWh
Brazil,2021-06-01,Net Electricity Production,"Coal, Peat and Manufactured Gases",2171.3524,GWh
Brazil,2021-06-01,Net Electricity Production,Oil and Petroleum Products,2186.3586,GWh
Brazil,2021-06-01,Net Electricity Production,Natural Gas,6921.443,GWh
Brazil,2021-06-01,Net Electricity Production,Combustible Renewables,6297.7709,GWh
Brazil,2021-06-01,Net Electricity Production,Other Combustible Non-Renewables,168.2017,GWh
Brazil,2021-06-01,Net Electricity Production,Hydro,27176.1833,GWh
Brazil,2021-06-01,Net Electricity Production,Wind,5874.3879,GWh
Brazil,2021-06-01,Net Electricity Production,Solar,1260.2523,GWh
Brazil,2021-06-01,Net Electricity Production,Geothermal,0.0,GWh
Brazil,2021-06-01,Net Electricity Production,Other Renewables,0.0,GWh
Brazil,2021-06-01,Net Electricity Production,Not Specified,0.0,GWh
Brazil,2021-06-01,Net Electricity Production,"Total Renewables (Hydro, Geo, Solar, Wind, Other)",40608.5943,GWh
Peru,2021-06-01,Net Electricity Production,Electricity,4522.0752,GWh
Peru,2021-06-01,Net Electricity Production,Total Combustible Fuels,2108.5938,GWh
Peru,2021-06-01,Net Electricity Production,"Coal, Peat and Manufactured Gases",13.5634,GWh
Peru,2021-06-01,Net Electricity Production,Oil and Petroleum Products,32.4886,GWh
Peru,2021-06-01,Net Electricity Production,Natural Gas,2009.4678,GWh
Peru,2021-06-01,Net Electricity Production,Combustible Renewables,53.074,GWh
Peru,2021-06-01,Net Electricity Production,Hydro,2225.5091,GWh
Peru,2021-06-01,Net Electricity Production,Wind,134.2728,GWh
Peru,2021-06-01,Net Electricity Production,Solar,53.6995,GWh
Peru,2021-06-01,Net Electricity Production,"Total Renewables (Hydro, Geo, Solar, Wind, Other)",2466.5554,GWh
Chile,2021-05-01,Net Electricity Production,Electricity,7097.0916,GWh
Chile,2021-05-01,Net Electricity Production,Nuclear,0.0,GWh
Chile,2021-05-01,Net Electricity Production,Total Combustible Fuels,4648.252,GWh
Chile,2021-05-01,Net Electricity Production,"Coal, Peat and Manufactured Gases",2420.0492,GWh
Chile,2021-05-01,Net Electricity Production,Oil and Petroleum Products,164.6463,GWh
Chile,2021-05-01,Net Electricity Production,Natural Gas,1580.2411,GWh
Chile,2021-05-01,Net Electricity Production,Combustible Renewables,483.3154,GWh
Chile,2021-05-01,Net Electricity Production,Other Combustible Non-Renewables,0.0,GWh
Chile,2021-05-01,Net Electricity Production,Hydro,1319.0083,GWh
Chile,2021-05-01,Net Electricity Production,Wind,505.9499,GWh
Chile,2021-05-01,Net Electricity Production,Solar,596.3463,GWh
Chile,2021-05-01,Net Electricity Production,Geothermal,27.535,GWh
Chile,2021-05-01,Net Electricity Production,Other Renewables,0.0,GWh
Chile,2021-05-01,Net Electricity Production,Not Specified,0.0,GWh
Chile,2021-05-01,Net Electricity Production,"Total Renewables (Hydro, Geo, Solar, Wind, Other)",2932.1549,GWh
Chile,2021-05-01,Total Imports,Electricity,0.0,GWh
Chile,2021-05-01,Total Exports,Electricity,0.0,GWh
Chile,2021-05-01,Used for pumped storage,Electricity,0.0,GWh
Chile,2021-05-01,Distribution Losses,Electricity,348.0538,GWh
Chile,2021-05-01,Final Consumption (Calculated),Electricity,6749.0378,GWh
Colombia,2021-05-01,Net Electricity Production,Electricity,6447.1113,GWh
Colombia,2021-05-01,Net Electricity Production,Nuclear,0.0,GWh
Colombia,2021-05-01,Net Electricity Production,Total Combustible Fuels,1414.8815,GWh
Colombia,2021-05-01,Net Electricity Production,"Coal, Peat and Manufactured Gases",241.6375,GWh
Colombia,2021-05-01,Net Electricity Production,Oil and Petroleum Products,135.6387,GWh
Colombia,2021-05-01,Net Electricity Production,Natural Gas,929.2509,GWh
Colombia,2021-05-01,Net Electricity Production,Combustible Renewables,108.3545,GWh
Colombia,2021-05-01,Net Electricity Production,Other Combustible Non-Renewables,0.0,GWh
Colombia,2021-05-01,Net Electricity Production,Hydro,5003.3142,GWh
Colombia,2021-05-01,Net Electricity Production,Wind,6.7875,GWh
Colombia,2021-05-01,Net Electricity Production,Solar,22.1281,GWh
Colombia,2021-05-01,Net Electricity Production,Geothermal,0.0,GWh
Colombia,2021-05-01,Net Electricity Production,Other Renewables,0.0,GWh
Colombia,2021-05-01,Net Electricity Production,Not Specified,0.0,GWh
Colombia,2021-05-01,Net Electricity Production,"Total Renewables (Hydro, Geo, Solar, Wind, Other)",5140.5843,GWh
Colombia,2021-05-01,Total Imports,Electricity,15.5413,GWh
Colombia,2021-05-01,Total Exports,Electricity,1.1106,GWh
Colombia,2021-05-01,Used for pumped storage,Electricity,0.0,GWh
Colombia,2021-05-01,Distribution Losses,Electricity,419.6123,GWh
Colombia,2021-05-01,Final Consumption (Calculated),Electricity,6041.9297,GWh
Costa Rica,2021-05-01,Net Electricity Production,Electricity,1105.6505,GWh
Costa Rica,2021-05-01,Net Electricity Production,Total Combustible Fuels,2.8307,GWh
Costa Rica,2021-05-01,Net Electricity Production,Oil and Petroleum Products,0.6031,GWh
Costa Rica,2021-05-01,Net Electricity Production,Combustible Renewables,2.2276,GWh
Costa Rica,2021-05-01,Net Electricity Production,Hydro,798.0666,GWh
Costa Rica,2021-05-01,Net Electricity Production,Wind,148.0768,GWh
Costa Rica,2021-05-01,Net Electricity Production,Solar,6.46,GWh
Costa Rica,2021-05-01,Net Electricity Production,Geothermal,150.2164,GWh
Costa Rica,2021-05-01,Net Electricity Production,"Total Renewables (Hydro, Geo, Solar, Wind, Other)",1105.0474,GWh
Costa Rica,2021-05-01,Total Exports,Electricity,136.4634,GWh
Costa Rica,2021-05-01,Distribution Losses,Electricity,108.0822,GWh
Costa Rica,2021-05-01,Final Consumption (Calculated),Electricity,861.1048,GWh
Mexico,2021-05-01,Net Electricity Production,Electricity,29048.899,GWh
Mexico,2021-05-01,Net Electricity Production,Nuclear,1054.6353,GWh
Mexico,2021-05-01,Net Electricity Production,Total Combustible Fuels,21316.5482,GWh
Mexico,2021-05-01,Net Electricity Production,"Coal, Peat and Manufactured Gases",1346.5814,GWh
Mexico,2021-05-01,Net Electricity Production,Oil and Petroleum Products,4029.1113,GWh
Mexico,2021-05-01,Net Electricity Production,Natural Gas,15724.4987,GWh
Mexico,2021-05-01,Net Electricity Production,Combustible Renewables,202.0999,GWh
Mexico,2021-05-01,Net Electricity Production,Other Combustible Non-Renewables,14.2568,GWh
Mexico,2021-05-01,Net Electricity Production,Hydro,3153.7907,GWh
Mexico,2021-05-01,Net Electricity Production,Wind,1831.7388,GWh
Mexico,2021-05-01,Net Electricity Production,Solar,1282.35,GWh
Mexico,2021-05-01,Net Electricity Production,Geothermal,409.836,GWh
Mexico,2021-05-01,Net Electricity Production,Other Renewables,0.0,GWh
Mexico,2021-05-01,Net Electricity Production,Not Specified,0.0,GWh
Mexico,2021-05-01,Net Electricity Production,"Total Renewables (Hydro, Geo, Solar, Wind, Other)",6879.8155,GWh
Mexico,2021-05-01,Total Imports,Electricity,820.3415,GWh
Mexico,2021-05-01,Total Exports,Electricity,584.3032,GWh
Mexico,2021-05-01,Used for pumped storage,Electricity,0.0,GWh
Mexico,2021-05-01,Distribution Losses,Electricity,3431.1449,GWh
Mexico,2021-05-01,Final Consumption (Calculated),Electricity,25853.7924,GWh
Argentina,2021-05-01,Net Electricity Production,Electricity,11543.9669,GWh
Argentina,2021-05-01,Net Electricity Production,Nuclear,719.7501,GWh
Argentina,2021-05-01,Net Electricity Production,Total Combustible Fuels,8054.435,GWh
Argentina,2021-05-01,Net Electricity Production,"Coal, Peat and Manufactured Gases",309.8673,GWh
Argentina,2021-05-01,Net Electricity Production,Oil and Petroleum Products,1402.752,GWh
Argentina,2021-05-01,Net Electricity Production,Natural Gas,6185.3412,GWh
Argentina,2021-05-01,Net Electricity Production,Combustible Renewables,156.4745,GWh
Argentina,2021-05-01,Net Electricity Production,Other Combustible Non-Renewables,0.0,GWh
Argentina,2021-05-01,Net Electricity Production,Hydro,1632.2826,GWh
Argentina,2021-05-01,Net Electricity Production,Wind,1015.2812,GWh
Argentina,2021-05-01,Net Electricity Production,Solar,122.218,GWh
Argentina,2021-05-01,Net Electricity Production,Geothermal,0.0,GWh
Argentina,2021-05-01,Net Electricity Production,Other Renewables,0.0,GWh
Argentina,2021-05-01,Net Electricity Production,Not Specified,0.0,GWh
Argentina,2021-05-01,Net Electricity Production,"Total Renewables (Hydro, Geo, Solar, Wind, Other)",2926.2563,GWh
Brazil,2021-05-01,Net Electricity Production,Electricity,53195.7648,GWh
Brazil,2021-05-01,Net Electricity Production,Nuclear,1007.0416,GWh
Brazil,2021-05-01,Net Electricity Production,Total Combustible Fuels,13588.4688,GWh
Brazil,2021-05-01,Net Electricity Production,"Coal, Peat and Manufactured Gases",1442.9087,GWh
Brazil,2021-05-01,Net Electricity Production,Oil and Petroleum Products,361.2245,GWh
Brazil,2021-05-01,Net Electricity Production,Natural Gas,5154.9438,GWh
Brazil,2021-05-01,Net Electricity Production,Combustible Renewables,6461.1902,GWh
Brazil,2021-05-01,Net Electricity Production,Other Combustible Non-Renewables,168.2017,GWh
Brazil,2021-05-01,Net Electricity Production,Hydro,32043.5903,GWh
Brazil,2021-05-01,Net Electricity Production,Wind,5333.6067,GWh
Brazil,2021-05-01,Net Electricity Production,Solar,1223.0573,GWh
Brazil,2021-05-01,Net Electricity Production,Geothermal,0.0,GWh
Brazil,2021-05-01,Net Electricity Production,Other Renewables,0.0,GWh
Brazil,2021-05-01,Net Electricity Production,Not Specified,0.0,GWh
Brazil,2021-05-01,Net Electricity Production,"Total Renewables (Hydro, Geo, Solar, Wind, Other)",45061.4445,GWh
Peru,2021-05-01,Net Electricity Production,Electricity,4622.0361,GWh
Peru,2021-05-01,Net Electricity Production,Total Combustible Fuels,1726.6292,GWh
Peru,2021-05-01,Net Electricity Production,"Coal, Peat and Manufactured Gases",11.5067,GWh
Peru,2021-05-01,Net Electricity Production,Oil and Petroleum Products,27.5621,GWh
Peru,2021-05-01,Net Electricity Production,Natural Gas,1642.5345,GWh
Peru,2021-05-01,Net Electricity Production,Combustible Renewables,45.026,GWh
Peru,2021-05-01,Net Electricity Production,Hydro,2679.1234,GWh
Peru,2021-05-01,Net Electricity Production,Wind,159.7463,GWh
Peru,2021-05-01,Net Electricity Production,Solar,56.5372,GWh
Peru,2021-05-01,Net Electricity Production,"Total Renewables (Hydro, Geo, Solar, Wind, Other)",2940.4329,GWh
Chile,2021-04-01,Net Electricity Production,Electricity,6901.992,GWh
Chile,2021-04-01,Net Electricity Production,Nuclear,0.0,GWh
Chile,2021-04-01,Net Electricity Production,Total Combustible Fuels,4628.7952,GWh
Chile,2021-04-01,Net Electricity Production,"Coal, Peat and Manufactured Gases",2230.034,GWh
Chile,2021-04-01,Net Electricity Production,Oil and Petroleum Products,243.2517,GWh
Chile,2021-04-01,Net Electricity Production,Natural Gas,1690.1353,GWh
Chile,2021-04-01,Net Electricity Production,Combustible Renewables,465.3743,GWh
Chile,2021-04-01,Net Electricity Production,Other Combustible Non-Renewables,0.0,GWh
Chile,2021-04-01,Net Electricity Production,Hydro,1053.5815,GWh
Chile,2021-04-01,Net Electricity Production,Wind,483.8051,GWh
Chile,2021-04-01,Net Electricity Production,Solar,708.6815,GWh
Chile,2021-04-01,Net Electricity Production,Geothermal,27.1286,GWh
Chile,2021-04-01,Net Electricity Production,Other Renewables,0.0,GWh
Chile,2021-04-01,Net Electricity Production,Not Specified,0.0,GWh
Chile,2021-04-01,Net Electricity Production,"Total Renewables (Hydro, Geo, Solar, Wind, Other)",2738.5711,GWh
Chile,2021-04-01,Total Imports,Electricity,0.0,GWh
Chile,2021-04-01,Total Exports,Electricity,0.0,GWh
Chile,2021-04-01,Used for pumped storage,Electricity,0.0,GWh
Chile,2021-04-01,Distribution Losses,Electricity,341.3878,GWh
Chile,2021-04-01,Final Consumption (Calculated),Electricity,6560.6043,GWh
Colombia,2021-04-01,Net Electricity Production,Electricity,6436.1221,GWh
Colombia,2021-04-01,Net Electricity Production,Nuclear,0.0,GWh
Colombia,2021-04-01,Net Electricity Production,Total Combustible Fuels,1767.5124,GWh
Colombia,2021-04-01,Net Electricity Production,"Coal, Peat and Manufactured Gases",381.5988,GWh
Colombia,2021-04-01,Net Electricity Production,Oil and Petroleum Products,227.6004,GWh
Colombia,2021-04-01,Net Electricity Production,Natural Gas,976.4954,GWh
Colombia,2021-04-01,Net Electricity Production,Combustible Renewables,181.8178,GWh
Colombia,2021-04-01,Net Electricity Production,Other Combustible Non-Renewables,0.0,GWh
Colombia,2021-04-01,Net Electricity Production,Hydro,4638.5248,GWh
Colombia,2021-04-01,Net Electricity Production,Wind,6.1546,GWh
Colombia,2021-04-01,Net Electricity Production,Solar,23.9303,GWh
Colombia,2021-04-01,Net Electricity Production,Geothermal,0.0,GWh
Colombia,2021-04-01,Net Electricity Production,Other Renewables,0.0,GWh
Colombia,2021-04-01,Net Electricity Production,Not Specified,0.0,GWh
Colombia,2021-04-01,Net Electricity Production,"Total Renewables (Hydro, Geo, Solar, Wind, Other)",4850.4275,GWh
Colombia,2021-04-01,Total Imports,Electricity,173.6584,GWh
Colombia,2021-04-01,Total Exports,Electricity,0.043,GWh
Colombia,2021-04-01,Used for pumped storage,Electricity,0.0,GWh
Colombia,2021-04-01,Distribution Losses,Electricity,436.4678,GWh
Colombia,2021-04-01,Final Consumption (Calculated),Electricity,6173.2696,GWh
Costa Rica,2021-04-01,Net Electricity Production,Electricity,1034.2525,GWh
Costa Rica,2021-04-01,Net Electricity Production,Total Combustible Fuels,24.4376,GWh
Costa Rica,2021-04-01,Net Electricity Production,Oil and Petroleum Products,0.0,GWh
Costa Rica,2021-04-01,Net Electricity Production,Combustible Renewables,24.4376,GWh
Costa Rica,2021-04-01,Net Electricity Production,Hydro,713.8654,GWh
Costa Rica,2021-04-01,Net Electricity Production,Wind,139.5287,GWh
Costa Rica,2021-04-01,Net Electricity Production,Solar,7.0309,GWh
Costa Rica,2021-04-01,Net Electricity Production,Geothermal,149.3899,GWh
Costa Rica,2021-04-01,Net Electricity Production,"Total Renewables (Hydro, Geo, Solar, Wind, Other)",1034.2525,GWh
Costa Rica,2021-04-01,Total Exports,Electricity,86.7965,GWh
Costa Rica,2021-04-01,Distribution Losses,Electricity,59.7628,GWh
Costa Rica,2021-04-01,Final Consumption (Calculated),Electricity,887.6932,GWh
Mexico,2021-04-01,Net Electricity Production,Electricity,26682.3758,GWh
Mexico,2021-04-01,Net Electricity Production,Nuclear,1094.6968,GWh
Mexico,2021-04-01,Net Electricity Production,Total Combustible Fuels,19465.565,GWh
Mexico,2021-04-01,Net Electricity Production,"Coal, Peat and Manufactured Gases",1059.9816,GWh
Mexico,2021-04-01,Net Electricity Production,Oil and Petroleum Products,3690.9435,GWh
Mexico,2021-04-01,Net Electricity Production,Natural Gas,14404.7242,GWh
Mexico,2021-04-01,Net Electricity Production,Combustible Renewables,296.8555,GWh
Mexico,2021-04-01,Net Electricity Production,Other Combustible Non-Renewables,13.0602,GWh
Mexico,2021-04-01,Net Electricity Production,Hydro,2785.346,GWh
Mexico,2021-04-01,Net Electricity Production,Wind,1799.0715,GWh
Mexico,2021-04-01,Net Electricity Production,Solar,1134.3325,GWh
Mexico,2021-04-01,Net Electricity Production,Geothermal,403.3639,GWh
Mexico,2021-04-01,Net Electricity Production,Other Renewables,0.0,GWh
Mexico,2021-04-01,Net Electricity Production,Not Specified,0.0,GWh
Mexico,2021-04-01,Net Electricity Production,"Total Renewables (Hydro, Geo, Solar, Wind, Other)",6418.9694,GWh
Mexico,2021-04-01,Total Imports,Electricity,1413.8679,GWh
Mexico,2021-04-01,Total Exports,Electricity,818.6643,GWh
Mexico,2021-04-01,Used for pumped storage,Electricity,0.0,GWh
Mexico,2021-04-01,Distribution Losses,Electricity,3150.7992,GWh
Mexico,2021-04-01,Final Consumption (Calculated),Electricity,24126.7802,GWh
Argentina,2021-04-01,Net Electricity Production,Electricity,10301.762,GWh
Argentina,2021-04-01,Net Electricity Production,Nuclear,534.0421,GWh
Argentina,2021-04-01,Net Electricity Production,Total Combustible Fuels,7443.0901,GWh
Argentina,2021-04-01,Net Electricity Production,"Coal, Peat and Manufactured Gases",260.5899,GWh
Argentina,2021-04-01,Net Electricity Production,Oil and Petroleum Products,812.1362,GWh
Argentina,2021-04-01,Net Electricity Production,Natural Gas,6232.8836,GWh
Argentina,2021-04-01,Net Electricity Production,Combustible Renewables,137.4805,GWh
Argentina,2021-04-01,Net Electricity Production,Other Combustible Non-Renewables,0.0,GWh
Argentina,2021-04-01,Net Electricity Production,Hydro,1229.3087,GWh
Argentina,2021-04-01,Net Electricity Production,Wind,950.6949,GWh
Argentina,2021-04-01,Net Electricity Production,Solar,144.6262,GWh
Argentina,2021-04-01,Net Electricity Production,Geothermal,0.0,GWh
Argentina,2021-04-01,Net Electricity Production,Other Renewables,0.0,GWh
Argentina,2021-04-01,Net Electricity Production,Not Specified,0.0,GWh
Argentina,2021-04-01,Net Electricity Production,"Total Renewables (Hydro, Geo, Solar, Wind, Other)",2462.1102,GWh
Brazil,2021-04-01,Net Electricity Production,Electricity,51456.8024,GWh
Brazil,2021-04-01,Net Electricity Production,Nuclear,1037.838,GWh
Brazil,2021-04-01,Net Electricity Production,Total Combustible Fuels,10785.543,GWh
Brazil,2021-04-01,Net Electricity Production,"Coal, Peat and Manufactured Gases",1004.9106,GWh
Brazil,2021-04-01,Net Electricity Production,Oil and Petroleum Products,250.6103,GWh
Brazil,2021-04-01,Net Electricity Production,Natural Gas,5043.4656,GWh
Brazil,2021-04-01,Net Electricity Production,Combustible Renewables,4318.3547,GWh
Brazil,2021-04-01,Net Electricity Production,Other Combustible Non-Renewables,168.2017,GWh
Brazil,2021-04-01,Net Electricity Production,Hydro,33937.3901,GWh
Brazil,2021-04-01,Net Electricity Production,Wind,4525.4845,GWh
Brazil,2021-04-01,Net Electricity Production,Solar,1170.5468,GWh
Brazil,2021-04-01,Net Electricity Production,Geothermal,0.0,GWh
Brazil,2021-04-01,Net Electricity Production,Other Renewables,0.0,GWh
Brazil,2021-04-01,Net Electricity Production,Not Specified,0.0,GWh
Brazil,2021-04-01,Net Electricity Production,"Total Renewables (Hydro, Geo, Solar, Wind, Other)",43951.7762,GWh
Peru,2021-04-01,Net Electricity Production,Electricity,4428.8251,GWh
Peru,2021-04-01,Net Electricity Production,Total Combustible Fuels,962.9975,GWh
Peru,2021-04-01,Net Electricity Production,"Coal, Peat and Manufactured Gases",6.6477,GWh
Peru,2021-04-01,Net Electricity Production,Oil and Petroleum Products,15.9232,GWh
Peru,2021-04-01,Net Electricity Production,Natural Gas,914.414,GWh
Peru,2021-04-01,Net Electricity Production,Combustible Renewables,26.0125,GWh
Peru,2021-04-01,Net Electricity Production,Hydro,3242.7337,GWh
Peru,2021-04-01,Net Electricity Production,Wind,161.3498,GWh
Peru,2021-04-01,Net Electricity Production,Solar,61.7441,GWh
Peru,2021-04-01,Net Electricity Production,"Total Renewables (Hydro, Geo, Solar, Wind, Other)",3491.8402,GWh
Chile,2021-03-01,Net Electricity Production,Electricity,7108.6746,GWh
Chile,2021-03-01,Net Electricity Production,Nuclear,0.0,GWh
Chile,2021-03-01,Net Electricity Production,Total Combustible Fuels,4432.2881,GWh
Chile,2021-03-01,Net Electricity Production,"Coal, Peat and Manufactured Gases",2298.8611,GWh
Chile,2021-03-01,Net Electricity Production,Oil and Petroleum Products,326.2193,GWh
Chile,2021-03-01,Net Electricity Production,Natural Gas,1357.0657,GWh
Chile,2021-03-01,Net Electricity Production,Combustible Renewables,450.1419,GWh
Chile,2021-03-01,Net Electricity Production,Other Combustible Non-Renewables,0.0,GWh
Chile,2021-03-01,Net Electricity Production,Hydro,1364.4273,GWh
Chile,2021-03-01,Net Electricity Production,Wind,494.8282,GWh
Chile,2021-03-01,Net Electricity Production,Solar,789.0357,GWh
Chile,2021-03-01,Net Electricity Production,Geothermal,28.0953,GWh
Chile,2021-03-01,Net Electricity Production,Other Renewables,0.0,GWh
Chile,2021-03-01,Net Electricity Production,Not Specified,0.0,GWh
Chile,2021-03-01,Net Electricity Production,"Total Renewables (Hydro, Geo, Solar, Wind, Other)",3126.5284,GWh
Chile,2021-03-01,Total Imports,Electricity,0.0,GWh
Chile,2021-03-01,Total Exports,Electricity,0.0,GWh
Chile,2021-03-01,Used for pumped storage,Electricity,0.0,GWh
Chile,2021-03-01,Distribution Losses,Electricity,353.6406,GWh
Chile,2021-03-01,Final Consumption (Calculated),Electricity,6755.0339,GWh
Colombia,2021-03-01,Net Electricity Production,Electricity,6796.6108,GWh
Colombia,2021-03-01,Net Electricity Production,Nuclear,0.0,GWh
Colombia,2021-03-01,Net Electricity Production,Total Combustible Fuels,2065.5512,GWh
Colombia,2021-03-01,Net Electricity Production,"Coal, Peat and Manufactured Gases",464.5354,GWh
Colombia,2021-03-01,Net Electricity Production,Oil and Petroleum Products,260.6055,GWh
Colombia,2021-03-01,Net Electricity Production,Natural Gas,1132.2264,GWh
Colombia,2021-03-01,Net Electricity Production,Combustible Renewables,208.1839,GWh
Colombia,2021-03-01,Net Electricity Production,Other Combustible Non-Renewables,0.0,GWh
Colombia,2021-03-01,Net Electricity Production,Hydro,4699.4389,GWh
Colombia,2021-03-01,Net Electricity Production,Wind,6.0352,GWh
Colombia,2021-03-01,Net Electricity Production,Solar,25.5855,GWh
Colombia,2021-03-01,Net Electricity Production,Geothermal,0.0,GWh
Colombia,2021-03-01,Net Electricity Production,Other Renewables,0.0,GWh
Colombia,2021-03-01,Net Electricity Production,Not Specified,0.0,GWh
Colombia,2021-03-01,Net Electricity Production,"Total Renewables (Hydro, Geo, Solar, Wind, Other)",4939.2435,GWh
Colombia,2021-03-01,Total Imports,Electricity,165.3896,GWh
Colombia,2021-03-01,Total Exports,Electricity,0.1101,GWh
Colombia,2021-03-01,Used for pumped storage,Electricity,0.0,GWh
Colombia,2021-03-01,Distribution Losses,Electricity,436.9737,GWh
Colombia,2021-03-01,Final Consumption (Calculated),Electricity,6524.9166,GWh
Costa Rica,2021-03-01,Net Electricity Production,Electricity,1019.4722,GWh
Costa Rica,2021-03-01,Net Electricity Production,Total Combustible Fuels,43.8973,GWh
Costa Rica,2021-03-01,Net Electricity Production,Oil and Petroleum Products,0.2733,GWh
Costa Rica,2021-03-01,Net Electricity Production,Combustible Renewables,43.624,GWh
Costa Rica,2021-03-01,Net Electricity Production,Hydro,601.7548,GWh
Costa Rica,2021-03-01,Net Electricity Production,Wind,209.8404,GWh
Costa Rica,2021-03-01,Net Electricity Production,Solar,8.4927,GWh
Costa Rica,2021-03-01,Net Electricity Production,Geothermal,155.487,GWh
Costa Rica,2021-03-01,Net Electricity Production,"Total Renewables (Hydro, Geo, Solar, Wind, Other)",1019.1989,GWh
Costa Rica,2021-03-01,Total Imports,Electricity,6.0694,GWh
Costa Rica,2021-03-01,Total Exports,Electricity,24.405,GWh
Costa Rica,2021-03-01,Distribution Losses,Electricity,168.4486,GWh
Costa Rica,2021-03-01,Final Consumption (Calculated),Electricity,832.6881,GWh
Mexico,2021-03-01,Net Electricity Production,Electricity,26004.0662,GWh
Mexico,2021-03-01,Net Electricity Production,Nuclear,1121.5323,GWh
Mexico,2021-03-01,Net Electricity Production,Total Combustible Fuels,18981.1332,GWh
Mexico,2021-03-01,Net Electricity Production,"Coal, Peat and Manufactured Gases",957.0209,GWh
Mexico,2021-03-01,Net Electricity Production,Oil and Petroleum Products,3603.1703,GWh
Mexico,2021-03-01,Net Electricity Production,Natural Gas,14062.1695,GWh
Mexico,2021-03-01,Net Electricity Production,Combustible Renewables,346.0229,GWh
Mexico,2021-03-01,Net Electricity Production,Other Combustible Non-Renewables,12.7497,GWh
Mexico,2021-03-01,Net Electricity Production,Hydro,2194.7863,GWh
Mexico,2021-03-01,Net Electricity Production,Wind,2117.1656,GWh
Mexico,2021-03-01,Net Electricity Production,Solar,1161.8758,GWh
Mexico,2021-03-01,Net Electricity Production,Geothermal,427.573,GWh
Mexico,2021-03-01,Net Electricity Production,Other Renewables,0.0,GWh
Mexico,2021-03-01,Net Electricity Production,Not Specified,0.0,GWh
Mexico,2021-03-01,Net Electricity Production,"Total Renewables (Hydro, Geo, Solar, Wind, Other)",6247.4235,GWh
Mexico,2021-03-01,Total Imports,Electricity,444.2102,GWh
Mexico,2021-03-01,Total Exports,Electricity,470.6099,GWh
Mexico,2021-03-01,Used for pumped storage,Electricity,0.0,GWh
Mexico,2021-03-01,Distribution Losses,Electricity,3067.9553,GWh
Mexico,2021-03-01,Final Consumption (Calculated),Electricity,22909.7113,GWh
Argentina,2021-03-01,Net Electricity Production,Electricity,11486.6942,GWh
Argentina,2021-03-01,Net Electricity Production,Nuclear,714.4851,GWh
Argentina,2021-03-01,Net Electricity Production,Total Combustible Fuels,8039.0612,GWh
Argentina,2021-03-01,Net Electricity Production,"Coal, Peat and Manufactured Gases",179.3354,GWh
Argentina,2021-03-01,Net Electricity Production,Oil and Petroleum Products,672.5139,GWh
Argentina,2021-03-01,Net Electricity Production,Natural Gas,7051.2571,GWh
Argentina,2021-03-01,Net Electricity Production,Combustible Renewables,135.9548,GWh
Argentina,2021-03-01,Net Electricity Production,Other Combustible Non-Renewables,0.0,GWh
Argentina,2021-03-01,Net Electricity Production,Hydro,1629.3355,GWh
Argentina,2021-03-01,Net Electricity Production,Wind,943.8399,GWh
Argentina,2021-03-01,Net Electricity Production,Solar,159.9726,GWh
Argentina,2021-03-01,Net Electricity Production,Geothermal,0.0,GWh
Argentina,2021-03-01,Net Electricity Production,Other Renewables,0.0,GWh
Argentina,2021-03-01,Net Electricity Production,Not Specified,0.0,GWh
Argentina,2021-03-01,Net Electricity Production,"Total Renewables (Hydro, Geo, Solar, Wind, Other)",2869.1028,GWh
Brazil,2021-03-01,Net Electricity Production,Electricity,54311.9465,GWh
Brazil,2021-03-01,Net Electricity Production,Nuclear,1287.2887,GWh
Brazil,2021-03-01,Net Electricity Production,Total Combustible Fuels,8543.0237,GWh
Brazil,2021-03-01,Net Electricity Production,"Coal, Peat and Manufactured Gases",1057.7189,GWh
Brazil,2021-03-01,Net Electricity Production,Oil and Petroleum Products,361.2245,GWh
Brazil,2021-03-01,Net Electricity Production,Natural Gas,5045.9157,GWh
Brazil,2021-03-01,Net Electricity Production,Combustible Renewables,1909.9629,GWh
Brazil,2021-03-01,Net Electricity Production,Other Combustible Non-Renewables,168.2017,GWh
Brazil,2021-03-01,Net Electricity Production,Hydro,39249.5453,GWh
Brazil,2021-03-01,Net Electricity Production,Wind,4024.3471,GWh
Brazil,2021-03-01,Net Electricity Production,Solar,1207.7418,GWh
Brazil,2021-03-01,Net Electricity Production,Geothermal,0.0,GWh
Brazil,2021-03-01,Net Electricity Production,Other Renewables,0.0,GWh
Brazil,2021-03-01,Net Electricity Production,Not Specified,0.0,GWh
Brazil,2021-03-01,Net Electricity Production,"Total Renewables (Hydro, Geo, Solar, Wind, Other)",46391.5971,GWh
Peru,2021-03-01,Net Electricity Production,Electricity,4724.3419,GWh
Peru,2021-03-01,Net Electricity Production,Total Combustible Fuels,1282.0187,GWh
Peru,2021-03-01,Net Electricity Production,"Coal, Peat and Manufactured Gases",9.5654,GWh
Peru,2021-03-01,Net Electricity Production,Oil and Petroleum Products,22.9121,GWh
Peru,2021-03-01,Net Electricity Production,Natural Gas,1212.1115,GWh
Peru,2021-03-01,Net Electricity Production,Combustible Renewables,37.4297,GWh
Peru,2021-03-01,Net Electricity Production,Hydro,3243.1864,GWh
Peru,2021-03-01,Net Electricity Production,Wind,136.033,GWh
Peru,2021-03-01,Net Electricity Production,Solar,63.1038,GWh
Peru,2021-03-01,Net Electricity Production,"Total Renewables (Hydro, Geo, Solar, Wind, Other)",3479.7529,GWh
Chile,2021-02-01,Net Electricity Production,Electricity,6499.6105,GWh
Chile,2021-02-01,Net Electricity Production,Nuclear,0.0,GWh
Chile,2021-02-01,Net Electricity Production,Total Combustible Fuels,3748.8959,GWh
Chile,2021-02-01,Net Electricity Production,"Coal, Peat and Manufactured Gases",1999.9914,GWh
Chile,2021-02-01,Net Electricity Production,Oil and Petroleum Products,308.5831,GWh
Chile,2021-02-01,Net Electricity Production,Natural Gas,1082.7132,GWh
Chile,2021-02-01,Net Electricity Production,Combustible Renewables,357.6082,GWh
Chile,2021-02-01,Net Electricity Production,Other Combustible Non-Renewables,0.0,GWh
Chile,2021-02-01,Net Electricity Production,Hydro,1487.0419,GWh
Chile,2021-02-01,Net Electricity Production,Wind,457.4229,GWh
Chile,2021-02-01,Net Electricity Production,Solar,784.9225,GWh
Chile,2021-02-01,Net Electricity Production,Geothermal,21.3274,GWh
Chile,2021-02-01,Net Electricity Production,Other Renewables,0.0,GWh
Chile,2021-02-01,Net Electricity Production,Not Specified,0.0,GWh
Chile,2021-02-01,Net Electricity Production,"Total Renewables (Hydro, Geo, Solar, Wind, Other)",3108.3228,GWh
Chile,2021-02-01,Total Imports,Electricity,0.0,GWh
Chile,2021-02-01,Total Exports,Electricity,0.0,GWh
Chile,2021-02-01,Used for pumped storage,Electricity,0.0,GWh
Chile,2021-02-01,Distribution Losses,Electricity,323.4832,GWh
Chile,2021-02-01,Final Consumption (Calculated),Electricity,6176.1272,GWh
Colombia,2021-02-01,Net Electricity Production,Electricity,6733.4864,GWh
Colombia,2021-02-01,Net Electricity Production,Nuclear,0.0,GWh
Colombia,2021-02-01,Net Electricity Production,Total Combustible Fuels,2813.901,GWh
Colombia,2021-02-01,Net Electricity Production,"Coal, Peat and Manufactured Gases",914.8031,GWh
Colombia,2021-02-01,Net Electricity Production,Oil and Petroleum Products,391.3571,GWh
Colombia,2021-02-01,Net Electricity Production,Natural Gas,1195.1065,GWh
Colombia,2021-02-01,Net Electricity Production,Combustible Renewables,312.6343,GWh
Colombia,2021-02-01,Net Electricity Production,Other Combustible Non-Renewables,0.0,GWh
Colombia,2021-02-01,Net Electricity Production,Hydro,3889.4707,GWh
Colombia,2021-02-01,Net Electricity Production,Wind,5.5158,GWh
Colombia,2021-02-01,Net Electricity Production,Solar,24.5989,GWh
Colombia,2021-02-01,Net Electricity Production,Geothermal,0.0,GWh
Colombia,2021-02-01,Net Electricity Production,Other Renewables,0.0,GWh
Colombia,2021-02-01,Net Electricity Production,Not Specified,0.0,GWh
Colombia,2021-02-01,Net Electricity Production,"Total Renewables (Hydro, Geo, Solar, Wind, Other)",4232.2197,GWh
Colombia,2021-02-01,Total Imports,Electricity,7.4824,GWh
Colombia,2021-02-01,Total Exports,Electricity,0.7474,GWh
Colombia,2021-02-01,Used for pumped storage,Electricity,0.0,GWh
Colombia,2021-02-01,Distribution Losses,Electricity,347.3199,GWh
Colombia,2021-02-01,Final Consumption (Calculated),Electricity,6392.9015,GWh
Costa Rica,2021-02-01,Net Electricity Production,Electricity,932.4057,GWh
Costa Rica,2021-02-01,Net Electricity Production,Total Combustible Fuels,41.2229,GWh
Costa Rica,2021-02-01,Net Electricity Production,Oil and Petroleum Products,0.1188,GWh
Costa Rica,2021-02-01,Net Electricity Production,Combustible Renewables,41.1041,GWh
Costa Rica,2021-02-01,Net Electricity Production,Hydro,578.1564,GWh
Costa Rica,2021-02-01,Net Electricity Production,Wind,172.7881,GWh
Costa Rica,2021-02-01,Net Electricity Production,Solar,7.9679,GWh
Costa Rica,2021-02-01,Net Electricity Production,Geothermal,132.2705,GWh
Costa Rica,2021-02-01,Net Electricity Production,"Total Renewables (Hydro, Geo, Solar, Wind, Other)",932.287,GWh
Costa Rica,2021-02-01,Total Imports,Electricity,0.2246,GWh
Costa Rica,2021-02-01,Total Exports,Electricity,34.5438,GWh
Costa Rica,2021-02-01,Distribution Losses,Electricity,39.9917,GWh
Costa Rica,2021-02-01,Final Consumption (Calculated),Electricity,858.0948,GWh
Mexico,2021-02-01,Net Electricity Production,Electricity,22003.8318,GWh
Mexico,2021-02-01,Net Electricity Production,Nuclear,598.2874,GWh
Mexico,2021-02-01,Net Electricity Production,Total Combustible Fuels,16505.4637,GWh
Mexico,2021-02-01,Net Electricity Production,"Coal, Peat and Manufactured Gases",1150.9675,GWh
Mexico,2021-02-01,Net Electricity Production,Oil and Petroleum Products,3069.2891,GWh
Mexico,2021-02-01,Net Electricity Production,Natural Gas,11978.5802,GWh
Mexico,2021-02-01,Net Electricity Production,Combustible Renewables,295.7662,GWh
Mexico,2021-02-01,Net Electricity Production,Other Combustible Non-Renewables,10.8606,GWh
Mexico,2021-02-01,Net Electricity Production,Hydro,1930.7425,GWh
Mexico,2021-02-01,Net Electricity Production,Wind,1693.481,GWh
Mexico,2021-02-01,Net Electricity Production,Solar,920.1505,GWh
Mexico,2021-02-01,Net Electricity Production,Geothermal,355.7067,GWh
Mexico,2021-02-01,Net Electricity Production,Other Renewables,0.0,GWh
Mexico,2021-02-01,Net Electricity Production,Not Specified,0.0,GWh
Mexico,2021-02-01,Net Electricity Production,"Total Renewables (Hydro, Geo, Solar, Wind, Other)",5195.847,GWh
Mexico,2021-02-01,Total Imports,Electricity,517.5785,GWh
Mexico,2021-02-01,Total Exports,Electricity,312.0823,GWh
Mexico,2021-02-01,Used for pumped storage,Electricity,0.0,GWh
Mexico,2021-02-01,Distribution Losses,Electricity,2598.8225,GWh
Mexico,2021-02-01,Final Consumption (Calculated),Electricity,19610.5054,GWh
Argentina,2021-02-01,Net Electricity Production,Electricity,10692.2837,GWh
Argentina,2021-02-01,Net Electricity Production,Nuclear,531.3618,GWh
Argentina,2021-02-01,Net Electricity Production,Total Combustible Fuels,7135.5519,GWh
Argentina,2021-02-01,Net Electricity Production,"Coal, Peat and Manufactured Gases",31.103,GWh
Argentina,2021-02-01,Net Electricity Production,Oil and Petroleum Products,515.3581,GWh
Argentina,2021-02-01,Net Electricity Production,Natural Gas,6459.9251,GWh
Argentina,2021-02-01,Net Electricity Production,Combustible Renewables,129.1658,GWh
Argentina,2021-02-01,Net Electricity Production,Other Combustible Non-Renewables,0.0,GWh
Argentina,2021-02-01,Net Electricity Production,Hydro,2038.4291,GWh
Argentina,2021-02-01,Net Electricity Production,Wind,817.9615,GWh
Argentina,2021-02-01,Net Electricity Production,Solar,168.9794,GWh
Argentina,2021-02-01,Net Electricity Production,Geothermal,0.0,GWh
Argentina,2021-02-01,Net Electricity Production,Other Renewables,0.0,GWh
Argentina,2021-02-01,Net Electricity Production,Not Specified,0.0,GWh
Argentina,2021-02-01,Net Electricity Production,"Total Renewables (Hydro, Geo, Solar, Wind, Other)",3154.5357,GWh
Brazil,2021-02-01,Net Electricity Production,Electricity,47875.9686,GWh
Brazil,2021-02-01,Net Electricity Production,Nuclear,1164.9097,GWh
Brazil,2021-02-01,Net Electricity Production,Total Combustible Fuels,8318.924,GWh
Brazil,2021-02-01,Net Electricity Production,"Coal, Peat and Manufactured Gases",1732.1451,GWh
Brazil,2021-02-01,Net Electricity Production,Oil and Petroleum Products,533.4814,GWh
Brazil,2021-02-01,Net Electricity Production,Natural Gas,4580.6572,GWh
Brazil,2021-02-01,Net Electricity Production,Combustible Renewables,1304.4386,GWh
Brazil,2021-02-01,Net Electricity Production,Other Combustible Non-Renewables,168.2017,GWh
Brazil,2021-02-01,Net Electricity Production,Hydro,33847.699,GWh
Brazil,2021-02-01,Net Electricity Production,Wind,3641.7365,GWh
Brazil,2021-02-01,Net Electricity Production,Solar,902.6993,GWh
Brazil,2021-02-01,Net Electricity Production,Geothermal,0.0,GWh
Brazil,2021-02-01,Net Electricity Production,Other Renewables,0.0,GWh
Brazil,2021-02-01,Net Electricity Production,Not Specified,0.0,GWh
Brazil,2021-02-01,Net Electricity Production,"Total Renewables (Hydro, Geo, Solar, Wind, Other)",39696.5735,GWh
Peru,2021-02-01,Net Electricity Production,Electricity,4250.1848,GWh
Peru,2021-02-01,Net Electricity Production,Total Combustible Fuels,1081.8671,GWh
Peru,2021-02-01,Net Electricity Production,"Coal, Peat and Manufactured Gases",8.1443,GWh
Peru,2021-02-01,Net Electricity Production,Oil and Petroleum Products,19.508,GWh
Peru,2021-02-01,Net Electricity Production,Natural Gas,1022.3462,GWh
Peru,2021-02-01,Net Electricity Production,Combustible Renewables,31.8687,GWh
Peru,2021-02-01,Net Electricity Production,Hydro,2991.0021,GWh
Peru,2021-02-01,Net Electricity Production,Wind,114.2092,GWh
Peru,2021-02-01,Net Electricity Production,Solar,63.1064,GWh
Peru,2021-02-01,Net Electricity Production,"Total Renewables (Hydro, Geo, Solar, Wind, Other)",3200.1864,GWh
Chile,2021-01-01,Net Electricity Production,Electricity,7008.2582,GWh
Chile,2021-01-01,Net Electricity Production,Nuclear,0.0,GWh
Chile,2021-01-01,Net Electricity Production,Total Combustible Fuels,3474.7553,GWh
Chile,2021-01-01,Net Electricity Production,"Coal, Peat and Manufactured Gases",2170.1058,GWh
Chile,2021-01-01,Net Electricity Production,Oil and Petroleum Products,166.3131,GWh
Chile,2021-01-01,Net Electricity Production,Natural Gas,765.7208,GWh
Chile,2021-01-01,Net Electricity Production,Combustible Renewables,372.6156,GWh
Chile,2021-01-01,Net Electricity Production,Other Combustible Non-Renewables,0.0,GWh
Chile,2021-01-01,Net Electricity Production,Hydro,2090.4756,GWh
Chile,2021-01-01,Net Electricity Production,Wind,553.4269,GWh
Chile,2021-01-01,Net Electricity Production,Solar,869.9971,GWh
Chile,2021-01-01,Net Electricity Production,Geothermal,19.6032,GWh
Chile,2021-01-01,Net Electricity Production,Other Renewables,0.0,GWh
Chile,2021-01-01,Net Electricity Production,Not Specified,0.0,GWh
Chile,2021-01-01,Net Electricity Production,"Total Renewables (Hydro, Geo, Solar, Wind, Other)",3906.1184,GWh
Chile,2021-01-01,Total Imports,Electricity,0.0,GWh
Chile,2021-01-01,Total Exports,Electricity,0.0,GWh
Chile,2021-01-01,Used for pumped storage,Electricity,0.0,GWh
Chile,2021-01-01,Distribution Losses,Electricity,344.4193,GWh
Chile,2021-01-01,Final Consumption (Calculated),Electricity,6663.8389,GWh
Colombia,2021-01-01,Net Electricity Production,Electricity,6764.3201,GWh
Colombia,2021-01-01,Net Electricity Production,Nuclear,0.0,GWh
Colombia,2021-01-01,Net Electricity Production,Total Combustible Fuels,2278.6178,GWh
Colombia,2021-01-01,Net Electricity Production,"Coal, Peat and Manufactured Gases",580.4138,GWh
Colombia,2021-01-01,Net Electricity Production,Oil and Petroleum Products,296.2972,GWh
Colombia,2021-01-01,Net Electricity Production,Natural Gas,1165.2107,GWh
Colombia,2021-01-01,Net Electricity Production,Combustible Renewables,236.6961,GWh
Colombia,2021-01-01,Net Electricity Production,Other Combustible Non-Renewables,0.0,GWh
Colombia,2021-01-01,Net Electricity Production,Hydro,4456.1485,GWh
Colombia,2021-01-01,Net Electricity Production,Wind,4.2461,GWh
Colombia,2021-01-01,Net Electricity Production,Solar,25.3077,GWh
Colombia,2021-01-01,Net Electricity Production,Geothermal,0.0,GWh
Colombia,2021-01-01,Net Electricity Production,Other Renewables,0.0,GWh
Colombia,2021-01-01,Net Electricity Production,Not Specified,0.0,GWh
Colombia,2021-01-01,Net Electricity Production,"Total Renewables (Hydro, Geo, Solar, Wind, Other)",4722.3984,GWh
Colombia,2021-01-01,Total Imports,Electricity,3.0044,GWh
Colombia,2021-01-01,Total Exports,Electricity,0.2271,GWh
Colombia,2021-01-01,Used for pumped storage,Electricity,0.0,GWh
Colombia,2021-01-01,Distribution Losses,Electricity,381.5276,GWh
Colombia,2021-01-01,Final Consumption (Calculated),Electricity,6385.5698,GWh
Costa Rica,2021-01-01,Net Electricity Production,Electricity,1025.8429,GWh
Costa Rica,2021-01-01,Net Electricity Production,Total Combustible Fuels,40.5446,GWh
Costa Rica,2021-01-01,Net Electricity Production,Oil and Petroleum Products,0.0,GWh
Costa Rica,2021-01-01,Net Electricity Production,Combustible Renewables,40.5446,GWh
Costa Rica,2021-01-01,Net Electricity Production,Hydro,646.2856,GWh
Costa Rica,2021-01-01,Net Electricity Production,Wind,198.737,GWh
Costa Rica,2021-01-01,Net Electricity Production,Solar,8.0426,GWh
Costa Rica,2021-01-01,Net Electricity Production,Geothermal,132.233,GWh
Costa Rica,2021-01-01,Net Electricity Production,"Total Renewables (Hydro, Geo, Solar, Wind, Other)",1025.8429,GWh
Costa Rica,2021-01-01,Total Exports,Electricity,79.9336,GWh
Costa Rica,2021-01-01,Distribution Losses,Electricity,87.4565,GWh
Costa Rica,2021-01-01,Final Consumption (Calculated),Electricity,858.4528,GWh
Mexico,2021-01-01,Net Electricity Production,Electricity,24151.2073,GWh
Mexico,2021-01-01,Net Electricity Production,Nuclear,359.8838,GWh
Mexico,2021-01-01,Net Electricity Production,Total Combustible Fuels,18759.3376,GWh
Mexico,2021-01-01,Net Electricity Production,"Coal, Peat and Manufactured Gases",1379.9277,GWh
Mexico,2021-01-01,Net Electricity Production,Oil and Petroleum Products,3485.3529,GWh
Mexico,2021-01-01,Net Electricity Production,Natural Gas,13602.3613,GWh
Mexico,2021-01-01,Net Electricity Production,Combustible Renewables,279.3629,GWh
Mexico,2021-01-01,Net Electricity Production,Other Combustible Non-Renewables,12.3328,GWh
Mexico,2021-01-01,Net Electricity Production,Hydro,1840.599,GWh
Mexico,2021-01-01,Net Electricity Production,Wind,1955.311,GWh
Mexico,2021-01-01,Net Electricity Production,Solar,825.5365,GWh
Mexico,2021-01-01,Net Electricity Production,Geothermal,410.5397,GWh
Mexico,2021-01-01,Net Electricity Production,Other Renewables,0.0,GWh
Mexico,2021-01-01,Net Electricity Production,Not Specified,0.0,GWh
Mexico,2021-01-01,Net Electricity Production,"Total Renewables (Hydro, Geo, Solar, Wind, Other)",5311.3489,GWh
Mexico,2021-01-01,Total Imports,Electricity,391.4086,GWh
Mexico,2021-01-01,Total Exports,Electricity,309.0344,GWh
Mexico,2021-01-01,Used for pumped storage,Electricity,0.0,GWh
Mexico,2021-01-01,Distribution Losses,Electricity,2839.9735,GWh
Mexico,2021-01-01,Final Consumption (Calculated),Electricity,21393.608,GWh
Argentina,2021-01-01,Net Electricity Production,Electricity,13175.0036,GWh
Argentina,2021-01-01,Net Electricity Production,Nuclear,681.4815,GWh
Argentina,2021-01-01,Net Electricity Production,Total Combustible Fuels,9516.5751,GWh
Argentina,2021-01-01,Net Electricity Production,"Coal, Peat and Manufactured Gases",244.0148,GWh
Argentina,2021-01-01,Net Electricity Production,Oil and Petroleum Products,1380.3909,GWh
Argentina,2021-01-01,Net Electricity Production,Natural Gas,7751.7979,GWh
Argentina,2021-01-01,Net Electricity Production,Combustible Renewables,140.3715,GWh
Argentina,2021-01-01,Net Electricity Production,Other Combustible Non-Renewables,0.0,GWh
Argentina,2021-01-01,Net Electricity Production,Hydro,1736.1104,GWh
Argentina,2021-01-01,Net Electricity Production,Wind,1047.1598,GWh
Argentina,2021-01-01,Net Electricity Production,Solar,193.6768,GWh
Argentina,2021-01-01,Net Electricity Production,Geothermal,0.0,GWh
Argentina,2021-01-01,Net Electricity Production,Other Renewables,0.0,GWh
Argentina,2021-01-01,Net Electricity Production,Not Specified,0.0,GWh
Argentina,2021-01-01,Net Electricity Production,"Total Renewables (Hydro, Geo, Solar, Wind, Other)",3117.3185,GWh
Brazil,2021-01-01,Net Electricity Production,Electricity,54001.927,GWh
Brazil,2021-01-01,Net Electricity Production,Nuclear,1291.4858,GWh
Brazil,2021-01-01,Net Electricity Production,Total Combustible Fuels,12441.8829,GWh
Brazil,2021-01-01,Net Electricity Production,"Coal, Peat and Manufactured Gases",2201.7411,GWh
Brazil,2021-01-01,Net Electricity Production,Oil and Petroleum Products,1636.8318,GWh
Brazil,2021-01-01,Net Electricity Production,Natural Gas,7007.5925,GWh
Brazil,2021-01-01,Net Electricity Production,Combustible Renewables,1427.5157,GWh
Brazil,2021-01-01,Net Electricity Production,Other Combustible Non-Renewables,168.2017,GWh
Brazil,2021-01-01,Net Electricity Production,Hydro,33517.4197,GWh
Brazil,2021-01-01,Net Electricity Production,Wind,5616.6794,GWh
Brazil,2021-01-01,Net Electricity Production,Solar,1134.4592,GWh
Brazil,2021-01-01,Net Electricity Production,Geothermal,0.0,GWh
Brazil,2021-01-01,Net Electricity Production,Other Renewables,0.0,GWh
Brazil,2021-01-01,Net Electricity Production,Not Specified,0.0,GWh
Brazil,2021-01-01,Net Electricity Production,"Total Renewables (Hydro, Geo, Solar, Wind, Other)",41696.0739,GWh
Peru,2021-01-01,Net Electricity Production,Electricity,4664.997,GWh
Peru,2021-01-01,Net Electricity Production,Total Combustible Fuels,1008.538,GWh
Peru,2021-01-01,Net Electricity Production,"Coal, Peat and Manufactured Gases",7.7602,GWh
Peru,2021-01-01,Net Electricity Production,Oil and Petroleum Products,18.5881,GWh
Peru,2021-01-01,Net Electricity Production,Natural Gas,951.8238,GWh
Peru,2021-01-01,Net Electricity Production,Combustible Renewables,30.3658,GWh
Peru,2021-01-01,Net Electricity Production,Hydro,3424.975,GWh
Peru,2021-01-01,Net Electricity Production,Wind,159.2918,GWh
Peru,2021-01-01,Net Electricity Production,Solar,72.1922,GWh
Peru,2021-01-01,Net Electricity Production,"Total Renewables (Hydro, Geo, Solar, Wind, Other)",3686.8248,GWh
Chile,2020-12-01,Net Electricity Production,Electricity,7090.5634,GWh
Chile,2020-12-01,Net Electricity Production,Nuclear,0.0,GWh
Chile,2020-12-01,Net Electricity Production,Total Combustible Fuels,3160.6549,GWh
Chile,2020-12-01,Net Electricity Production,"Coal, Peat and Manufactured Gases",1995.9214,GWh
Chile,2020-12-01,Net Electricity Production,Oil and Petroleum Products,93.8687,GWh
Chile,2020-12-01,Net Electricity Production,Natural Gas,639.4034,GWh
Chile,2020-12-01,Net Electricity Production,Combustible Renewables,431.4615,GWh
Chile,2020-12-01,Net Electricity Production,Other Combustible Non-Renewables,0.0,GWh
Chile,2020-12-01,Net Electricity Production,Hydro,2454.2467,GWh
Chile,2020-12-01,Net Electricity Production,Wind,534.17,GWh
Chile,2020-12-01,Net Electricity Production,Solar,915.4784,GWh
Chile,2020-12-01,Net Electricity Production,Geothermal,26.0135,GWh
Chile,2020-12-01,Net Electricity Production,Other Renewables,0.0,GWh
Chile,2020-12-01,Net Electricity Production,Not Specified,0.0,GWh
Chile,2020-12-01,Net Electricity Production,"Total Renewables (Hydro, Geo, Solar, Wind, Other)",4361.37,GWh
Chile,2020-12-01,Total Imports,Electricity,0.0,GWh
Chile,2020-12-01,Total Exports,Electricity,0.0,GWh
Chile,2020-12-01,Used for pumped storage,Electricity,0.0,GWh
Chile,2020-12-01,Distribution Losses,Electricity,207.0482,GWh
Chile,2020-12-01,Final Consumption (Calculated),Electricity,6883.5153,GWh
Colombia,2020-12-01,Net Electricity Production,Electricity,6785.2873,GWh
Colombia,2020-12-01,Net Electricity Production,Nuclear,0.0,GWh
Colombia,2020-12-01,Net Electricity Production,Total Combustible Fuels,2082.7785,GWh
Colombia,2020-12-01,Net Electricity Production,"Coal, Peat and Manufactured Gases",558.8341,GWh
Colombia,2020-12-01,Net Electricity Production,Oil and Petroleum Products,212.9462,GWh
Colombia,2020-12-01,Net Electricity Production,Natural Gas,1137.463,GWh
Colombia,2020-12-01,Net Electricity Production,Combustible Renewables,173.5353,GWh
Colombia,2020-12-01,Net Electricity Production,Other Combustible Non-Renewables,0.0,GWh
Colombia,2020-12-01,Net Electricity Production,Hydro,4675.7803,GWh
Colombia,2020-12-01,Net Electricity Production,Wind,3.2944,GWh
Colombia,2020-12-01,Net Electricity Production,Solar,23.434,GWh
Colombia,2020-12-01,Net Electricity Production,Geothermal,0.0,GWh
Colombia,2020-12-01,Net Electricity Production,Other Renewables,0.0,GWh
Colombia,2020-12-01,Net Electricity Production,Not Specified,0.0,GWh
Colombia,2020-12-01,Net Electricity Production,"Total Renewables (Hydro, Geo, Solar, Wind, Other)",4876.0441,GWh
Colombia,2020-12-01,Total Imports,Electricity,0.0,GWh
Colombia,2020-12-01,Total Exports,Electricity,0.0,GWh
Colombia,2020-12-01,Used for pumped storage,Electricity,0.0,GWh
Colombia,2020-12-01,Distribution Losses,Electricity,483.1382,GWh
Colombia,2020-12-01,Final Consumption (Calculated),Electricity,6302.1491,GWh
Mexico,2020-12-01,Net Electricity Production,Electricity,23941.1017,GWh
Mexico,2020-12-01,Net Electricity Production,Nuclear,573.3834,GWh
Mexico,2020-12-01,Net Electricity Production,Total Combustible Fuels,18249.108,GWh
Mexico,2020-12-01,Net Electricity Production,"Coal, Peat and Manufactured Gases",1179.5459,GWh
Mexico,2020-12-01,Net Electricity Production,Oil and Petroleum Products,3406.3042,GWh
Mexico,2020-12-01,Net Electricity Production,Natural Gas,13293.6355,GWh
Mexico,2020-12-01,Net Electricity Production,Combustible Renewables,357.4238,GWh
Mexico,2020-12-01,Net Electricity Production,Other Combustible Non-Renewables,12.1986,GWh
Mexico,2020-12-01,Net Electricity Production,Hydro,1813.272,GWh
Mexico,2020-12-01,Net Electricity Production,Wind,2204.1516,GWh
Mexico,2020-12-01,Net Electricity Production,Solar,703.6665,GWh
Mexico,2020-12-01,Net Electricity Production,Geothermal,397.5202,GWh
Mexico,2020-12-01,Net Electricity Production,Other Renewables,0.0,GWh
Mexico,2020-12-01,Net Electricity Production,Not Specified,0.0,GWh
Mexico,2020-12-01,Net Electricity Production,"Total Renewables (Hydro, Geo, Solar, Wind, Other)",5476.0342,GWh
Mexico,2020-12-01,Total Imports,Electricity,1034.0681,GWh
Mexico,2020-12-01,Total Exports,Electricity,475.8588,GWh
Mexico,2020-12-01,Used for pumped storage,Electricity,0.0,GWh
Mexico,2020-12-01,Distribution Losses,Electricity,2801.4183,GWh
Mexico,2020-12-01,Final Consumption (Calculated),Electricity,21697.8926,GWh
Argentina,2020-12-01,Net Electricity Production,Electricity,12646.0757,GWh
Argentina,2020-12-01,Net Electricity Production,Nuclear,698.1081,GWh
Argentina,2020-12-01,Net Electricity Production,Total Combustible Fuels,8860.5864,GWh
Argentina,2020-12-01,Net Electricity Production,"Coal, Peat and Manufactured Gases",343.7514,GWh
Argentina,2020-12-01,Net Electricity Production,Oil and Petroleum Products,1130.5938,GWh
Argentina,2020-12-01,Net Electricity Production,Natural Gas,7148.6772,GWh
Argentina,2020-12-01,Net Electricity Production,Combustible Renewables,237.564,GWh
Argentina,2020-12-01,Net Electricity Production,Other Combustible Non-Renewables,0.0,GWh
Argentina,2020-12-01,Net Electricity Production,Hydro,1859.0645,GWh
Argentina,2020-12-01,Net Electricity Production,Wind,1014.044,GWh
Argentina,2020-12-01,Net Electricity Production,Solar,214.2726,GWh
Argentina,2020-12-01,Net Electricity Production,Geothermal,0.0,GWh
Argentina,2020-12-01,Net Electricity Production,Other Renewables,0.0,GWh
Argentina,2020-12-01,Net Electricity Production,Not Specified,0.0,GWh
Argentina,2020-12-01,Net Electricity Production,"Total Renewables (Hydro, Geo, Solar, Wind, Other)",3324.9451,GWh
Brazil,2020-12-01,Net Electricity Production,Electricity,55431.3744,GWh
Brazil,2020-12-01,Net Electricity Production,Nuclear,1296.436,GWh
Brazil,2020-12-01,Net Electricity Production,Total Combustible Fuels,15589.0869,GWh
Brazil,2020-12-01,Net Electricity Production,"Coal, Peat and Manufactured Gases",2704.9835,GWh
Brazil,2020-12-01,Net Electricity Production,Oil and Petroleum Products,2004.4842,GWh
Brazil,2020-12-01,Net Electricity Production,Natural Gas,8312.1988,GWh
Brazil,2020-12-01,Net Electricity Production,Combustible Renewables,2389.682,GWh
Brazil,2020-12-01,Net Electricity Production,Other Combustible Non-Renewables,177.7383,GWh
Brazil,2020-12-01,Net Electricity Production,Hydro,31813.5626,GWh
Brazil,2020-12-01,Net Electricity Production,Wind,5857.3575,GWh
Brazil,2020-12-01,Net Electricity Production,Solar,874.9314,GWh
Brazil,2020-12-01,Net Electricity Production,Geothermal,0.0,GWh
Brazil,2020-12-01,Net Electricity Production,Other Renewables,0.0,GWh
Brazil,2020-12-01,Net Electricity Production,Not Specified,0.0,GWh
Brazil,2020-12-01,Net Electricity Production,"Total Renewables (Hydro, Geo, Solar, Wind, Other)",40935.5335,GWh
Peru,2020-12-01,Net Electricity Production,Electricity,4777.8618,GWh
Peru,2020-12-01,Net Electricity Production,Total Combustible Fuels,1727.1898,GWh
Peru,2020-12-01,Net Electricity Production,"Coal, Peat and Manufactured Gases",11.6293,GWh
Peru,2020-12-01,Net Electricity Production,Oil and Petroleum Products,29.3426,GWh
Peru,2020-12-01,Net Electricity Production,Natural Gas,1637.5854,GWh
Peru,2020-12-01,Net Electricity Production,Combustible Renewables,48.6324,GWh
Peru,2020-12-01,Net Electricity Production,Hydro,2829.6846,GWh
Peru,2020-12-01,Net Electricity Production,Wind,146.5635,GWh
Peru,2020-12-01,Net Electricity Production,Solar,74.4239,GWh
Peru,2020-12-01,Net Electricity Production,"Total Renewables (Hydro, Geo, Solar, Wind, Other)",3099.3045,GWh
Chile,2020-11-01,Net Electricity Production,Electricity,6816.5256,GWh
Chile,2020-11-01,Net Electricity Production,Nuclear,0.0,GWh
Chile,2020-11-01,Net Electricity Production,Total Combustible Fuels,2669.252,GWh
Chile,2020-11-01,Net Electricity Production,"Coal, Peat and Manufactured Gases",1868.9082,GWh
Chile,2020-11-01,Net Electricity Production,Oil and Petroleum Products,65.1452,GWh
Chile,2020-11-01,Net Electricity Production,Natural Gas,320.1629,GWh
Chile,2020-11-01,Net Electricity Production,Combustible Renewables,415.0357,GWh
Chile,2020-11-01,Net Electricity Production,Other Combustible Non-Renewables,0.0,GWh
Chile,2020-11-01,Net Electricity Production,Hydro,2727.421,GWh
Chile,2020-11-01,Net Electricity Production,Wind,544.7009,GWh
Chile,2020-11-01,Net Electricity Production,Solar,854.5169,GWh
Chile,2020-11-01,Net Electricity Production,Geothermal,20.6348,GWh
Chile,2020-11-01,Net Electricity Production,Other Renewables,0.0,GWh
Chile,2020-11-01,Net Electricity Production,Not Specified,0.0,GWh
Chile,2020-11-01,Net Electricity Production,"Total Renewables (Hydro, Geo, Solar, Wind, Other)",4562.3093,GWh
Chile,2020-11-01,Total Imports,Electricity,0.0,GWh
Chile,2020-11-01,Total Exports,Electricity,0.0,GWh
Chile,2020-11-01,Used for pumped storage,Electricity,0.0,GWh
Chile,2020-11-01,Distribution Losses,Electricity,198.2908,GWh
Chile,2020-11-01,Final Consumption (Calculated),Electricity,6618.2348,GWh
Colombia,2020-11-01,Net Electricity Production,Electricity,6757.0211,GWh
Colombia,2020-11-01,Net Electricity Production,Nuclear,0.0,GWh
Colombia,2020-11-01,Net Electricity Production,Total Combustible Fuels,2034.6552,GWh
Colombia,2020-11-01,Net Electricity Production,"Coal, Peat and Manufactured Gases",527.8526,GWh
Colombia,2020-11-01,Net Electricity Production,Oil and Petroleum Products,212.7222,GWh
Colombia,2020-11-01,Net Electricity Production,Natural Gas,1120.6124,GWh
Colombia,2020-11-01,Net Electricity Production,Combustible Renewables,173.468,GWh
Colombia,2020-11-01,Net Electricity Production,Other Combustible Non-Renewables,0.0,GWh
Colombia,2020-11-01,Net Electricity Production,Hydro,4705.1707,GWh
Colombia,2020-11-01,Net Electricity Production,Wind,1.2717,GWh
Colombia,2020-11-01,Net Electricity Production,Solar,15.9235,GWh
Colombia,2020-11-01,Net Electricity Production,Geothermal,0.0,GWh
Colombia,2020-11-01,Net Electricity Production,Other Renewables,0.0,GWh
Colombia,2020-11-01,Net Electricity Production,Not Specified,0.0,GWh
Colombia,2020-11-01,Net Electricity Production,"Total Renewables (Hydro, Geo, Solar, Wind, Other)",4895.8339,GWh
Colombia,2020-11-01,Total Imports,Electricity,0.1782,GWh
Colombia,2020-11-01,Total Exports,Electricity,0.0,GWh
Colombia,2020-11-01,Used for pumped storage,Electricity,0.0,GWh
Colombia,2020-11-01,Distribution Losses,Electricity,477.8659,GWh
Colombia,2020-11-01,Final Consumption (Calculated),Electricity,6279.3334,GWh
Mexico,2020-11-01,Net Electricity Production,Electricity,24329.5945,GWh
Mexico,2020-11-01,Net Electricity Production,Nuclear,688.7488,GWh
Mexico,2020-11-01,Net Electricity Production,Total Combustible Fuels,18816.4862,GWh
Mexico,2020-11-01,Net Electricity Production,"Coal, Peat and Manufactured Gases",1251.1055,GWh
Mexico,2020-11-01,Net Electricity Production,Oil and Petroleum Products,3563.678,GWh
Mexico,2020-11-01,Net Electricity Production,Natural Gas,13907.8116,GWh
Mexico,2020-11-01,Net Electricity Production,Combustible Renewables,81.1289,GWh
Mexico,2020-11-01,Net Electricity Production,Other Combustible Non-Renewables,12.7622,GWh
Mexico,2020-11-01,Net Electricity Production,Hydro,1789.3442,GWh
Mexico,2020-11-01,Net Electricity Production,Wind,1929.5857,GWh
Mexico,2020-11-01,Net Electricity Production,Solar,740.3942,GWh
Mexico,2020-11-01,Net Electricity Production,Geothermal,365.0352,GWh
Mexico,2020-11-01,Net Electricity Production,Other Renewables,0.0,GWh
Mexico,2020-11-01,Net Electricity Production,Not Specified,0.0,GWh
Mexico,2020-11-01,Net Electricity Production,"Total Renewables (Hydro, Geo, Solar, Wind, Other)",4905.4883,GWh
Mexico,2020-11-01,Total Imports,Electricity,1340.3477,GWh
Mexico,2020-11-01,Total Exports,Electricity,524.5181,GWh
Mexico,2020-11-01,Used for pumped storage,Electricity,0.0,GWh
Mexico,2020-11-01,Distribution Losses,Electricity,2283.6244,GWh
Mexico,2020-11-01,Final Consumption (Calculated),Electricity,22861.7996,GWh
Argentina,2020-11-01,Net Electricity Production,Electricity,11983.6059,GWh
Argentina,2020-11-01,Net Electricity Production,Nuclear,681.8682,GWh
Argentina,2020-11-01,Net Electricity Production,Total Combustible Fuels,8571.3776,GWh
Argentina,2020-11-01,Net Electricity Production,"Coal, Peat and Manufactured Gases",201.8526,GWh
Argentina,2020-11-01,Net Electricity Production,Oil and Petroleum Products,1060.2481,GWh
Argentina,2020-11-01,Net Electricity Production,Natural Gas,7080.7475,GWh
Argentina,2020-11-01,Net Electricity Production,Combustible Renewables,228.5295,GWh
Argentina,2020-11-01,Net Electricity Production,Other Combustible Non-Renewables,0.0,GWh
Argentina,2020-11-01,Net Electricity Production,Hydro,1679.8125,GWh
Argentina,2020-11-01,Net Electricity Production,Wind,857.9366,GWh
Argentina,2020-11-01,Net Electricity Production,Solar,192.6109,GWh
Argentina,2020-11-01,Net Electricity Production,Geothermal,0.0,GWh
Argentina,2020-11-01,Net Electricity Production,Other Renewables,0.0,GWh
Argentina,2020-11-01,Net Electricity Production,Not Specified,0.0,GWh
Argentina,2020-11-01,Net Electricity Production,"Total Renewables (Hydro, Geo, Solar, Wind, Other)",2958.8895,GWh
Brazil,2020-11-01,Net Electricity Production,Electricity,54160.7592,GWh
Brazil,2020-11-01,Net Electricity Production,Nuclear,1262.7709,GWh
Brazil,2020-11-01,Net Electricity Production,Total Combustible Fuels,18313.9457,GWh
Brazil,2020-11-01,Net Electricity Production,"Coal, Peat and Manufactured Gases",2260.9094,GWh
Brazil,2020-11-01,Net Electricity Production,Oil and Petroleum Products,2535.0077,GWh
Brazil,2020-11-01,Net Electricity Production,Natural Gas,8336.1466,GWh
Brazil,2020-11-01,Net Electricity Production,Combustible Renewables,5004.1437,GWh
Brazil,2020-11-01,Net Electricity Production,Other Combustible Non-Renewables,177.7383,GWh
Brazil,2020-11-01,Net Electricity Production,Hydro,28379.2608,GWh
Brazil,2020-11-01,Net Electricity Production,Wind,5374.8161,GWh
Brazil,2020-11-01,Net Electricity Production,Solar,829.9658,GWh
Brazil,2020-11-01,Net Electricity Production,Geothermal,0.0,GWh
Brazil,2020-11-01,Net Electricity Production,Other Renewables,0.0,GWh
Brazil,2020-11-01,Net Electricity Production,Not Specified,0.0,GWh
Brazil,2020-11-01,Net Electricity Production,"Total Renewables (Hydro, Geo, Solar, Wind, Other)",39588.1864,GWh
Peru,2020-11-01,Net Electricity Production,Electricity,4604.1134,GWh
Peru,2020-11-01,Net Electricity Production,Total Combustible Fuels,2542.7012,GWh
Peru,2020-11-01,Net Electricity Production,"Coal, Peat and Manufactured Gases",16.1957,GWh
Peru,2020-11-01,Net Electricity Production,Oil and Petroleum Products,40.8643,GWh
Peru,2020-11-01,Net Electricity Production,Natural Gas,2417.9125,GWh
Peru,2020-11-01,Net Electricity Production,Combustible Renewables,67.7286,GWh
Peru,2020-11-01,Net Electricity Production,Hydro,1823.0817,GWh
Peru,2020-11-01,Net Electricity Production,Wind,155.963,GWh
Peru,2020-11-01,Net Electricity Production,Solar,82.3676,GWh
Peru,2020-11-01,Net Electricity Production,"Total Renewables (Hydro, Geo, Solar, Wind, Other)",2129.1408,GWh
Chile,2020-10-01,Net Electricity Production,Electricity,6682.9068,GWh
Chile,2020-10-01,Net Electricity Production,Nuclear,0.0,GWh
Chile,2020-10-01,Net Electricity Production,Total Combustible Fuels,2818.8069,GWh
Chile,2020-10-01,Net Electricity Production,"Coal, Peat and Manufactured Gases",1798.0069,GWh
Chile,2020-10-01,Net Electricity Production,Oil and Petroleum Products,68.0781,GWh
Chile,2020-10-01,Net Electricity Production,Natural Gas,557.6428,GWh
Chile,2020-10-01,Net Electricity Production,Combustible Renewables,395.0791,GWh
Chile,2020-10-01,Net Electricity Production,Other Combustible Non-Renewables,0.0,GWh
Chile,2020-10-01,Net Electricity Production,Hydro,2405.4364,GWh
Chile,2020-10-01,Net Electricity Production,Wind,650.0623,GWh
Chile,2020-10-01,Net Electricity Production,Solar,790.4257,GWh
Chile,2020-10-01,Net Electricity Production,Geothermal,18.1756,GWh
Chile,2020-10-01,Net Electricity Production,Other Renewables,0.0,GWh
Chile,2020-10-01,Net Electricity Production,Not Specified,0.0,GWh
Chile,2020-10-01,Net Electricity Production,"Total Renewables (Hydro, Geo, Solar, Wind, Other)",4259.179,GWh
Chile,2020-10-01,Total Imports,Electricity,0.0,GWh
Chile,2020-10-01,Total Exports,Electricity,0.0,GWh
Chile,2020-10-01,Used for pumped storage,Electricity,0.0,GWh
Chile,2020-10-01,Distribution Losses,Electricity,194.55,GWh
Chile,2020-10-01,Final Consumption (Calculated),Electricity,6488.3568,GWh
Colombia,2020-10-01,Net Electricity Production,Electricity,6779.3599,GWh
Colombia,2020-10-01,Net Electricity Production,Nuclear,0.0,GWh
Colombia,2020-10-01,Net Electricity Production,Total Combustible Fuels,2229.2928,GWh
Colombia,2020-10-01,Net Electricity Production,"Coal, Peat and Manufactured Gases",708.0161,GWh
Colombia,2020-10-01,Net Electricity Production,Oil and Petroleum Products,211.396,GWh
Colombia,2020-10-01,Net Electricity Production,Natural Gas,1136.3659,GWh
Colombia,2020-10-01,Net Electricity Production,Combustible Renewables,173.5148,GWh
Colombia,2020-10-01,Net Electricity Production,Other Combustible Non-Renewables,0.0,GWh
Colombia,2020-10-01,Net Electricity Production,Hydro,4531.5008,GWh
Colombia,2020-10-01,Net Electricity Production,Wind,1.3892,GWh
Colombia,2020-10-01,Net Electricity Production,Solar,17.1772,GWh
Colombia,2020-10-01,Net Electricity Production,Geothermal,0.0,GWh
Colombia,2020-10-01,Net Electricity Production,Other Renewables,0.0,GWh
Colombia,2020-10-01,Net Electricity Production,Not Specified,0.0,GWh
Colombia,2020-10-01,Net Electricity Production,"Total Renewables (Hydro, Geo, Solar, Wind, Other)",4723.5819,GWh
Colombia,2020-10-01,Total Imports,Electricity,0.9941,GWh
Colombia,2020-10-01,Total Exports,Electricity,0.0,GWh
Colombia,2020-10-01,Used for pumped storage,Electricity,0.0,GWh
Colombia,2020-10-01,Distribution Losses,Electricity,482.3925,GWh
Colombia,2020-10-01,Final Consumption (Calculated),Electricity,6297.9615,GWh
Mexico,2020-10-01,Net Electricity Production,Electricity,27352.5521,GWh
Mexico,2020-10-01,Net Electricity Production,Nuclear,984.9823,GWh
Mexico,2020-10-01,Net Electricity Production,Total Combustible Fuels,20970.6869,GWh
Mexico,2020-10-01,Net Electricity Production,"Coal, Peat and Manufactured Gases",1176.5958,GWh
Mexico,2020-10-01,Net Electricity Production,Oil and Petroleum Products,4028.0288,GWh
Mexico,2020-10-01,Net Electricity Production,Natural Gas,15720.0131,GWh
Mexico,2020-10-01,Net Electricity Production,Combustible Renewables,31.6241,GWh
Mexico,2020-10-01,Net Electricity Production,Other Combustible Non-Renewables,14.4252,GWh
Mexico,2020-10-01,Net Electricity Production,Hydro,2456.5223,GWh
Mexico,2020-10-01,Net Electricity Production,Wind,1692.4767,GWh
Mexico,2020-10-01,Net Electricity Production,Solar,869.2774,GWh
Mexico,2020-10-01,Net Electricity Production,Geothermal,378.6065,GWh
Mexico,2020-10-01,Net Electricity Production,Other Renewables,0.0,GWh
Mexico,2020-10-01,Net Electricity Production,Not Specified,0.0,GWh
Mexico,2020-10-01,Net Electricity Production,"Total Renewables (Hydro, Geo, Solar, Wind, Other)",5428.5069,GWh
Mexico,2020-10-01,Total Imports,Electricity,1534.8624,GWh
Mexico,2020-10-01,Total Exports,Electricity,722.0199,GWh
Mexico,2020-10-01,Used for pumped storage,Electricity,0.0,GWh
Mexico,2020-10-01,Distribution Losses,Electricity,2561.2984,GWh
Mexico,2020-10-01,Final Consumption (Calculated),Electricity,25604.0962,GWh
Argentina,2020-10-01,Net Electricity Production,Electricity,10992.2283,GWh
Argentina,2020-10-01,Net Electricity Production,Nuclear,694.5088,GWh
Argentina,2020-10-01,Net Electricity Production,Total Combustible Fuels,7341.2888,GWh
Argentina,2020-10-01,Net Electricity Production,"Coal, Peat and Manufactured Gases",0.0,GWh
Argentina,2020-10-01,Net Electricity Production,Oil and Petroleum Products,46.6506,GWh
Argentina,2020-10-01,Net Electricity Production,Natural Gas,7071.048,GWh
Argentina,2020-10-01,Net Electricity Production,Combustible Renewables,223.5902,GWh
Argentina,2020-10-01,Net Electricity Production,Other Combustible Non-Renewables,0.0,GWh
Argentina,2020-10-01,Net Electricity Production,Hydro,1905.4022,GWh
Argentina,2020-10-01,Net Electricity Production,Wind,901.2183,GWh
Argentina,2020-10-01,Net Electricity Production,Solar,149.8101,GWh
Argentina,2020-10-01,Net Electricity Production,Geothermal,0.0,GWh
Argentina,2020-10-01,Net Electricity Production,Other Renewables,0.0,GWh
Argentina,2020-10-01,Net Electricity Production,Not Specified,0.0,GWh
Argentina,2020-10-01,Net Electricity Production,"Total Renewables (Hydro, Geo, Solar, Wind, Other)",3180.0208,GWh
Brazil,2020-10-01,Net Electricity Production,Electricity,57341.517,GWh
Brazil,2020-10-01,Net Electricity Production,Nuclear,1302.743,GWh
Brazil,2020-10-01,Net Electricity Production,Total Combustible Fuels,17356.4605,GWh
Brazil,2020-10-01,Net Electricity Production,"Coal, Peat and Manufactured Gases",2277.2886,GWh
Brazil,2020-10-01,Net Electricity Production,Oil and Petroleum Products,1638.7902,GWh
Brazil,2020-10-01,Net Electricity Production,Natural Gas,7071.2643,GWh
Brazil,2020-10-01,Net Electricity Production,Combustible Renewables,6191.3791,GWh
Brazil,2020-10-01,Net Electricity Production,Other Combustible Non-Renewables,177.7383,GWh
Brazil,2020-10-01,Net Electricity Production,Hydro,31854.7647,GWh
Brazil,2020-10-01,Net Electricity Production,Wind,5903.546,GWh
Brazil,2020-10-01,Net Electricity Production,Solar,924.0027,GWh
Brazil,2020-10-01,Net Electricity Production,Geothermal,0.0,GWh
Brazil,2020-10-01,Net Electricity Production,Other Renewables,0.0,GWh
Brazil,2020-10-01,Net Electricity Production,Not Specified,0.0,GWh
Brazil,2020-10-01,Net Electricity Production,"Total Renewables (Hydro, Geo, Solar, Wind, Other)",44873.6925,GWh
Peru,2020-10-01,Net Electricity Production,Electricity,4676.9102,GWh
Peru,2020-10-01,Net Electricity Production,Total Combustible Fuels,2316.9431,GWh
Peru,2020-10-01,Net Electricity Production,"Coal, Peat and Manufactured Gases",19.5665,GWh
Peru,2020-10-01,Net Electricity Production,Oil and Petroleum Products,49.3693,GWh
Peru,2020-10-01,Net Electricity Production,Natural Gas,2166.1826,GWh
Peru,2020-10-01,Net Electricity Production,Combustible Renewables,81.8247,GWh
Peru,2020-10-01,Net Electricity Production,Hydro,2111.5369,GWh
Peru,2020-10-01,Net Electricity Production,Wind,171.2963,GWh
Peru,2020-10-01,Net Electricity Production,Solar,77.134,GWh
Peru,2020-10-01,Net Electricity Production,"Total Renewables (Hydro, Geo, Solar, Wind, Other)",2441.7918,GWh
Chile,2020-09-01,Net Electricity Production,Electricity,6616.1537,GWh
Chile,2020-09-01,Net Electricity Production,Nuclear,0.0,GWh
Chile,2020-09-01,Net Electricity Production,Total Combustible Fuels,3575.2297,GWh
Chile,2020-09-01,Net Electricity Production,"Coal, Peat and Manufactured Gases",2022.4283,GWh
Chile,2020-09-01,Net Electricity Production,Oil and Petroleum Products,80.7543,GWh
Chile,2020-09-01,Net Electricity Production,Natural Gas,1072.5165,GWh
Chile,2020-09-01,Net Electricity Production,Combustible Renewables,399.5306,GWh
Chile,2020-09-01,Net Electricity Production,Other Combustible Non-Renewables,0.0,GWh
Chile,2020-09-01,Net Electricity Production,Hydro,1865.7282,GWh
Chile,2020-09-01,Net Electricity Production,Wind,491.2596,GWh
Chile,2020-09-01,Net Electricity Production,Solar,665.6719,GWh
Chile,2020-09-01,Net Electricity Production,Geothermal,18.2644,GWh
Chile,2020-09-01,Net Electricity Production,Other Renewables,0.0,GWh
Chile,2020-09-01,Net Electricity Production,Not Specified,0.0,GWh
Chile,2020-09-01,Net Electricity Production,"Total Renewables (Hydro, Geo, Solar, Wind, Other)",3440.4547,GWh
Chile,2020-09-01,Total Imports,Electricity,0.0,GWh
Chile,2020-09-01,Total Exports,Electricity,0.0,GWh
Chile,2020-09-01,Used for pumped storage,Electricity,0.0,GWh
Chile,2020-09-01,Distribution Losses,Electricity,192.3517,GWh
Chile,2020-09-01,Final Consumption (Calculated),Electricity,6423.802,GWh
Colombia,2020-09-01,Net Electricity Production,Electricity,6521.89,GWh
Colombia,2020-09-01,Net Electricity Production,Nuclear,0.0,GWh
Colombia,2020-09-01,Net Electricity Production,Total Combustible Fuels,2153.665,GWh
Colombia,2020-09-01,Net Electricity Production,"Coal, Peat and Manufactured Gases",563.7958,GWh
Colombia,2020-09-01,Net Electricity Production,Oil and Petroleum Products,213.7905,GWh
Colombia,2020-09-01,Net Electricity Production,Natural Gas,1202.5692,GWh
Colombia,2020-09-01,Net Electricity Production,Combustible Renewables,173.5096,GWh
Colombia,2020-09-01,Net Electricity Production,Other Combustible Non-Renewables,0.0,GWh
Colombia,2020-09-01,Net Electricity Production,Hydro,4350.0562,GWh
Colombia,2020-09-01,Net Electricity Production,Wind,1.3946,GWh
Colombia,2020-09-01,Net Electricity Production,Solar,16.7742,GWh
Colombia,2020-09-01,Net Electricity Production,Geothermal,0.0,GWh
Colombia,2020-09-01,Net Electricity Production,Other Renewables,0.0,GWh
Colombia,2020-09-01,Net Electricity Production,Not Specified,0.0,GWh
Colombia,2020-09-01,Net Electricity Production,"Total Renewables (Hydro, Geo, Solar, Wind, Other)",4541.7346,GWh
Colombia,2020-09-01,Total Imports,Electricity,10.33,GWh
Colombia,2020-09-01,Total Exports,Electricity,0.0,GWh
Colombia,2020-09-01,Used for pumped storage,Electricity,0.0,GWh
Colombia,2020-09-01,Distribution Losses,Electricity,462.4313,GWh
Colombia,2020-09-01,Final Consumption (Calculated),Electricity,6069.7887,GWh
Mexico,2020-09-01,Net Electricity Production,Electricity,27585.1061,GWh
Mexico,2020-09-01,Net Electricity Production,Nuclear,503.2343,GWh
Mexico,2020-09-01,Net Electricity Production,Total Combustible Fuels,21787.1869,GWh
Mexico,2020-09-01,Net Electricity Production,"Coal, Peat and Manufactured Gases",1106.7838,GWh
Mexico,2020-09-01,Net Electricity Production,Oil and Petroleum Products,4206.9582,GWh
Mexico,2020-09-01,Net Electricity Production,Natural Gas,16418.3132,GWh
Mexico,2020-09-01,Net Electricity Production,Combustible Renewables,40.0657,GWh
Mexico,2020-09-01,Net Electricity Production,Other Combustible Non-Renewables,15.0659,GWh
Mexico,2020-09-01,Net Electricity Production,Hydro,2960.985,GWh
Mexico,2020-09-01,Net Electricity Production,Wind,1220.1273,GWh
Mexico,2020-09-01,Net Electricity Production,Solar,742.9411,GWh
Mexico,2020-09-01,Net Electricity Production,Geothermal,370.6316,GWh
Mexico,2020-09-01,Net Electricity Production,Other Renewables,0.0,GWh
Mexico,2020-09-01,Net Electricity Production,Not Specified,0.0,GWh
Mexico,2020-09-01,Net Electricity Production,"Total Renewables (Hydro, Geo, Solar, Wind, Other)",5334.7507,GWh
Mexico,2020-09-01,Total Imports,Electricity,748.5263,GWh
Mexico,2020-09-01,Total Exports,Electricity,376.361,GWh
Mexico,2020-09-01,Used for pumped storage,Electricity,0.0,GWh
Mexico,2020-09-01,Distribution Losses,Electricity,2597.0224,GWh
Mexico,2020-09-01,Final Consumption (Calculated),Electricity,25360.249,GWh
Argentina,2020-09-01,Net Electricity Production,Electricity,10600.5178,GWh
Argentina,2020-09-01,Net Electricity Production,Nuclear,884.8493,GWh
Argentina,2020-09-01,Net Electricity Production,Total Combustible Fuels,6849.689,GWh
Argentina,2020-09-01,Net Electricity Production,"Coal, Peat and Manufactured Gases",54.2578,GWh
Argentina,2020-09-01,Net Electricity Production,Oil and Petroleum Products,222.956,GWh
Argentina,2020-09-01,Net Electricity Production,Natural Gas,6344.8307,GWh
Argentina,2020-09-01,Net Electricity Production,Combustible Renewables,227.6446,GWh
Argentina,2020-09-01,Net Electricity Production,Other Combustible Non-Renewables,0.0,GWh
Argentina,2020-09-01,Net Electricity Production,Hydro,1897.7964,GWh
Argentina,2020-09-01,Net Electricity Production,Wind,844.0024,GWh
Argentina,2020-09-01,Net Electricity Production,Solar,124.1807,GWh
Argentina,2020-09-01,Net Electricity Production,Geothermal,0.0,GWh
Argentina,2020-09-01,Net Electricity Production,Other Renewables,0.0,GWh
Argentina,2020-09-01,Net Electricity Production,Not Specified,0.0,GWh
Argentina,2020-09-01,Net Electricity Production,"Total Renewables (Hydro, Geo, Solar, Wind, Other)",3093.6241,GWh
Brazil,2020-09-01,Net Electricity Production,Electricity,52297.5014,GWh
Brazil,2020-09-01,Net Electricity Production,Nuclear,1267.6905,GWh
Brazil,2020-09-01,Net Electricity Production,Total Combustible Fuels,10434.9942,GWh
Brazil,2020-09-01,Net Electricity Production,"Coal, Peat and Manufactured Gases",628.0705,GWh
Brazil,2020-09-01,Net Electricity Production,Oil and Petroleum Products,332.1939,GWh
Brazil,2020-09-01,Net Electricity Production,Natural Gas,2857.7321,GWh
Brazil,2020-09-01,Net Electricity Production,Combustible Renewables,6439.2594,GWh
Brazil,2020-09-01,Net Electricity Production,Other Combustible Non-Renewables,177.7383,GWh
Brazil,2020-09-01,Net Electricity Production,Hydro,32701.8265,GWh
Brazil,2020-09-01,Net Electricity Production,Wind,6853.5926,GWh
Brazil,2020-09-01,Net Electricity Production,Solar,1039.3975,GWh
Brazil,2020-09-01,Net Electricity Production,Geothermal,0.0,GWh
Brazil,2020-09-01,Net Electricity Production,Other Renewables,0.0,GWh
Brazil,2020-09-01,Net Electricity Production,Not Specified,0.0,GWh
Brazil,2020-09-01,Net Electricity Production,"Total Renewables (Hydro, Geo, Solar, Wind, Other)",47034.0761,GWh
Peru,2020-09-01,Net Electricity Production,Electricity,4392.8749,GWh
Peru,2020-09-01,Net Electricity Production,Total Combustible Fuels,2260.1311,GWh
Peru,2020-09-01,Net Electricity Production,"Coal, Peat and Manufactured Gases",13.227,GWh
Peru,2020-09-01,Net Electricity Production,Oil and Petroleum Products,33.3739,GWh
Peru,2020-09-01,Net Electricity Production,Natural Gas,2158.2163,GWh
Peru,2020-09-01,Net Electricity Production,Combustible Renewables,55.3139,GWh
Peru,2020-09-01,Net Electricity Production,Hydro,1888.8484,GWh
Peru,2020-09-01,Net Electricity Production,Wind,172.7251,GWh
Peru,2020-09-01,Net Electricity Production,Solar,71.1703,GWh
Peru,2020-09-01,Net Electricity Production,"Total Renewables (Hydro, Geo, Solar, Wind, Other)",2188.0577,GWh
Chile,2020-08-01,Net Electricity Production,Electricity,6668.5587,GWh
Chile,2020-08-01,Net Electricity Production,Nuclear,0.0,GWh
Chile,2020-08-01,Net Electricity Production,Total Combustible Fuels,3682.6523,GWh
Chile,2020-08-01,Net Electricity Production,"Coal, Peat and Manufactured Gases",1806.0356,GWh
Chile,2020-08-01,Net Electricity Production,Oil and Petroleum Products,102.253,GWh
Chile,2020-08-01,Net Electricity Production,Natural Gas,1415.4947,GWh
Chile,2020-08-01,Net Electricity Production,Combustible Renewables,358.869,GWh
Chile,2020-08-01,Net Electricity Production,Other Combustible Non-Renewables,0.0,GWh
Chile,2020-08-01,Net Electricity Production,Hydro,1809.691,GWh
Chile,2020-08-01,Net Electricity Production,Wind,600.5387,GWh
Chile,2020-08-01,Net Electricity Production,Solar,559.6933,GWh
Chile,2020-08-01,Net Electricity Production,Geothermal,15.9835,GWh
Chile,2020-08-01,Net Electricity Production,Other Renewables,0.0,GWh
Chile,2020-08-01,Net Electricity Production,Not Specified,0.0,GWh
Chile,2020-08-01,Net Electricity Production,"Total Renewables (Hydro, Geo, Solar, Wind, Other)",3344.7754,GWh
Chile,2020-08-01,Total Imports,Electricity,0.0,GWh
Chile,2020-08-01,Total Exports,Electricity,0.0,GWh
Chile,2020-08-01,Used for pumped storage,Electricity,0.0,GWh
Chile,2020-08-01,Distribution Losses,Electricity,194.6029,GWh
Chile,2020-08-01,Final Consumption (Calculated),Electricity,6473.9558,GWh
Colombia,2020-08-01,Net Electricity Production,Electricity,6523.6846,GWh
Colombia,2020-08-01,Net Electricity Production,Nuclear,0.0,GWh
Colombia,2020-08-01,Net Electricity Production,Total Combustible Fuels,1936.357,GWh
Colombia,2020-08-01,Net Electricity Production,"Coal, Peat and Manufactured Gases",470.8056,GWh
Colombia,2020-08-01,Net Electricity Production,Oil and Petroleum Products,208.2937,GWh
Colombia,2020-08-01,Net Electricity Production,Natural Gas,1083.7382,GWh
Colombia,2020-08-01,Net Electricity Production,Combustible Renewables,173.5195,GWh
Colombia,2020-08-01,Net Electricity Production,Other Combustible Non-Renewables,0.0,GWh
Colombia,2020-08-01,Net Electricity Production,Hydro,4570.8261,GWh
Colombia,2020-08-01,Net Electricity Production,Wind,1.9411,GWh
Colombia,2020-08-01,Net Electricity Production,Solar,14.5604,GWh
Colombia,2020-08-01,Net Electricity Production,Geothermal,0.0,GWh
Colombia,2020-08-01,Net Electricity Production,Other Renewables,0.0,GWh
Colombia,2020-08-01,Net Electricity Production,Not Specified,0.0,GWh
Colombia,2020-08-01,Net Electricity Production,"Total Renewables (Hydro, Geo, Solar, Wind, Other)",4760.8471,GWh
Colombia,2020-08-01,Total Imports,Electricity,135.8765,GWh
Colombia,2020-08-01,Total Exports,Electricity,0.0,GWh
Colombia,2020-08-01,Used for pumped storage,Electricity,0.0,GWh
Colombia,2020-08-01,Distribution Losses,Electricity,471.1964,GWh
Colombia,2020-08-01,Final Consumption (Calculated),Electricity,6188.3646,GWh
Mexico,2020-08-01,Net Electricity Production,Electricity,29923.1968,GWh
Mexico,2020-08-01,Net Electricity Production,Nuclear,745.1811,GWh
Mexico,2020-08-01,Net Electricity Production,Total Combustible Fuels,23384.7681,GWh
Mexico,2020-08-01,Net Electricity Production,"Coal, Peat and Manufactured Gases",1050.977,GWh
Mexico,2020-08-01,Net Electricity Production,Oil and Petroleum Products,4544.0643,GWh
Mexico,2020-08-01,Net Electricity Production,Natural Gas,17733.9226,GWh
Mexico,2020-08-01,Net Electricity Production,Combustible Renewables,39.5311,GWh
Mexico,2020-08-01,Net Electricity Production,Other Combustible Non-Renewables,16.2732,GWh
Mexico,2020-08-01,Net Electricity Production,Hydro,3008.5432,GWh
Mexico,2020-08-01,Net Electricity Production,Wind,1566.4584,GWh
Mexico,2020-08-01,Net Electricity Production,Solar,822.7378,GWh
Mexico,2020-08-01,Net Electricity Production,Geothermal,395.5081,GWh
Mexico,2020-08-01,Net Electricity Production,Other Renewables,0.0,GWh
Mexico,2020-08-01,Net Electricity Production,Not Specified,0.0,GWh
Mexico,2020-08-01,Net Electricity Production,"Total Renewables (Hydro, Geo, Solar, Wind, Other)",5832.7786,GWh
Mexico,2020-08-01,Total Imports,Electricity,922.0655,GWh
Mexico,2020-08-01,Total Exports,Electricity,420.8826,GWh
Mexico,2020-08-01,Used for pumped storage,Electricity,0.0,GWh
Mexico,2020-08-01,Distribution Losses,Electricity,2813.1693,GWh
Mexico,2020-08-01,Final Consumption (Calculated),Electricity,27611.2103,GWh
Argentina,2020-08-01,Net Electricity Production,Electricity,11321.6539,GWh
Argentina,2020-08-01,Net Electricity Production,Nuclear,895.9666,GWh
Argentina,2020-08-01,Net Electricity Production,Total Combustible Fuels,7450.9639,GWh
Argentina,2020-08-01,Net Electricity Production,"Coal, Peat and Manufactured Gases",320.9284,GWh
Argentina,2020-08-01,Net Electricity Production,Oil and Petroleum Products,514.0404,GWh
Argentina,2020-08-01,Net Electricity Production,Natural Gas,6389.8907,GWh
Argentina,2020-08-01,Net Electricity Production,Combustible Renewables,226.1044,GWh
Argentina,2020-08-01,Net Electricity Production,Other Combustible Non-Renewables,0.0,GWh
Argentina,2020-08-01,Net Electricity Production,Hydro,1967.9629,GWh
Argentina,2020-08-01,Net Electricity Production,Wind,920.9252,GWh
Argentina,2020-08-01,Net Electricity Production,Solar,85.8353,GWh
Argentina,2020-08-01,Net Electricity Production,Geothermal,0.0,GWh
Argentina,2020-08-01,Net Electricity Production,Other Renewables,0.0,GWh
Argentina,2020-08-01,Net Electricity Production,Not Specified,0.0,GWh
Argentina,2020-08-01,Net Electricity Production,"Total Renewables (Hydro, Geo, Solar, Wind, Other)",3200.8278,GWh
Brazil,2020-08-01,Net Electricity Production,Electricity,50745.6433,GWh
Brazil,2020-08-01,Net Electricity Production,Nuclear,824.2621,GWh
Brazil,2020-08-01,Net Electricity Production,Total Combustible Fuels,10888.9221,GWh
Brazil,2020-08-01,Net Electricity Production,"Coal, Peat and Manufactured Gases",779.6093,GWh
Brazil,2020-08-01,Net Electricity Production,Oil and Petroleum Products,324.6329,GWh
Brazil,2020-08-01,Net Electricity Production,Natural Gas,3135.477,GWh
Brazil,2020-08-01,Net Electricity Production,Combustible Renewables,6471.4646,GWh
Brazil,2020-08-01,Net Electricity Production,Other Combustible Non-Renewables,177.7383,GWh
Brazil,2020-08-01,Net Electricity Production,Hydro,31141.6866,GWh
Brazil,2020-08-01,Net Electricity Production,Wind,6891.5569,GWh
Brazil,2020-08-01,Net Electricity Production,Solar,999.2156,GWh
Brazil,2020-08-01,Net Electricity Production,Geothermal,0.0,GWh
Brazil,2020-08-01,Net Electricity Production,Other Renewables,0.0,GWh
Brazil,2020-08-01,Net Electricity Production,Not Specified,0.0,GWh
Brazil,2020-08-01,Net Electricity Production,"Total Renewables (Hydro, Geo, Solar, Wind, Other)",45503.9237,GWh
Peru,2020-08-01,Net Electricity Production,Electricity,4484.4363,GWh
Peru,2020-08-01,Net Electricity Production,Total Combustible Fuels,2277.3474,GWh
Peru,2020-08-01,Net Electricity Production,"Coal, Peat and Manufactured Gases",12.4387,GWh
Peru,2020-08-01,Net Electricity Production,Oil and Petroleum Products,31.3849,GWh
Peru,2020-08-01,Net Electricity Production,Natural Gas,2181.5064,GWh
Peru,2020-08-01,Net Electricity Production,Combustible Renewables,52.0174,GWh
Peru,2020-08-01,Net Electricity Production,Hydro,1959.7055,GWh
Peru,2020-08-01,Net Electricity Production,Wind,182.4408,GWh
Peru,2020-08-01,Net Electricity Production,Solar,64.9425,GWh
Peru,2020-08-01,Net Electricity Production,"Total Renewables (Hydro, Geo, Solar, Wind, Other)",2259.1063,GWh
Chile,2020-07-01,Net Electricity Production,Electricity,6706.4772,GWh
Chile,2020-07-01,Net Electricity Production,Nuclear,0.0,GWh
Chile,2020-07-01,Net Electricity Production,Total Combustible Fuels,3840.5204,GWh
Chile,2020-07-01,Net Electricity Production,"Coal, Peat and Manufactured Gases",1941.4987,GWh
Chile,2020-07-01,Net Electricity Production,Oil and Petroleum Products,141.3783,GWh
Chile,2020-07-01,Net Electricity Production,Natural Gas,1343.4867,GWh
Chile,2020-07-01,Net Electricity Production,Combustible Renewables,414.1567,GWh
Chile,2020-07-01,Net Electricity Production,Other Combustible Non-Renewables,0.0,GWh
Chile,2020-07-01,Net Electricity Production,Hydro,1969.0231,GWh
Chile,2020-07-01,Net Electricity Production,Wind,427.5831,GWh
Chile,2020-07-01,Net Electricity Production,Solar,457.5672,GWh
Chile,2020-07-01,Net Electricity Production,Geothermal,11.7833,GWh
Chile,2020-07-01,Net Electricity Production,Other Renewables,0.0,GWh
Chile,2020-07-01,Net Electricity Production,Not Specified,0.0,GWh
Chile,2020-07-01,Net Electricity Production,"Total Renewables (Hydro, Geo, Solar, Wind, Other)",3280.1134,GWh
Chile,2020-07-01,Total Imports,Electricity,0.0,GWh
Chile,2020-07-01,Total Exports,Electricity,0.0,GWh
Chile,2020-07-01,Used for pumped storage,Electricity,0.0,GWh
Chile,2020-07-01,Distribution Losses,Electricity,195.4087,GWh
Chile,2020-07-01,Final Consumption (Calculated),Electricity,6511.0684,GWh
Colombia,2020-07-01,Net Electricity Production,Electricity,6403.0133,GWh
Colombia,2020-07-01,Net Electricity Production,Nuclear,0.0,GWh
Colombia,2020-07-01,Net Electricity Production,Total Combustible Fuels,1843.3646,GWh
Colombia,2020-07-01,Net Electricity Production,"Coal, Peat and Manufactured Gases",473.5599,GWh
Colombia,2020-07-01,Net Electricity Production,Oil and Petroleum Products,208.291,GWh
Colombia,2020-07-01,Net Electricity Production,Natural Gas,987.9944,GWh
Colombia,2020-07-01,Net Electricity Production,Combustible Renewables,173.5191,GWh
Colombia,2020-07-01,Net Electricity Production,Other Combustible Non-Renewables,0.0,GWh
Colombia,2020-07-01,Net Electricity Production,Hydro,4545.1062,GWh
Colombia,2020-07-01,Net Electricity Production,Wind,0.0055,GWh
Colombia,2020-07-01,Net Electricity Production,Solar,14.5371,GWh
Colombia,2020-07-01,Net Electricity Production,Geothermal,0.0,GWh
Colombia,2020-07-01,Net Electricity Production,Other Renewables,0.0,GWh
Colombia,2020-07-01,Net Electricity Production,Not Specified,0.0,GWh
Colombia,2020-07-01,Net Electricity Production,"Total Renewables (Hydro, Geo, Solar, Wind, Other)",4733.1679,GWh
Colombia,2020-07-01,Total Imports,Electricity,210.9127,GWh
Colombia,2020-07-01,Total Exports,Electricity,0.0,GWh
Colombia,2020-07-01,Used for pumped storage,Electricity,0.0,GWh
Colombia,2020-07-01,Distribution Losses,Electricity,466.0752,GWh
Colombia,2020-07-01,Final Consumption (Calculated),Electricity,6147.8508,GWh
Mexico,2020-07-01,Net Electricity Production,Electricity,29362.1023,GWh
Mexico,2020-07-01,Net Electricity Production,Nuclear,990.2726,GWh
Mexico,2020-07-01,Net Electricity Production,Total Combustible Fuels,22675.8998,GWh
Mexico,2020-07-01,Net Electricity Production,"Coal, Peat and Manufactured Gases",1539.3397,GWh
Mexico,2020-07-01,Net Electricity Production,Oil and Petroleum Products,4300.1389,GWh
Mexico,2020-07-01,Net Electricity Production,Natural Gas,16781.9653,GWh
Mexico,2020-07-01,Net Electricity Production,Combustible Renewables,39.0563,GWh
Mexico,2020-07-01,Net Electricity Production,Other Combustible Non-Renewables,15.3996,GWh
Mexico,2020-07-01,Net Electricity Production,Hydro,2891.3093,GWh
Mexico,2020-07-01,Net Electricity Production,Wind,1544.5227,GWh
Mexico,2020-07-01,Net Electricity Production,Solar,820.6671,GWh
Mexico,2020-07-01,Net Electricity Production,Geothermal,439.4307,GWh
Mexico,2020-07-01,Net Electricity Production,Other Renewables,0.0,GWh
Mexico,2020-07-01,Net Electricity Production,Not Specified,0.0,GWh
Mexico,2020-07-01,Net Electricity Production,"Total Renewables (Hydro, Geo, Solar, Wind, Other)",5734.9861,GWh
Mexico,2020-07-01,Total Imports,Electricity,965.0327,GWh
Mexico,2020-07-01,Total Exports,Electricity,483.6922,GWh
Mexico,2020-07-01,Used for pumped storage,Electricity,0.0,GWh
Mexico,2020-07-01,Distribution Losses,Electricity,2762.8199,GWh
Mexico,2020-07-01,Final Consumption (Calculated),Electricity,27080.6229,GWh
Argentina,2020-07-01,Net Electricity Production,Electricity,12782.5648,GWh
Argentina,2020-07-01,Net Electricity Production,Nuclear,740.6348,GWh
Argentina,2020-07-01,Net Electricity Production,Total Combustible Fuels,8291.2808,GWh
Argentina,2020-07-01,Net Electricity Production,"Coal, Peat and Manufactured Gases",430.8513,GWh
Argentina,2020-07-01,Net Electricity Production,Oil and Petroleum Products,1290.4205,GWh
Argentina,2020-07-01,Net Electricity Production,Natural Gas,6357.5234,GWh
Argentina,2020-07-01,Net Electricity Production,Combustible Renewables,212.4856,GWh
Argentina,2020-07-01,Net Electricity Production,Other Combustible Non-Renewables,0.0,GWh
Argentina,2020-07-01,Net Electricity Production,Hydro,2934.9802,GWh
Argentina,2020-07-01,Net Electricity Production,Wind,749.1206,GWh
Argentina,2020-07-01,Net Electricity Production,Solar,66.5484,GWh
Argentina,2020-07-01,Net Electricity Production,Geothermal,0.0,GWh
Argentina,2020-07-01,Net Electricity Production,Other Renewables,0.0,GWh
Argentina,2020-07-01,Net Electricity Production,Not Specified,0.0,GWh
Argentina,2020-07-01,Net Electricity Production,"Total Renewables (Hydro, Geo, Solar, Wind, Other)",3963.1348,GWh
Brazil,2020-07-01,Net Electricity Production,Electricity,50000.8024,GWh
Brazil,2020-07-01,Net Electricity Production,Nuclear,444.3053,GWh
Brazil,2020-07-01,Net Electricity Production,Total Combustible Fuels,10918.0525,GWh
Brazil,2020-07-01,Net Electricity Production,"Coal, Peat and Manufactured Gases",769.5905,GWh
Brazil,2020-07-01,Net Electricity Production,Oil and Petroleum Products,331.7271,GWh
Brazil,2020-07-01,Net Electricity Production,Natural Gas,2902.6947,GWh
Brazil,2020-07-01,Net Electricity Production,Combustible Renewables,6736.3019,GWh
Brazil,2020-07-01,Net Electricity Production,Other Combustible Non-Renewables,177.7383,GWh
Brazil,2020-07-01,Net Electricity Production,Hydro,31800.9972,GWh
Brazil,2020-07-01,Net Electricity Production,Wind,5884.7803,GWh
Brazil,2020-07-01,Net Electricity Production,Solar,952.6672,GWh
Brazil,2020-07-01,Net Electricity Production,Geothermal,0.0,GWh
Brazil,2020-07-01,Net Electricity Production,Other Renewables,0.0,GWh
Brazil,2020-07-01,Net Electricity Production,Not Specified,0.0,GWh
Brazil,2020-07-01,Net Electricity Production,"Total Renewables (Hydro, Geo, Solar, Wind, Other)",45374.7465,GWh
Peru,2020-07-01,Net Electricity Production,Electricity,4330.3402,GWh
Peru,2020-07-01,Net Electricity Production,Total Combustible Fuels,1995.6777,GWh
Peru,2020-07-01,Net Electricity Production,"Coal, Peat and Manufactured Gases",9.7635,GWh
Peru,2020-07-01,Net Electricity Production,Oil and Petroleum Products,24.6348,GWh
Peru,2020-07-01,Net Electricity Production,Natural Gas,1920.4498,GWh
Peru,2020-07-01,Net Electricity Production,Combustible Renewables,40.8297,GWh
Peru,2020-07-01,Net Electricity Production,Hydro,2104.2782,GWh
Peru,2020-07-01,Net Electricity Production,Wind,168.7029,GWh
Peru,2020-07-01,Net Electricity Production,Solar,61.6814,GWh
Peru,2020-07-01,Net Electricity Production,"Total Renewables (Hydro, Geo, Solar, Wind, Other)",2375.4921,GWh
Chile,2020-06-01,Net Electricity Production,Electricity,6826.3157,GWh
Chile,2020-06-01,Net Electricity Production,Nuclear,0.0,GWh
Chile,2020-06-01,Net Electricity Production,Total Combustible Fuels,4651.0669,GWh
Chile,2020-06-01,Net Electricity Production,"Coal, Peat and Manufactured Gases",2379.1507,GWh
Chile,2020-06-01,Net Electricity Production,Oil and Petroleum Products,223.2355,GWh
Chile,2020-06-01,Net Electricity Production,Natural Gas,1597.7623,GWh
Chile,2020-06-01,Net Electricity Production,Combustible Renewables,450.9184,GWh
Chile,2020-06-01,Net Electricity Production,Other Combustible Non-Renewables,0.0,GWh
Chile,2020-06-01,Net Electricity Production,Hydro,1306.0663,GWh
Chile,2020-06-01,Net Electricity Production,Wind,470.6746,GWh
Chile,2020-06-01,Net Electricity Production,Solar,377.0101,GWh
Chile,2020-06-01,Net Electricity Production,Geothermal,21.4978,GWh
Chile,2020-06-01,Net Electricity Production,Other Renewables,0.0,GWh
Chile,2020-06-01,Net Electricity Production,Not Specified,0.0,GWh
Chile,2020-06-01,Net Electricity Production,"Total Renewables (Hydro, Geo, Solar, Wind, Other)",2626.1672,GWh
Chile,2020-06-01,Total Imports,Electricity,0.0,GWh
Chile,2020-06-01,Total Exports,Electricity,0.0,GWh
Chile,2020-06-01,Used for pumped storage,Electricity,0.0,GWh
Chile,2020-06-01,Distribution Losses,Electricity,200.1578,GWh
Chile,2020-06-01,Final Consumption (Calculated),Electricity,6626.1579,GWh
Colombia,2020-06-01,Net Electricity Production,Electricity,5974.4601,GWh
Colombia,2020-06-01,Net Electricity Production,Nuclear,0.0,GWh
Colombia,2020-06-01,Net Electricity Production,Total Combustible Fuels,2615.7826,GWh
Colombia,2020-06-01,Net Electricity Production,"Coal, Peat and Manufactured Gases",887.8452,GWh
Colombia,2020-06-01,Net Electricity Production,Oil and Petroleum Products,210.5842,GWh
Colombia,2020-06-01,Net Electricity Production,Natural Gas,1343.8468,GWh
Colombia,2020-06-01,Net Electricity Production,Combustible Renewables,173.5064,GWh
Colombia,2020-06-01,Net Electricity Production,Other Combustible Non-Renewables,0.0,GWh
Colombia,2020-06-01,Net Electricity Production,Hydro,3344.6338,GWh
Colombia,2020-06-01,Net Electricity Production,Wind,0.0,GWh
Colombia,2020-06-01,Net Electricity Production,Solar,14.0437,GWh
Colombia,2020-06-01,Net Electricity Production,Geothermal,0.0,GWh
Colombia,2020-06-01,Net Electricity Production,Other Renewables,0.0,GWh
Colombia,2020-06-01,Net Electricity Production,Not Specified,0.0,GWh
Colombia,2020-06-01,Net Electricity Production,"Total Renewables (Hydro, Geo, Solar, Wind, Other)",3532.1839,GWh
Colombia,2020-06-01,Total Imports,Electricity,222.2427,GWh
Colombia,2020-06-01,Total Exports,Electricity,0.0,GWh
Colombia,2020-06-01,Used for pumped storage,Electricity,0.0,GWh
Colombia,2020-06-01,Distribution Losses,Electricity,437.4454,GWh
Colombia,2020-06-01,Final Consumption (Calculated),Electricity,5759.2574,GWh
Mexico,2020-06-01,Net Electricity Production,Electricity,27207.1953,GWh
Mexico,2020-06-01,Net Electricity Production,Nuclear,954.7235,GWh
Mexico,2020-06-01,Net Electricity Production,Total Combustible Fuels,21043.1511,GWh
Mexico,2020-06-01,Net Electricity Production,"Coal, Peat and Manufactured Gases",1563.7513,GWh
Mexico,2020-06-01,Net Electricity Production,Oil and Petroleum Products,3961.7948,GWh
Mexico,2020-06-01,Net Electricity Production,Natural Gas,15461.5247,GWh
Mexico,2020-06-01,Net Electricity Production,Combustible Renewables,41.8924,GWh
Mexico,2020-06-01,Net Electricity Production,Other Combustible Non-Renewables,14.188,GWh
Mexico,2020-06-01,Net Electricity Production,Hydro,2596.5695,GWh
Mexico,2020-06-01,Net Electricity Production,Wind,1337.5883,GWh
Mexico,2020-06-01,Net Electricity Production,Solar,851.6151,GWh
Mexico,2020-06-01,Net Electricity Production,Geothermal,423.5477,GWh
Mexico,2020-06-01,Net Electricity Production,Other Renewables,0.0,GWh
Mexico,2020-06-01,Net Electricity Production,Not Specified,0.0,GWh
Mexico,2020-06-01,Net Electricity Production,"Total Renewables (Hydro, Geo, Solar, Wind, Other)",5251.213,GWh
Mexico,2020-06-01,Total Imports,Electricity,650.5239,GWh
Mexico,2020-06-01,Total Exports,Electricity,422.3015,GWh
Mexico,2020-06-01,Used for pumped storage,Electricity,0.0,GWh
Mexico,2020-06-01,Distribution Losses,Electricity,2565.2094,GWh
Mexico,2020-06-01,Final Consumption (Calculated),Electricity,24870.2083,GWh
Argentina,2020-06-01,Net Electricity Production,Electricity,11411.0626,GWh
Argentina,2020-06-01,Net Electricity Production,Nuclear,931.6715,GWh
Argentina,2020-06-01,Net Electricity Production,Total Combustible Fuels,7525.5906,GWh
Argentina,2020-06-01,Net Electricity Production,"Coal, Peat and Manufactured Gases",98.864,GWh
Argentina,2020-06-01,Net Electricity Production,Oil and Petroleum Products,461.002,GWh
Argentina,2020-06-01,Net Electricity Production,Natural Gas,6773.0636,GWh
Argentina,2020-06-01,Net Electricity Production,Combustible Renewables,192.661,GWh
Argentina,2020-06-01,Net Electricity Production,Other Combustible Non-Renewables,0.0,GWh
Argentina,2020-06-01,Net Electricity Production,Hydro,2170.2652,GWh
Argentina,2020-06-01,Net Electricity Production,Wind,724.0146,GWh
Argentina,2020-06-01,Net Electricity Production,Solar,59.5207,GWh
Argentina,2020-06-01,Net Electricity Production,Geothermal,0.0,GWh
Argentina,2020-06-01,Net Electricity Production,Other Renewables,0.0,GWh
Argentina,2020-06-01,Net Electricity Production,Not Specified,0.0,GWh
Argentina,2020-06-01,Net Electricity Production,"Total Renewables (Hydro, Geo, Solar, Wind, Other)",3146.4615,GWh
Brazil,2020-06-01,Net Electricity Production,Electricity,47004.5098,GWh
Brazil,2020-06-01,Net Electricity Production,Nuclear,973.2323,GWh
Brazil,2020-06-01,Net Electricity Production,Total Combustible Fuels,10896.5258,GWh
Brazil,2020-06-01,Net Electricity Production,"Coal, Peat and Manufactured Gases",916.8338,GWh
Brazil,2020-06-01,Net Electricity Production,Oil and Petroleum Products,327.7617,GWh
Brazil,2020-06-01,Net Electricity Production,Natural Gas,3145.3469,GWh
Brazil,2020-06-01,Net Electricity Production,Combustible Renewables,6328.8451,GWh
Brazil,2020-06-01,Net Electricity Production,Other Combustible Non-Renewables,177.7383,GWh
Brazil,2020-06-01,Net Electricity Production,Hydro,29293.5746,GWh
Brazil,2020-06-01,Net Electricity Production,Wind,4961.8903,GWh
Brazil,2020-06-01,Net Electricity Production,Solar,879.2868,GWh
Brazil,2020-06-01,Net Electricity Production,Geothermal,0.0,GWh
Brazil,2020-06-01,Net Electricity Production,Other Renewables,0.0,GWh
Brazil,2020-06-01,Net Electricity Production,Not Specified,0.0,GWh
Brazil,2020-06-01,Net Electricity Production,"Total Renewables (Hydro, Geo, Solar, Wind, Other)",41463.5969,GWh
Peru,2020-06-01,Net Electricity Production,Electricity,3917.4353,GWh
Peru,2020-06-01,Net Electricity Production,Total Combustible Fuels,1483.1692,GWh
Peru,2020-06-01,Net Electricity Production,"Coal, Peat and Manufactured Gases",8.7601,GWh
Peru,2020-06-01,Net Electricity Production,Oil and Petroleum Products,22.1031,GWh
Peru,2020-06-01,Net Electricity Production,Natural Gas,1415.6723,GWh
Peru,2020-06-01,Net Electricity Production,Combustible Renewables,36.6337,GWh
Peru,2020-06-01,Net Electricity Production,Hydro,2217.4674,GWh
Peru,2020-06-01,Net Electricity Production,Wind,161.1561,GWh
Peru,2020-06-01,Net Electricity Production,Solar,55.6427,GWh
Peru,2020-06-01,Net Electricity Production,"Total Renewables (Hydro, Geo, Solar, Wind, Other)",2470.8999,GWh
Chile,2020-05-01,Net Electricity Production,Electricity,6643.0948,GWh
Chile,2020-05-01,Net Electricity Production,Nuclear,0.0,GWh
Chile,2020-05-01,Net Electricity Production,Total Combustible Fuels,4633.2728,GWh
Chile,2020-05-01,Net Electricity Production,"Coal, Peat and Manufactured Gases",2402.6398,GWh
Chile,2020-05-01,Net Electricity Production,Oil and Petroleum Products,192.883,GWh
Chile,2020-05-01,Net Electricity Production,Natural Gas,1560.9348,GWh
Chile,2020-05-01,Net Electricity Production,Combustible Renewables,476.8152,GWh
Chile,2020-05-01,Net Electricity Production,Other Combustible Non-Renewables,0.0,GWh
Chile,2020-05-01,Net Electricity Production,Hydro,1195.479,GWh
Chile,2020-05-01,Net Electricity Production,Wind,336.3513,GWh
Chile,2020-05-01,Net Electricity Production,Solar,452.7789,GWh
Chile,2020-05-01,Net Electricity Production,Geothermal,25.2128,GWh
Chile,2020-05-01,Net Electricity Production,Other Renewables,0.0,GWh
Chile,2020-05-01,Net Electricity Production,Not Specified,0.0,GWh
Chile,2020-05-01,Net Electricity Production,"Total Renewables (Hydro, Geo, Solar, Wind, Other)",2486.6371,GWh
Chile,2020-05-01,Total Imports,Electricity,0.0,GWh
Chile,2020-05-01,Total Exports,Electricity,0.0,GWh
Chile,2020-05-01,Used for pumped storage,Electricity,0.0,GWh
Chile,2020-05-01,Distribution Losses,Electricity,193.6776,GWh
Chile,2020-05-01,Final Consumption (Calculated),Electricity,6449.4172,GWh
Colombia,2020-05-01,Net Electricity Production,Electricity,6063.1487,GWh
Colombia,2020-05-01,Net Electricity Production,Nuclear,0.0,GWh
Colombia,2020-05-01,Net Electricity Production,Total Combustible Fuels,2750.5881,GWh
Colombia,2020-05-01,Net Electricity Production,"Coal, Peat and Manufactured Gases",1001.0102,GWh
Colombia,2020-05-01,Net Electricity Production,Oil and Petroleum Products,214.7257,GWh
Colombia,2020-05-01,Net Electricity Production,Natural Gas,1361.3797,GWh
Colombia,2020-05-01,Net Electricity Production,Combustible Renewables,173.4725,GWh
Colombia,2020-05-01,Net Electricity Production,Other Combustible Non-Renewables,0.0,GWh
Colombia,2020-05-01,Net Electricity Production,Hydro,3297.2032,GWh
Colombia,2020-05-01,Net Electricity Production,Wind,0.0,GWh
Colombia,2020-05-01,Net Electricity Production,Solar,15.3574,GWh
Colombia,2020-05-01,Net Electricity Production,Geothermal,0.0,GWh
Colombia,2020-05-01,Net Electricity Production,Other Renewables,0.0,GWh
Colombia,2020-05-01,Net Electricity Production,Not Specified,0.0,GWh
Colombia,2020-05-01,Net Electricity Production,"Total Renewables (Hydro, Geo, Solar, Wind, Other)",3486.0331,GWh
Colombia,2020-05-01,Total Imports,Electricity,224.3074,GWh
Colombia,2020-05-01,Total Exports,Electricity,0.0,GWh
Colombia,2020-05-01,Used for pumped storage,Electricity,0.0,GWh
Colombia,2020-05-01,Distribution Losses,Electricity,443.842,GWh
Colombia,2020-05-01,Final Consumption (Calculated),Electricity,5843.6141,GWh
Mexico,2020-05-01,Net Electricity Production,Electricity,25585.4362,GWh
Mexico,2020-05-01,Net Electricity Production,Nuclear,1006.7295,GWh
Mexico,2020-05-01,Net Electricity Production,Total Combustible Fuels,19067.2506,GWh
Mexico,2020-05-01,Net Electricity Production,"Coal, Peat and Manufactured Gases",1499.1163,GWh
Mexico,2020-05-01,Net Electricity Production,Oil and Petroleum Products,3534.7928,GWh
Mexico,2020-05-01,Net Electricity Production,Natural Gas,13795.0822,GWh
Mexico,2020-05-01,Net Electricity Production,Combustible Renewables,225.6005,GWh
Mexico,2020-05-01,Net Electricity Production,Other Combustible Non-Renewables,12.6588,GWh
Mexico,2020-05-01,Net Electricity Production,Hydro,2831.4523,GWh
Mexico,2020-05-01,Net Electricity Production,Wind,1457.277,GWh
Mexico,2020-05-01,Net Electricity Production,Solar,771.0324,GWh
Mexico,2020-05-01,Net Electricity Production,Geothermal,451.6945,GWh
Mexico,2020-05-01,Net Electricity Production,Other Renewables,0.0,GWh
Mexico,2020-05-01,Net Electricity Production,Not Specified,0.0,GWh
Mexico,2020-05-01,Net Electricity Production,"Total Renewables (Hydro, Geo, Solar, Wind, Other)",5737.0566,GWh
Mexico,2020-05-01,Total Imports,Electricity,644.5457,GWh
Mexico,2020-05-01,Total Exports,Electricity,606.2112,GWh
Mexico,2020-05-01,Used for pumped storage,Electricity,0.0,GWh
Mexico,2020-05-01,Distribution Losses,Electricity,2337.6346,GWh
Mexico,2020-05-01,Final Consumption (Calculated),Electricity,23286.1361,GWh
Argentina,2020-05-01,Net Electricity Production,Electricity,10341.3048,GWh
Argentina,2020-05-01,Net Electricity Production,Nuclear,1019.193,GWh
Argentina,2020-05-01,Net Electricity Production,Total Combustible Fuels,6907.5939,GWh
Argentina,2020-05-01,Net Electricity Production,"Coal, Peat and Manufactured Gases",24.4611,GWh
Argentina,2020-05-01,Net Electricity Production,Oil and Petroleum Products,21.0614,GWh
Argentina,2020-05-01,Net Electricity Production,Natural Gas,6729.9543,GWh
Argentina,2020-05-01,Net Electricity Production,Combustible Renewables,132.1171,GWh
Argentina,2020-05-01,Net Electricity Production,Other Combustible Non-Renewables,0.0,GWh
Argentina,2020-05-01,Net Electricity Production,Hydro,1620.6222,GWh
Argentina,2020-05-01,Net Electricity Production,Wind,721.9713,GWh
Argentina,2020-05-01,Net Electricity Production,Solar,71.9245,GWh
Argentina,2020-05-01,Net Electricity Production,Geothermal,0.0,GWh
Argentina,2020-05-01,Net Electricity Production,Other Renewables,0.0,GWh
Argentina,2020-05-01,Net Electricity Production,Not Specified,0.0,GWh
Argentina,2020-05-01,Net Electricity Production,"Total Renewables (Hydro, Geo, Solar, Wind, Other)",2546.6351,GWh
Brazil,2020-05-01,Net Electricity Production,Electricity,46652.6393,GWh
Brazil,2020-05-01,Net Electricity Production,Nuclear,1390.1512,GWh
Brazil,2020-05-01,Net Electricity Production,Total Combustible Fuels,10053.2378,GWh
Brazil,2020-05-01,Net Electricity Production,"Coal, Peat and Manufactured Gases",713.5984,GWh
Brazil,2020-05-01,Net Electricity Production,Oil and Petroleum Products,358.8681,GWh
Brazil,2020-05-01,Net Electricity Production,Natural Gas,2584.7301,GWh
Brazil,2020-05-01,Net Electricity Production,Combustible Renewables,6218.3028,GWh
Brazil,2020-05-01,Net Electricity Production,Other Combustible Non-Renewables,177.7383,GWh
Brazil,2020-05-01,Net Electricity Production,Hydro,30501.7738,GWh
Brazil,2020-05-01,Net Electricity Production,Wind,3832.9058,GWh
Brazil,2020-05-01,Net Electricity Production,Solar,874.5707,GWh
Brazil,2020-05-01,Net Electricity Production,Geothermal,0.0,GWh
Brazil,2020-05-01,Net Electricity Production,Other Renewables,0.0,GWh
Brazil,2020-05-01,Net Electricity Production,Not Specified,0.0,GWh
Brazil,2020-05-01,Net Electricity Production,"Total Renewables (Hydro, Geo, Solar, Wind, Other)",41427.5531,GWh
Peru,2020-05-01,Net Electricity Production,Electricity,3455.6713,GWh
Peru,2020-05-01,Net Electricity Production,Total Combustible Fuels,453.8074,GWh
Peru,2020-05-01,Net Electricity Production,"Coal, Peat and Manufactured Gases",4.4282,GWh
Peru,2020-05-01,Net Electricity Production,Oil and Petroleum Products,11.1729,GWh
Peru,2020-05-01,Net Electricity Production,Natural Gas,419.6883,GWh
Peru,2020-05-01,Net Electricity Production,Combustible Renewables,18.5181,GWh
Peru,2020-05-01,Net Electricity Production,Hydro,2812.4066,GWh
Peru,2020-05-01,Net Electricity Production,Wind,129.9169,GWh
Peru,2020-05-01,Net Electricity Production,Solar,59.5403,GWh
Peru,2020-05-01,Net Electricity Production,"Total Renewables (Hydro, Geo, Solar, Wind, Other)",3020.3819,GWh
Chile,2020-04-01,Net Electricity Production,Electricity,6696.9487,GWh
Chile,2020-04-01,Net Electricity Production,Nuclear,0.0,GWh
Chile,2020-04-01,Net Electricity Production,Total Combustible Fuels,4785.1387,GWh
Chile,2020-04-01,Net Electricity Production,"Coal, Peat and Manufactured Gases",2373.2823,GWh
Chile,2020-04-01,Net Electricity Production,Oil and Petroleum Products,103.7795,GWh
Chile,2020-04-01,Net Electricity Production,Natural Gas,1795.7083,GWh
Chile,2020-04-01,Net Electricity Production,Combustible Renewables,512.3685,GWh
Chile,2020-04-01,Net Electricity Production,Other Combustible Non-Renewables,0.0,GWh
Chile,2020-04-01,Net Electricity Production,Hydro,1003.6624,GWh
Chile,2020-04-01,Net Electricity Production,Wind,347.5445,GWh
Chile,2020-04-01,Net Electricity Production,Solar,536.0676,GWh
Chile,2020-04-01,Net Electricity Production,Geothermal,24.5355,GWh
Chile,2020-04-01,Net Electricity Production,Other Renewables,0.0,GWh
Chile,2020-04-01,Net Electricity Production,Not Specified,0.0,GWh
Chile,2020-04-01,Net Electricity Production,"Total Renewables (Hydro, Geo, Solar, Wind, Other)",2424.1785,GWh
Chile,2020-04-01,Total Imports,Electricity,0.0,GWh
Chile,2020-04-01,Total Exports,Electricity,0.0,GWh
Chile,2020-04-01,Used for pumped storage,Electricity,0.0,GWh
Chile,2020-04-01,Distribution Losses,Electricity,192.8303,GWh
Chile,2020-04-01,Final Consumption (Calculated),Electricity,6504.1183,GWh
Colombia,2020-04-01,Net Electricity Production,Electricity,5704.2148,GWh
Colombia,2020-04-01,Net Electricity Production,Nuclear,0.0,GWh
Colombia,2020-04-01,Net Electricity Production,Total Combustible Fuels,2321.7443,GWh
Colombia,2020-04-01,Net Electricity Production,"Coal, Peat and Manufactured Gases",881.0355,GWh
Colombia,2020-04-01,Net Electricity Production,Oil and Petroleum Products,217.7174,GWh
Colombia,2020-04-01,Net Electricity Production,Natural Gas,1049.5042,GWh
Colombia,2020-04-01,Net Electricity Production,Combustible Renewables,173.4872,GWh
Colombia,2020-04-01,Net Electricity Production,Other Combustible Non-Renewables,0.0,GWh
Colombia,2020-04-01,Net Electricity Production,Hydro,3367.4401,GWh
Colombia,2020-04-01,Net Electricity Production,Wind,0.0,GWh
Colombia,2020-04-01,Net Electricity Production,Solar,15.0305,GWh
Colombia,2020-04-01,Net Electricity Production,Geothermal,0.0,GWh
Colombia,2020-04-01,Net Electricity Production,Other Renewables,0.0,GWh
Colombia,2020-04-01,Net Electricity Production,Not Specified,0.0,GWh
Colombia,2020-04-01,Net Electricity Production,"Total Renewables (Hydro, Geo, Solar, Wind, Other)",3555.9577,GWh
Colombia,2020-04-01,Total Imports,Electricity,201.8666,GWh
Colombia,2020-04-01,Total Exports,Electricity,0.0,GWh
Colombia,2020-04-01,Used for pumped storage,Electricity,0.0,GWh
Colombia,2020-04-01,Distribution Losses,Electricity,409.1907,GWh
Colombia,2020-04-01,Final Consumption (Calculated),Electricity,5496.8907,GWh
Mexico,2020-04-01,Net Electricity Production,Electricity,23599.5478,GWh
Mexico,2020-04-01,Net Electricity Production,Nuclear,1103.7772,GWh
Mexico,2020-04-01,Net Electricity Production,Total Combustible Fuels,17683.9479,GWh
Mexico,2020-04-01,Net Electricity Production,"Coal, Peat and Manufactured Gases",1380.6456,GWh
Mexico,2020-04-01,Net Electricity Production,Oil and Petroleum Products,3269.9424,GWh
Mexico,2020-04-01,Net Electricity Production,Natural Gas,12761.4622,GWh
Mexico,2020-04-01,Net Electricity Production,Combustible Renewables,260.1874,GWh
Mexico,2020-04-01,Net Electricity Production,Other Combustible Non-Renewables,11.7103,GWh
Mexico,2020-04-01,Net Electricity Production,Hydro,2339.5563,GWh
Mexico,2020-04-01,Net Electricity Production,Wind,1183.1916,GWh
Mexico,2020-04-01,Net Electricity Production,Solar,841.2292,GWh
Mexico,2020-04-01,Net Electricity Production,Geothermal,447.8456,GWh
Mexico,2020-04-01,Net Electricity Production,Other Renewables,0.0,GWh
Mexico,2020-04-01,Net Electricity Production,Not Specified,0.0,GWh
Mexico,2020-04-01,Net Electricity Production,"Total Renewables (Hydro, Geo, Solar, Wind, Other)",5072.0101,GWh
Mexico,2020-04-01,Total Imports,Electricity,460.0851,GWh
Mexico,2020-04-01,Total Exports,Electricity,555.1076,GWh
Mexico,2020-04-01,Used for pumped storage,Electricity,0.0,GWh
Mexico,2020-04-01,Distribution Losses,Electricity,2188.0287,GWh
Mexico,2020-04-01,Final Consumption (Calculated),Electricity,21316.4966,GWh
Argentina,2020-04-01,Net Electricity Production,Electricity,9550.5272,GWh
Argentina,2020-04-01,Net Electricity Production,Nuclear,980.5793,GWh
Argentina,2020-04-01,Net Electricity Production,Total Combustible Fuels,6505.9769,GWh
Argentina,2020-04-01,Net Electricity Production,"Coal, Peat and Manufactured Gases",0.0,GWh
Argentina,2020-04-01,Net Electricity Production,Oil and Petroleum Products,16.0492,GWh
Argentina,2020-04-01,Net Electricity Production,Natural Gas,6370.1373,GWh
Argentina,2020-04-01,Net Electricity Production,Combustible Renewables,119.7903,GWh
Argentina,2020-04-01,Net Electricity Production,Other Combustible Non-Renewables,0.0,GWh
Argentina,2020-04-01,Net Electricity Production,Hydro,1378.2762,GWh
Argentina,2020-04-01,Net Electricity Production,Wind,606.377,GWh
Argentina,2020-04-01,Net Electricity Production,Solar,79.3179,GWh
Argentina,2020-04-01,Net Electricity Production,Geothermal,0.0,GWh
Argentina,2020-04-01,Net Electricity Production,Other Renewables,0.0,GWh
Argentina,2020-04-01,Net Electricity Production,Not Specified,0.0,GWh
Argentina,2020-04-01,Net Electricity Production,"Total Renewables (Hydro, Geo, Solar, Wind, Other)",2183.7614,GWh
Brazil,2020-04-01,Net Electricity Production,Electricity,45109.6154,GWh
Brazil,2020-04-01,Net Electricity Production,Nuclear,1269.9597,GWh
Brazil,2020-04-01,Net Electricity Production,Total Combustible Fuels,8553.0462,GWh
Brazil,2020-04-01,Net Electricity Production,"Coal, Peat and Manufactured Gases",298.9141,GWh
Brazil,2020-04-01,Net Electricity Production,Oil and Petroleum Products,751.6974,GWh
Brazil,2020-04-01,Net Electricity Production,Natural Gas,2675.0561,GWh
Brazil,2020-04-01,Net Electricity Production,Combustible Renewables,4649.6403,GWh
Brazil,2020-04-01,Net Electricity Production,Other Combustible Non-Renewables,177.7383,GWh
Brazil,2020-04-01,Net Electricity Production,Hydro,31330.9828,GWh
Brazil,2020-04-01,Net Electricity Production,Wind,3085.6029,GWh
Brazil,2020-04-01,Net Electricity Production,Solar,870.0237,GWh
Brazil,2020-04-01,Net Electricity Production,Geothermal,0.0,GWh
Brazil,2020-04-01,Net Electricity Production,Other Renewables,0.0,GWh
Brazil,2020-04-01,Net Electricity Production,Not Specified,0.0,GWh
Brazil,2020-04-01,Net Electricity Production,"Total Renewables (Hydro, Geo, Solar, Wind, Other)",39936.2497,GWh
Peru,2020-04-01,Net Electricity Production,Electricity,3130.7648,GWh
Peru,2020-04-01,Net Electricity Production,Total Combustible Fuels,125.2246,GWh
Peru,2020-04-01,Net Electricity Production,"Coal, Peat and Manufactured Gases",3.4054,GWh
Peru,2020-04-01,Net Electricity Production,Oil and Petroleum Products,8.5924,GWh
Peru,2020-04-01,Net Electricity Production,Natural Gas,98.9857,GWh
Peru,2020-04-01,Net Electricity Production,Combustible Renewables,14.2411,GWh
Peru,2020-04-01,Net Electricity Production,Hydro,2799.6376,GWh
Peru,2020-04-01,Net Electricity Production,Wind,140.643,GWh
Peru,2020-04-01,Net Electricity Production,Solar,65.2596,GWh
Peru,2020-04-01,Net Electricity Production,"Total Renewables (Hydro, Geo, Solar, Wind, Other)",3019.7813,GWh
Chile,2020-03-01,Net Electricity Production,Electricity,7025.2881,GWh
Chile,2020-03-01,Net Electricity Production,Nuclear,0.0,GWh
Chile,2020-03-01,Net Electricity Production,Total Combustible Fuels,4683.3878,GWh
Chile,2020-03-01,Net Electricity Production,"Coal, Peat and Manufactured Gases",2348.9999,GWh
Chile,2020-03-01,Net Electricity Production,Oil and Petroleum Products,188.7198,GWh
Chile,2020-03-01,Net Electricity Production,Natural Gas,1623.9162,GWh
Chile,2020-03-01,Net Electricity Production,Combustible Renewables,521.7519,GWh
Chile,2020-03-01,Net Electricity Production,Other Combustible Non-Renewables,0.0,GWh
Chile,2020-03-01,Net Electricity Production,Hydro,1362.8295,GWh
Chile,2020-03-01,Net Electricity Production,Wind,344.7219,GWh
Chile,2020-03-01,Net Electricity Production,Solar,610.5628,GWh
Chile,2020-03-01,Net Electricity Production,Geothermal,23.7861,GWh
Chile,2020-03-01,Net Electricity Production,Other Renewables,0.0,GWh
Chile,2020-03-01,Net Electricity Production,Not Specified,0.0,GWh
Chile,2020-03-01,Net Electricity Production,"Total Renewables (Hydro, Geo, Solar, Wind, Other)",2863.6521,GWh
Chile,2020-03-01,Total Imports,Electricity,0.0,GWh
Chile,2020-03-01,Total Exports,Electricity,0.0,GWh
Chile,2020-03-01,Used for pumped storage,Electricity,0.0,GWh
Chile,2020-03-01,Distribution Losses,Electricity,204.252,GWh
Chile,2020-03-01,Final Consumption (Calculated),Electricity,6821.036,GWh
Colombia,2020-03-01,Net Electricity Production,Electricity,6527.2572,GWh
Colombia,2020-03-01,Net Electricity Production,Nuclear,0.0,GWh
Colombia,2020-03-01,Net Electricity Production,Total Combustible Fuels,2827.0481,GWh
Colombia,2020-03-01,Net Electricity Production,"Coal, Peat and Manufactured Gases",1010.6208,GWh
Colombia,2020-03-01,Net Electricity Production,Oil and Petroleum Products,209.6264,GWh
Colombia,2020-03-01,Net Electricity Production,Natural Gas,1433.2827,GWh
Colombia,2020-03-01,Net Electricity Production,Combustible Renewables,173.5182,GWh
Colombia,2020-03-01,Net Electricity Production,Other Combustible Non-Renewables,0.0,GWh
Colombia,2020-03-01,Net Electricity Production,Hydro,3683.9373,GWh
Colombia,2020-03-01,Net Electricity Production,Wind,0.0,GWh
Colombia,2020-03-01,Net Electricity Production,Solar,16.2717,GWh
Colombia,2020-03-01,Net Electricity Production,Geothermal,0.0,GWh
Colombia,2020-03-01,Net Electricity Production,Other Renewables,0.0,GWh
Colombia,2020-03-01,Net Electricity Production,Not Specified,0.0,GWh
Colombia,2020-03-01,Net Electricity Production,"Total Renewables (Hydro, Geo, Solar, Wind, Other)",3873.7273,GWh
Colombia,2020-03-01,Total Imports,Electricity,59.5484,GWh
Colombia,2020-03-01,Total Exports,Electricity,0.0,GWh
Colombia,2020-03-01,Used for pumped storage,Electricity,0.0,GWh
Colombia,2020-03-01,Distribution Losses,Electricity,471.446,GWh
Colombia,2020-03-01,Final Consumption (Calculated),Electricity,6115.3596,GWh
Mexico,2020-03-01,Net Electricity Production,Electricity,25933.8769,GWh
Mexico,2020-03-01,Net Electricity Production,Nuclear,1142.2129,GWh
Mexico,2020-03-01,Net Electricity Production,Total Combustible Fuels,20199.1578,GWh
Mexico,2020-03-01,Net Electricity Production,"Coal, Peat and Manufactured Gases",1830.6891,GWh
Mexico,2020-03-01,Net Electricity Production,Oil and Petroleum Products,3684.0122,GWh
Mexico,2020-03-01,Net Electricity Production,Natural Gas,14377.4345,GWh
Mexico,2020-03-01,Net Electricity Production,Combustible Renewables,293.8288,GWh
Mexico,2020-03-01,Net Electricity Production,Other Combustible Non-Renewables,13.1932,GWh
Mexico,2020-03-01,Net Electricity Production,Hydro,1665.1195,GWh
Mexico,2020-03-01,Net Electricity Production,Wind,1735.795,GWh
Mexico,2020-03-01,Net Electricity Production,Solar,736.1214,GWh
Mexico,2020-03-01,Net Electricity Production,Geothermal,455.4703,GWh
Mexico,2020-03-01,Net Electricity Production,Other Renewables,0.0,GWh
Mexico,2020-03-01,Net Electricity Production,Not Specified,0.0,GWh
Mexico,2020-03-01,Net Electricity Production,"Total Renewables (Hydro, Geo, Solar, Wind, Other)",4886.335,GWh
Mexico,2020-03-01,Total Imports,Electricity,683.9816,GWh
Mexico,2020-03-01,Total Exports,Electricity,476.0148,GWh
Mexico,2020-03-01,Used for pumped storage,Electricity,0.0,GWh
Mexico,2020-03-01,Distribution Losses,Electricity,2491.5989,GWh
Mexico,2020-03-01,Final Consumption (Calculated),Electricity,23650.2448,GWh
Argentina,2020-03-01,Net Electricity Production,Electricity,12134.0451,GWh
Argentina,2020-03-01,Net Electricity Production,Nuclear,932.5598,GWh
Argentina,2020-03-01,Net Electricity Production,Total Combustible Fuels,8592.0413,GWh
Argentina,2020-03-01,Net Electricity Production,"Coal, Peat and Manufactured Gases",198.4896,GWh
Argentina,2020-03-01,Net Electricity Production,Oil and Petroleum Products,283.2139,GWh
Argentina,2020-03-01,Net Electricity Production,Natural Gas,7995.2466,GWh
Argentina,2020-03-01,Net Electricity Production,Combustible Renewables,115.0912,GWh
Argentina,2020-03-01,Net Electricity Production,Other Combustible Non-Renewables,0.0,GWh
Argentina,2020-03-01,Net Electricity Production,Hydro,1853.7241,GWh
Argentina,2020-03-01,Net Electricity Production,Wind,658.1173,GWh
Argentina,2020-03-01,Net Electricity Production,Solar,97.6025,GWh
Argentina,2020-03-01,Net Electricity Production,Geothermal,0.0,GWh
Argentina,2020-03-01,Net Electricity Production,Other Renewables,0.0,GWh
Argentina,2020-03-01,Net Electricity Production,Not Specified,0.0,GWh
Argentina,2020-03-01,Net Electricity Production,"Total Renewables (Hydro, Geo, Solar, Wind, Other)",2724.5352,GWh
Brazil,2020-03-01,Net Electricity Production,Electricity,51049.6893,GWh
Brazil,2020-03-01,Net Electricity Production,Nuclear,1200.1704,GWh
Brazil,2020-03-01,Net Electricity Production,Total Combustible Fuels,7371.5563,GWh
Brazil,2020-03-01,Net Electricity Production,"Coal, Peat and Manufactured Gases",956.4811,GWh
Brazil,2020-03-01,Net Electricity Production,Oil and Petroleum Products,875.4525,GWh
Brazil,2020-03-01,Net Electricity Production,Natural Gas,3349.4785,GWh
Brazil,2020-03-01,Net Electricity Production,Combustible Renewables,2012.4058,GWh
Brazil,2020-03-01,Net Electricity Production,Other Combustible Non-Renewables,177.7383,GWh
Brazil,2020-03-01,Net Electricity Production,Hydro,39392.117,GWh
Brazil,2020-03-01,Net Electricity Production,Wind,2249.8303,GWh
Brazil,2020-03-01,Net Electricity Production,Solar,836.0153,GWh
Brazil,2020-03-01,Net Electricity Production,Geothermal,0.0,GWh
Brazil,2020-03-01,Net Electricity Production,Other Renewables,0.0,GWh
Brazil,2020-03-01,Net Electricity Production,Not Specified,0.0,GWh
Brazil,2020-03-01,Net Electricity Production,"Total Renewables (Hydro, Geo, Solar, Wind, Other)",44490.3685,GWh
Peru,2020-03-01,Net Electricity Production,Electricity,4140.4849,GWh
Peru,2020-03-01,Net Electricity Production,Total Combustible Fuels,748.1582,GWh
Peru,2020-03-01,Net Electricity Production,"Coal, Peat and Manufactured Gases",6.3667,GWh
Peru,2020-03-01,Net Electricity Production,Oil and Petroleum Products,16.0643,GWh
Peru,2020-03-01,Net Electricity Production,Natural Gas,699.1022,GWh
Peru,2020-03-01,Net Electricity Production,Combustible Renewables,26.625,GWh
Peru,2020-03-01,Net Electricity Production,Hydro,3201.8468,GWh
Peru,2020-03-01,Net Electricity Production,Wind,129.726,GWh
Peru,2020-03-01,Net Electricity Production,Solar,60.7538,GWh
Peru,2020-03-01,Net Electricity Production,"Total Renewables (Hydro, Geo, Solar, Wind, Other)",3418.9516,GWh
Chile,2020-02-01,Net Electricity Production,Electricity,6850.9377,GWh
Chile,2020-02-01,Net Electricity Production,Nuclear,0.0,GWh
Chile,2020-02-01,Net Electricity Production,Total Combustible Fuels,4104.7861,GWh
Chile,2020-02-01,Net Electricity Production,"Coal, Peat and Manufactured Gases",2108.0594,GWh
Chile,2020-02-01,Net Electricity Production,Oil and Petroleum Products,124.5622,GWh
Chile,2020-02-01,Net Electricity Production,Natural Gas,1393.1305,GWh
Chile,2020-02-01,Net Electricity Production,Combustible Renewables,479.034,GWh
Chile,2020-02-01,Net Electricity Production,Other Combustible Non-Renewables,0.0,GWh
Chile,2020-02-01,Net Electricity Production,Hydro,1702.5222,GWh
Chile,2020-02-01,Net Electricity Production,Wind,391.4263,GWh
Chile,2020-02-01,Net Electricity Production,Solar,632.7076,GWh
Chile,2020-02-01,Net Electricity Production,Geothermal,19.4953,GWh
Chile,2020-02-01,Net Electricity Production,Other Renewables,0.0,GWh
Chile,2020-02-01,Net Electricity Production,Not Specified,0.0,GWh
Chile,2020-02-01,Net Electricity Production,"Total Renewables (Hydro, Geo, Solar, Wind, Other)",3225.1855,GWh
Chile,2020-02-01,Total Imports,Electricity,0.0,GWh
Chile,2020-02-01,Total Exports,Electricity,0.0,GWh
Chile,2020-02-01,Used for pumped storage,Electricity,0.0,GWh
Chile,2020-02-01,Distribution Losses,Electricity,198.4444,GWh
Chile,2020-02-01,Final Consumption (Calculated),Electricity,6652.4933,GWh
Colombia,2020-02-01,Net Electricity Production,Electricity,6451.4815,GWh
Colombia,2020-02-01,Net Electricity Production,Nuclear,0.0,GWh
Colombia,2020-02-01,Net Electricity Production,Total Combustible Fuels,2978.6851,GWh
Colombia,2020-02-01,Net Electricity Production,"Coal, Peat and Manufactured Gases",1044.1325,GWh
Colombia,2020-02-01,Net Electricity Production,Oil and Petroleum Products,215.5894,GWh
Colombia,2020-02-01,Net Electricity Production,Natural Gas,1545.4309,GWh
Colombia,2020-02-01,Net Electricity Production,Combustible Renewables,173.5324,GWh
Colombia,2020-02-01,Net Electricity Production,Other Combustible Non-Renewables,0.0,GWh
Colombia,2020-02-01,Net Electricity Production,Hydro,3457.1588,GWh
Colombia,2020-02-01,Net Electricity Production,Wind,0.0,GWh
Colombia,2020-02-01,Net Electricity Production,Solar,15.6375,GWh
Colombia,2020-02-01,Net Electricity Production,Geothermal,0.0,GWh
Colombia,2020-02-01,Net Electricity Production,Other Renewables,0.0,GWh
Colombia,2020-02-01,Net Electricity Production,Not Specified,0.0,GWh
Colombia,2020-02-01,Net Electricity Production,"Total Renewables (Hydro, Geo, Solar, Wind, Other)",3646.3288,GWh
Colombia,2020-02-01,Total Imports,Electricity,108.1201,GWh
Colombia,2020-02-01,Total Exports,Electricity,0.0,GWh
Colombia,2020-02-01,Used for pumped storage,Electricity,0.0,GWh
Colombia,2020-02-01,Distribution Losses,Electricity,471.0568,GWh
Colombia,2020-02-01,Final Consumption (Calculated),Electricity,6088.5447,GWh
Mexico,2020-02-01,Net Electricity Production,Electricity,23210.6282,GWh
Mexico,2020-02-01,Net Electricity Production,Nuclear,1082.4356,GWh
Mexico,2020-02-01,Net Electricity Production,Total Combustible Fuels,18236.5141,GWh
Mexico,2020-02-01,Net Electricity Production,"Coal, Peat and Manufactured Gases",1761.7093,GWh
Mexico,2020-02-01,Net Electricity Production,Oil and Petroleum Products,3299.3428,GWh
Mexico,2020-02-01,Net Electricity Production,Natural Gas,12876.2019,GWh
Mexico,2020-02-01,Net Electricity Production,Combustible Renewables,287.4445,GWh
Mexico,2020-02-01,Net Electricity Production,Other Combustible Non-Renewables,11.8156,GWh
Mexico,2020-02-01,Net Electricity Production,Hydro,1081.9649,GWh
Mexico,2020-02-01,Net Electricity Production,Wind,1795.5513,GWh
Mexico,2020-02-01,Net Electricity Production,Solar,584.5255,GWh
Mexico,2020-02-01,Net Electricity Production,Geothermal,429.6368,GWh
Mexico,2020-02-01,Net Electricity Production,Other Renewables,0.0,GWh
Mexico,2020-02-01,Net Electricity Production,Not Specified,0.0,GWh
Mexico,2020-02-01,Net Electricity Production,"Total Renewables (Hydro, Geo, Solar, Wind, Other)",4179.123,GWh
Mexico,2020-02-01,Total Imports,Electricity,504.0051,GWh
Mexico,2020-02-01,Total Exports,Electricity,475.4919,GWh
Mexico,2020-02-01,Used for pumped storage,Electricity,0.0,GWh
Mexico,2020-02-01,Distribution Losses,Electricity,2252.2887,GWh
Mexico,2020-02-01,Final Consumption (Calculated),Electricity,20986.8527,GWh
Argentina,2020-02-01,Net Electricity Production,Electricity,11348.4998,GWh
Argentina,2020-02-01,Net Electricity Production,Nuclear,809.144,GWh
Argentina,2020-02-01,Net Electricity Production,Total Combustible Fuels,7858.7148,GWh
Argentina,2020-02-01,Net Electricity Production,"Coal, Peat and Manufactured Gases",120.1288,GWh
Argentina,2020-02-01,Net Electricity Production,Oil and Petroleum Products,369.3347,GWh
Argentina,2020-02-01,Net Electricity Production,Natural Gas,7270.3051,GWh
Argentina,2020-02-01,Net Electricity Production,Combustible Renewables,98.9462,GWh
Argentina,2020-02-01,Net Electricity Production,Other Combustible Non-Renewables,0.0,GWh
Argentina,2020-02-01,Net Electricity Production,Hydro,1953.2474,GWh
Argentina,2020-02-01,Net Electricity Production,Wind,643.7757,GWh
Argentina,2020-02-01,Net Electricity Production,Solar,83.6179,GWh
Argentina,2020-02-01,Net Electricity Production,Geothermal,0.0,GWh
Argentina,2020-02-01,Net Electricity Production,Other Renewables,0.0,GWh
Argentina,2020-02-01,Net Electricity Production,Not Specified,0.0,GWh
Argentina,2020-02-01,Net Electricity Production,"Total Renewables (Hydro, Geo, Solar, Wind, Other)",2779.5872,GWh
Brazil,2020-02-01,Net Electricity Production,Electricity,49802.7477,GWh
Brazil,2020-02-01,Net Electricity Production,Nuclear,888.5149,GWh
Brazil,2020-02-01,Net Electricity Production,Total Combustible Fuels,8109.1194,GWh
Brazil,2020-02-01,Net Electricity Production,"Coal, Peat and Manufactured Gases",1496.911,GWh
Brazil,2020-02-01,Net Electricity Production,Oil and Petroleum Products,861.9029,GWh
Brazil,2020-02-01,Net Electricity Production,Natural Gas,4280.734,GWh
Brazil,2020-02-01,Net Electricity Production,Combustible Renewables,1291.8331,GWh
Brazil,2020-02-01,Net Electricity Production,Other Combustible Non-Renewables,177.7383,GWh
Brazil,2020-02-01,Net Electricity Production,Hydro,37245.6122,GWh
Brazil,2020-02-01,Net Electricity Production,Wind,2787.2578,GWh
Brazil,2020-02-01,Net Electricity Production,Solar,772.2434,GWh
Brazil,2020-02-01,Net Electricity Production,Geothermal,0.0,GWh
Brazil,2020-02-01,Net Electricity Production,Other Renewables,0.0,GWh
Brazil,2020-02-01,Net Electricity Production,Not Specified,0.0,GWh
Brazil,2020-02-01,Net Electricity Production,"Total Renewables (Hydro, Geo, Solar, Wind, Other)",42096.9465,GWh
Peru,2020-02-01,Net Electricity Production,Electricity,4570.9786,GWh
Peru,2020-02-01,Net Electricity Production,Total Combustible Fuels,1271.3059,GWh
Peru,2020-02-01,Net Electricity Production,"Coal, Peat and Manufactured Gases",8.1077,GWh
Peru,2020-02-01,Net Electricity Production,Oil and Petroleum Products,20.457,GWh
Peru,2020-02-01,Net Electricity Production,Natural Gas,1208.8357,GWh
Peru,2020-02-01,Net Electricity Production,Combustible Renewables,33.9055,GWh
Peru,2020-02-01,Net Electricity Production,Hydro,3121.2112,GWh
Peru,2020-02-01,Net Electricity Production,Wind,123.6622,GWh
Peru,2020-02-01,Net Electricity Production,Solar,54.7993,GWh
Peru,2020-02-01,Net Electricity Production,"Total Renewables (Hydro, Geo, Solar, Wind, Other)",3333.5782,GWh
Chile,2020-01-01,Net Electricity Production,Electricity,7296.962,GWh
Chile,2020-01-01,Net Electricity Production,Nuclear,0.0,GWh
Chile,2020-01-01,Net Electricity Production,Total Combustible Fuels,4061.9333,GWh
Chile,2020-01-01,Net Electricity Production,"Coal, Peat and Manufactured Gases",2114.7388,GWh
Chile,2020-01-01,Net Electricity Production,Oil and Petroleum Products,88.0996,GWh
Chile,2020-01-01,Net Electricity Production,Natural Gas,1420.8625,GWh
Chile,2020-01-01,Net Electricity Production,Combustible Renewables,438.2324,GWh
Chile,2020-01-01,Net Electricity Production,Other Combustible Non-Renewables,0.0,GWh
Chile,2020-01-01,Net Electricity Production,Hydro,2132.3776,GWh
Chile,2020-01-01,Net Electricity Production,Wind,406.7815,GWh
Chile,2020-01-01,Net Electricity Production,Solar,677.4802,GWh
Chile,2020-01-01,Net Electricity Production,Geothermal,18.3894,GWh
Chile,2020-01-01,Net Electricity Production,Other Renewables,0.0,GWh
Chile,2020-01-01,Net Electricity Production,Not Specified,0.0,GWh
Chile,2020-01-01,Net Electricity Production,"Total Renewables (Hydro, Geo, Solar, Wind, Other)",3673.2611,GWh
Chile,2020-01-01,Total Imports,Electricity,0.0,GWh
Chile,2020-01-01,Total Exports,Electricity,0.0,GWh
Chile,2020-01-01,Used for pumped storage,Electricity,0.0,GWh
Chile,2020-01-01,Distribution Losses,Electricity,211.8933,GWh
Chile,2020-01-01,Final Consumption (Calculated),Electricity,7085.0687,GWh
Colombia,2020-01-01,Net Electricity Production,Electricity,6596.25,GWh
Colombia,2020-01-01,Net Electricity Production,Nuclear,0.0,GWh
Colombia,2020-01-01,Net Electricity Production,Total Combustible Fuels,2664.1962,GWh
Colombia,2020-01-01,Net Electricity Production,"Coal, Peat and Manufactured Gases",958.9764,GWh
Colombia,2020-01-01,Net Electricity Production,Oil and Petroleum Products,210.7432,GWh
Colombia,2020-01-01,Net Electricity Production,Natural Gas,1320.9422,GWh
Colombia,2020-01-01,Net Electricity Production,Combustible Renewables,173.5345,GWh
Colombia,2020-01-01,Net Electricity Production,Other Combustible Non-Renewables,0.0,GWh
Colombia,2020-01-01,Net Electricity Production,Hydro,3915.6535,GWh
Colombia,2020-01-01,Net Electricity Production,Wind,0.5106,GWh
Colombia,2020-01-01,Net Electricity Production,Solar,15.8897,GWh
Colombia,2020-01-01,Net Electricity Production,Geothermal,0.0,GWh
Colombia,2020-01-01,Net Electricity Production,Other Renewables,0.0,GWh
Colombia,2020-01-01,Net Electricity Production,Not Specified,0.0,GWh
Colombia,2020-01-01,Net Electricity Production,"Total Renewables (Hydro, Geo, Solar, Wind, Other)",4105.5883,GWh
Colombia,2020-01-01,Total Imports,Electricity,127.2124,GWh
Colombia,2020-01-01,Total Exports,Electricity,0.0,GWh
Colombia,2020-01-01,Used for pumped storage,Electricity,0.0,GWh
Colombia,2020-01-01,Distribution Losses,Electricity,481.3742,GWh
Colombia,2020-01-01,Final Consumption (Calculated),Electricity,6242.0882,GWh
Mexico,2020-01-01,Net Electricity Production,Electricity,24202.9321,GWh
Mexico,2020-01-01,Net Electricity Production,Nuclear,1088.5887,GWh
Mexico,2020-01-01,Net Electricity Production,Total Combustible Fuels,19015.8425,GWh
Mexico,2020-01-01,Net Electricity Production,"Coal, Peat and Manufactured Gases",1719.1204,GWh
Mexico,2020-01-01,Net Electricity Production,Oil and Petroleum Products,3461.4437,GWh
Mexico,2020-01-01,Net Electricity Production,Natural Gas,13508.826,GWh
Mexico,2020-01-01,Net Electricity Production,Combustible Renewables,314.0563,GWh
Mexico,2020-01-01,Net Electricity Production,Other Combustible Non-Renewables,12.3961,GWh
Mexico,2020-01-01,Net Electricity Production,Hydro,1180.3616,GWh
Mexico,2020-01-01,Net Electricity Production,Wind,1921.2743,GWh
Mexico,2020-01-01,Net Electricity Production,Solar,520.7922,GWh
Mexico,2020-01-01,Net Electricity Production,Geothermal,476.0729,GWh
Mexico,2020-01-01,Net Electricity Production,Other Renewables,0.0,GWh
Mexico,2020-01-01,Net Electricity Production,Not Specified,0.0,GWh
Mexico,2020-01-01,Net Electricity Production,"Total Renewables (Hydro, Geo, Solar, Wind, Other)",4412.5572,GWh
Mexico,2020-01-01,Total Imports,Electricity,476.9561,GWh
Mexico,2020-01-01,Total Exports,Electricity,416.5404,GWh
Mexico,2020-01-01,Used for pumped storage,Electricity,0.0,GWh
Mexico,2020-01-01,Distribution Losses,Electricity,2349.7894,GWh
Mexico,2020-01-01,Final Consumption (Calculated),Electricity,21913.5583,GWh
Argentina,2020-01-01,Net Electricity Production,Electricity,12462.5357,GWh
Argentina,2020-01-01,Net Electricity Production,Nuclear,795.3313,GWh
Argentina,2020-01-01,Net Electricity Production,Total Combustible Fuels,8491.876,GWh
Argentina,2020-01-01,Net Electricity Production,"Coal, Peat and Manufactured Gases",61.2653,GWh
Argentina,2020-01-01,Net Electricity Production,Oil and Petroleum Products,901.1946,GWh
Argentina,2020-01-01,Net Electricity Production,Natural Gas,7415.1231,GWh
Argentina,2020-01-01,Net Electricity Production,Combustible Renewables,114.293,GWh
Argentina,2020-01-01,Net Electricity Production,Other Combustible Non-Renewables,0.0,GWh
Argentina,2020-01-01,Net Electricity Production,Hydro,2392.7093,GWh
Argentina,2020-01-01,Net Electricity Production,Wind,676.7066,GWh
Argentina,2020-01-01,Net Electricity Production,Solar,105.9125,GWh
Argentina,2020-01-01,Net Electricity Production,Geothermal,0.0,GWh
Argentina,2020-01-01,Net Electricity Production,Other Renewables,0.0,GWh
Argentina,2020-01-01,Net Electricity Production,Not Specified,0.0,GWh
Argentina,2020-01-01,Net Electricity Production,"Total Renewables (Hydro, Geo, Solar, Wind, Other)",3289.6214,GWh
Brazil,2020-01-01,Net Electricity Production,Electricity,54399.2097,GWh
Brazil,2020-01-01,Net Electricity Production,Nuclear,1089.2059,GWh
Brazil,2020-01-01,Net Electricity Production,Total Combustible Fuels,12763.1779,GWh
Brazil,2020-01-01,Net Electricity Production,"Coal, Peat and Manufactured Gases",2684.0864,GWh
Brazil,2020-01-01,Net Electricity Production,Oil and Petroleum Products,1156.4987,GWh
Brazil,2020-01-01,Net Electricity Production,Natural Gas,7260.7742,GWh
Brazil,2020-01-01,Net Electricity Production,Combustible Renewables,1484.0803,GWh
Brazil,2020-01-01,Net Electricity Production,Other Combustible Non-Renewables,177.7383,GWh
Brazil,2020-01-01,Net Electricity Production,Hydro,36961.2241,GWh
Brazil,2020-01-01,Net Electricity Production,Wind,2797.0634,GWh
Brazil,2020-01-01,Net Electricity Production,Solar,788.5385,GWh
Brazil,2020-01-01,Net Electricity Production,Geothermal,0.0,GWh
Brazil,2020-01-01,Net Electricity Production,Other Renewables,0.0,GWh
Brazil,2020-01-01,Net Electricity Production,Not Specified,0.0,GWh
Brazil,2020-01-01,Net Electricity Production,"Total Renewables (Hydro, Geo, Solar, Wind, Other)",42030.9063,GWh
Peru,2020-01-01,Net Electricity Production,Electricity,4784.2821,GWh
Peru,2020-01-01,Net Electricity Production,Total Combustible Fuels,1292.9439,GWh
Peru,2020-01-01,Net Electricity Production,"Coal, Peat and Manufactured Gases",8.4004,GWh
Peru,2020-01-01,Net Electricity Production,Oil and Petroleum Products,21.1955,GWh
Peru,2020-01-01,Net Electricity Production,Natural Gas,1228.2187,GWh
Peru,2020-01-01,Net Electricity Production,Combustible Renewables,35.1294,GWh
Peru,2020-01-01,Net Electricity Production,Hydro,3320.7343,GWh
Peru,2020-01-01,Net Electricity Production,Wind,112.2871,GWh
Peru,2020-01-01,Net Electricity Production,Solar,58.3168,GWh
Peru,2020-01-01,Net Electricity Production,"Total Renewables (Hydro, Geo, Solar, Wind, Other)",3526.4676,GWh
Chile,2019-12-01,Net Electricity Production,Electricity,6989.4481,GWh
Chile,2019-12-01,Net Electricity Production,Nuclear,0.0,GWh
Chile,2019-12-01,Net Electricity Production,Total Combustible Fuels,3803.2471,GWh
Chile,2019-12-01,Net Electricity Production,"Coal, Peat and Manufactured Gases",2338.6557,GWh
Chile,2019-12-01,Net Electricity Production,Oil and Petroleum Products,108.9862,GWh
Chile,2019-12-01,Net Electricity Production,Natural Gas,967.3027,GWh
Chile,2019-12-01,Net Electricity Production,Combustible Renewables,388.3025,GWh
Chile,2019-12-01,Net Electricity Production,Other Combustible Non-Renewables,0.0,GWh
Chile,2019-12-01,Net Electricity Production,Hydro,1953.3843,GWh
Chile,2019-12-01,Net Electricity Production,Wind,503.726,GWh
Chile,2019-12-01,Net Electricity Production,Solar,712.5358,GWh
Chile,2019-12-01,Net Electricity Production,Geothermal,16.5549,GWh
Chile,2019-12-01,Net Electricity Production,Other Renewables,0.0,GWh
Chile,2019-12-01,Net Electricity Production,Not Specified,0.0,GWh
Chile,2019-12-01,Net Electricity Production,"Total Renewables (Hydro, Geo, Solar, Wind, Other)",3574.5035,GWh
Chile,2019-12-01,Total Imports,Electricity,0.0,GWh
Chile,2019-12-01,Total Exports,Electricity,0.0,GWh
Chile,2019-12-01,Used for pumped storage,Electricity,0.0,GWh
Chile,2019-12-01,Distribution Losses,Electricity,204.614,GWh
Chile,2019-12-01,Final Consumption (Calculated),Electricity,6784.8341,GWh
Colombia,2019-12-01,Net Electricity Production,Electricity,6337.2824,GWh
Colombia,2019-12-01,Net Electricity Production,Nuclear,0.0,GWh
Colombia,2019-12-01,Net Electricity Production,Total Combustible Fuels,2496.4524,GWh
Colombia,2019-12-01,Net Electricity Production,"Coal, Peat and Manufactured Gases",883.2156,GWh
Colombia,2019-12-01,Net Electricity Production,Oil and Petroleum Products,216.756,GWh
Colombia,2019-12-01,Net Electricity Production,Natural Gas,1269.332,GWh
Colombia,2019-12-01,Net Electricity Production,Combustible Renewables,127.1489,GWh
Colombia,2019-12-01,Net Electricity Production,Other Combustible Non-Renewables,0.0,GWh
Colombia,2019-12-01,Net Electricity Production,Hydro,3824.1722,GWh
Colombia,2019-12-01,Net Electricity Production,Wind,4.587,GWh
Colombia,2019-12-01,Net Electricity Production,Solar,12.0707,GWh
Colombia,2019-12-01,Net Electricity Production,Geothermal,0.0,GWh
Colombia,2019-12-01,Net Electricity Production,Other Renewables,0.0,GWh
Colombia,2019-12-01,Net Electricity Production,Not Specified,0.0,GWh
Colombia,2019-12-01,Net Electricity Production,"Total Renewables (Hydro, Geo, Solar, Wind, Other)",3967.9788,GWh
Colombia,2019-12-01,Total Imports,Electricity,161.7132,GWh
Colombia,2019-12-01,Total Exports,Electricity,0.0332,GWh
Colombia,2019-12-01,Used for pumped storage,Electricity,0.0,GWh
Colombia,2019-12-01,Distribution Losses,Electricity,422.5136,GWh
Colombia,2019-12-01,Final Consumption (Calculated),Electricity,6076.4489,GWh
Mexico,2019-12-01,Net Electricity Production,Electricity,19882.0366,GWh
Mexico,2019-12-01,Net Electricity Production,Nuclear,20.3657,GWh
Mexico,2019-12-01,Net Electricity Production,Total Combustible Fuels,18664.39,GWh
Mexico,2019-12-01,Net Electricity Production,"Coal, Peat and Manufactured Gases",72.528,GWh
Mexico,2019-12-01,Net Electricity Production,Oil and Petroleum Products,3573.8293,GWh
Mexico,2019-12-01,Net Electricity Production,Natural Gas,15004.4597,GWh
Mexico,2019-12-01,Net Electricity Production,Combustible Renewables,2.2329,GWh
Mexico,2019-12-01,Net Electricity Production,Other Combustible Non-Renewables,11.3401,GWh
Mexico,2019-12-01,Net Electricity Production,Hydro,72.4046,GWh
Mexico,2019-12-01,Net Electricity Production,Wind,39.9813,GWh
Mexico,2019-12-01,Net Electricity Production,Solar,0.0218,GWh
Mexico,2019-12-01,Net Electricity Production,Geothermal,13.7068,GWh
Mexico,2019-12-01,Net Electricity Production,Other Renewables,0.0,GWh
Mexico,2019-12-01,Net Electricity Production,Not Specified,1071.1667,GWh
Mexico,2019-12-01,Net Electricity Production,"Total Renewables (Hydro, Geo, Solar, Wind, Other)",128.3472,GWh
Mexico,2019-12-01,Total Imports,Electricity,94.388,GWh
Mexico,2019-12-01,Total Exports,Electricity,108.3642,GWh
Mexico,2019-12-01,Used for pumped storage,Electricity,0.0,GWh
Mexico,2019-12-01,Distribution Losses,Electricity,88.4597,GWh
Mexico,2019-12-01,Final Consumption (Calculated),Electricity,19779.6008,GWh
Argentina,2019-12-01,Net Electricity Production,Electricity,11740.9441,GWh
Argentina,2019-12-01,Net Electricity Production,Nuclear,733.9571,GWh
Argentina,2019-12-01,Net Electricity Production,Total Combustible Fuels,7909.9609,GWh
Argentina,2019-12-01,Net Electricity Production,"Coal, Peat and Manufactured Gases",235.9043,GWh
Argentina,2019-12-01,Net Electricity Production,Oil and Petroleum Products,120.1795,GWh
Argentina,2019-12-01,Net Electricity Production,Natural Gas,7418.1718,GWh
Argentina,2019-12-01,Net Electricity Production,Combustible Renewables,135.7053,GWh
Argentina,2019-12-01,Net Electricity Production,Other Combustible Non-Renewables,0.0,GWh
Argentina,2019-12-01,Net Electricity Production,Hydro,2381.3022,GWh
Argentina,2019-12-01,Net Electricity Production,Wind,598.3938,GWh
Argentina,2019-12-01,Net Electricity Production,Solar,117.3301,GWh
Argentina,2019-12-01,Net Electricity Production,Geothermal,0.0,GWh
Argentina,2019-12-01,Net Electricity Production,Other Renewables,0.0,GWh
Argentina,2019-12-01,Net Electricity Production,Not Specified,0.0,GWh
Argentina,2019-12-01,Net Electricity Production,"Total Renewables (Hydro, Geo, Solar, Wind, Other)",3232.7314,GWh
Brazil,2019-12-01,Net Electricity Production,Electricity,53667.6635,GWh
Brazil,2019-12-01,Net Electricity Production,Nuclear,1383.6041,GWh
Brazil,2019-12-01,Net Electricity Production,Total Combustible Fuels,13515.3717,GWh
Brazil,2019-12-01,Net Electricity Production,"Coal, Peat and Manufactured Gases",2440.0797,GWh
Brazil,2019-12-01,Net Electricity Production,Oil and Petroleum Products,917.2507,GWh
Brazil,2019-12-01,Net Electricity Production,Natural Gas,7063.2712,GWh
Brazil,2019-12-01,Net Electricity Production,Combustible Renewables,2909.4254,GWh
Brazil,2019-12-01,Net Electricity Production,Other Combustible Non-Renewables,185.3446,GWh
Brazil,2019-12-01,Net Electricity Production,Hydro,32946.6551,GWh
Brazil,2019-12-01,Net Electricity Production,Wind,5147.9519,GWh
Brazil,2019-12-01,Net Electricity Production,Solar,674.0808,GWh
Brazil,2019-12-01,Net Electricity Production,Geothermal,0.0,GWh
Brazil,2019-12-01,Net Electricity Production,Other Renewables,0.0,GWh
Brazil,2019-12-01,Net Electricity Production,Not Specified,0.0,GWh
Brazil,2019-12-01,Net Electricity Production,"Total Renewables (Hydro, Geo, Solar, Wind, Other)",41678.1133,GWh
Peru,2019-12-01,Net Electricity Production,Electricity,4778.9259,GWh
Peru,2019-12-01,Net Electricity Production,Total Combustible Fuels,1320.1019,GWh
Peru,2019-12-01,Net Electricity Production,"Coal, Peat and Manufactured Gases",8.9449,GWh
Peru,2019-12-01,Net Electricity Production,Oil and Petroleum Products,39.949,GWh
Peru,2019-12-01,Net Electricity Production,Natural Gas,1239.7499,GWh
Peru,2019-12-01,Net Electricity Production,Combustible Renewables,31.4581,GWh
Peru,2019-12-01,Net Electricity Production,Hydro,3250.0074,GWh
Peru,2019-12-01,Net Electricity Production,Wind,130.4021,GWh
Peru,2019-12-01,Net Electricity Production,Solar,78.4145,GWh
Peru,2019-12-01,Net Electricity Production,"Total Renewables (Hydro, Geo, Solar, Wind, Other)",3490.282,GWh
Chile,2019-11-01,Net Electricity Production,Electricity,6692.8722,GWh
Chile,2019-11-01,Net Electricity Production,Nuclear,0.0,GWh
Chile,2019-11-01,Net Electricity Production,Total Combustible Fuels,3344.3234,GWh
Chile,2019-11-01,Net Electricity Production,"Coal, Peat and Manufactured Gases",2006.9819,GWh
Chile,2019-11-01,Net Electricity Production,Oil and Petroleum Products,124.5567,GWh
Chile,2019-11-01,Net Electricity Production,Natural Gas,884.6652,GWh
Chile,2019-11-01,Net Electricity Production,Combustible Renewables,328.1195,GWh
Chile,2019-11-01,Net Electricity Production,Other Combustible Non-Renewables,0.0,GWh
Chile,2019-11-01,Net Electricity Production,Hydro,2149.296,GWh
Chile,2019-11-01,Net Electricity Production,Wind,493.2216,GWh
Chile,2019-11-01,Net Electricity Production,Solar,689.0286,GWh
Chile,2019-11-01,Net Electricity Production,Geothermal,17.0028,GWh
Chile,2019-11-01,Net Electricity Production,Other Renewables,0.0,GWh
Chile,2019-11-01,Net Electricity Production,Not Specified,0.0,GWh
Chile,2019-11-01,Net Electricity Production,"Total Renewables (Hydro, Geo, Solar, Wind, Other)",3676.6684,GWh
Chile,2019-11-01,Total Imports,Electricity,0.0,GWh
Chile,2019-11-01,Total Exports,Electricity,0.0,GWh
Chile,2019-11-01,Used for pumped storage,Electricity,0.0,GWh
Chile,2019-11-01,Distribution Losses,Electricity,196.7785,GWh
Chile,2019-11-01,Final Consumption (Calculated),Electricity,6496.0937,GWh
Colombia,2019-11-01,Net Electricity Production,Electricity,6550.0616,GWh
Colombia,2019-11-01,Net Electricity Production,Nuclear,0.0,GWh
Colombia,2019-11-01,Net Electricity Production,Total Combustible Fuels,2207.0622,GWh
Colombia,2019-11-01,Net Electricity Production,"Coal, Peat and Manufactured Gases",771.845,GWh
Colombia,2019-11-01,Net Electricity Production,Oil and Petroleum Products,218.8701,GWh
Colombia,2019-11-01,Net Electricity Production,Natural Gas,1089.2029,GWh
Colombia,2019-11-01,Net Electricity Production,Combustible Renewables,127.1442,GWh
Colombia,2019-11-01,Net Electricity Production,Other Combustible Non-Renewables,0.0,GWh
Colombia,2019-11-01,Net Electricity Production,Hydro,4326.4463,GWh
Colombia,2019-11-01,Net Electricity Production,Wind,3.3739,GWh
Colombia,2019-11-01,Net Electricity Production,Solar,13.1792,GWh
Colombia,2019-11-01,Net Electricity Production,Geothermal,0.0,GWh
Colombia,2019-11-01,Net Electricity Production,Other Renewables,0.0,GWh
Colombia,2019-11-01,Net Electricity Production,Not Specified,0.0,GWh
Colombia,2019-11-01,Net Electricity Production,"Total Renewables (Hydro, Geo, Solar, Wind, Other)",4470.1436,GWh
Colombia,2019-11-01,Total Imports,Electricity,3.413,GWh
Colombia,2019-11-01,Total Exports,Electricity,0.0204,GWh
Colombia,2019-11-01,Used for pumped storage,Electricity,0.0,GWh
Colombia,2019-11-01,Distribution Losses,Electricity,425.8728,GWh
Colombia,2019-11-01,Final Consumption (Calculated),Electricity,6127.5814,GWh
Mexico,2019-11-01,Net Electricity Production,Electricity,25950.0762,GWh
Mexico,2019-11-01,Net Electricity Production,Nuclear,1217.7822,GWh
Mexico,2019-11-01,Net Electricity Production,Total Combustible Fuels,19237.4965,GWh
Mexico,2019-11-01,Net Electricity Production,"Coal, Peat and Manufactured Gases",1370.7915,GWh
Mexico,2019-11-01,Net Electricity Production,Oil and Petroleum Products,3434.8482,GWh
Mexico,2019-11-01,Net Electricity Production,Natural Gas,14420.9577,GWh
Mexico,2019-11-01,Net Electricity Production,Combustible Renewables,0.0,GWh
Mexico,2019-11-01,Net Electricity Production,Other Combustible Non-Renewables,10.8991,GWh
Mexico,2019-11-01,Net Electricity Production,Hydro,1567.571,GWh
Mexico,2019-11-01,Net Electricity Production,Wind,1859.4657,GWh
Mexico,2019-11-01,Net Electricity Production,Solar,590.3758,GWh
Mexico,2019-11-01,Net Electricity Production,Geothermal,406.2185,GWh
Mexico,2019-11-01,Net Electricity Production,Other Renewables,0.0,GWh
Mexico,2019-11-01,Net Electricity Production,Not Specified,1071.1667,GWh
Mexico,2019-11-01,Net Electricity Production,"Total Renewables (Hydro, Geo, Solar, Wind, Other)",4423.6309,GWh
Mexico,2019-11-01,Total Imports,Electricity,91.4127,GWh
Mexico,2019-11-01,Total Exports,Electricity,82.7702,GWh
Mexico,2019-11-01,Used for pumped storage,Electricity,0.0,GWh
Mexico,2019-11-01,Distribution Losses,Electricity,2703.8481,GWh
Mexico,2019-11-01,Final Consumption (Calculated),Electricity,23254.8707,GWh
Argentina,2019-11-01,Net Electricity Production,Electricity,11174.5203,GWh
Argentina,2019-11-01,Net Electricity Production,Nuclear,765.2331,GWh
Argentina,2019-11-01,Net Electricity Production,Total Combustible Fuels,7299.9696,GWh
Argentina,2019-11-01,Net Electricity Production,"Coal, Peat and Manufactured Gases",18.0113,GWh
Argentina,2019-11-01,Net Electricity Production,Oil and Petroleum Products,151.493,GWh
Argentina,2019-11-01,Net Electricity Production,Natural Gas,6984.5984,GWh
Argentina,2019-11-01,Net Electricity Production,Combustible Renewables,145.8669,GWh
Argentina,2019-11-01,Net Electricity Production,Other Combustible Non-Renewables,0.0,GWh
Argentina,2019-11-01,Net Electricity Production,Hydro,2438.1799,GWh
Argentina,2019-11-01,Net Electricity Production,Wind,562.9839,GWh
Argentina,2019-11-01,Net Electricity Production,Solar,108.1538,GWh
Argentina,2019-11-01,Net Electricity Production,Geothermal,0.0,GWh
Argentina,2019-11-01,Net Electricity Production,Other Renewables,0.0,GWh
Argentina,2019-11-01,Net Electricity Production,Not Specified,0.0,GWh
Argentina,2019-11-01,Net Electricity Production,"Total Renewables (Hydro, Geo, Solar, Wind, Other)",3255.1845,GWh
Brazil,2019-11-01,Net Electricity Production,Electricity,52846.5162,GWh
Brazil,2019-11-01,Net Electricity Production,Nuclear,1358.9764,GWh
Brazil,2019-11-01,Net Electricity Production,Total Combustible Fuels,15543.4615,GWh
Brazil,2019-11-01,Net Electricity Production,"Coal, Peat and Manufactured Gases",2360.2738,GWh
Brazil,2019-11-01,Net Electricity Production,Oil and Petroleum Products,874.0686,GWh
Brazil,2019-11-01,Net Electricity Production,Natural Gas,7351.6544,GWh
Brazil,2019-11-01,Net Electricity Production,Combustible Renewables,4772.1201,GWh
Brazil,2019-11-01,Net Electricity Production,Other Combustible Non-Renewables,185.3446,GWh
Brazil,2019-11-01,Net Electricity Production,Hydro,30049.3816,GWh
Brazil,2019-11-01,Net Electricity Production,Wind,5243.5067,GWh
Brazil,2019-11-01,Net Electricity Production,Solar,651.19,GWh
Brazil,2019-11-01,Net Electricity Production,Geothermal,0.0,GWh
Brazil,2019-11-01,Net Electricity Production,Other Renewables,0.0,GWh
Brazil,2019-11-01,Net Electricity Production,Not Specified,0.0,GWh
Brazil,2019-11-01,Net Electricity Production,"Total Renewables (Hydro, Geo, Solar, Wind, Other)",40716.1985,GWh
Peru,2019-11-01,Net Electricity Production,Electricity,4596.494,GWh
Peru,2019-11-01,Net Electricity Production,Total Combustible Fuels,1795.888,GWh
Peru,2019-11-01,Net Electricity Production,"Coal, Peat and Manufactured Gases",11.2225,GWh
Peru,2019-11-01,Net Electricity Production,Oil and Petroleum Products,50.1208,GWh
Peru,2019-11-01,Net Electricity Production,Natural Gas,1695.0769,GWh
Peru,2019-11-01,Net Electricity Production,Combustible Renewables,39.4679,GWh
Peru,2019-11-01,Net Electricity Production,Hydro,2596.7896,GWh
Peru,2019-11-01,Net Electricity Production,Wind,127.7736,GWh
Peru,2019-11-01,Net Electricity Production,Solar,76.0428,GWh
Peru,2019-11-01,Net Electricity Production,"Total Renewables (Hydro, Geo, Solar, Wind, Other)",2840.0739,GWh
Chile,2019-10-01,Net Electricity Production,Electricity,6665.2655,GWh
Chile,2019-10-01,Net Electricity Production,Nuclear,0.0,GWh
Chile,2019-10-01,Net Electricity Production,Total Combustible Fuels,3337.7791,GWh
Chile,2019-10-01,Net Electricity Production,"Coal, Peat and Manufactured Gases",1897.994,GWh
Chile,2019-10-01,Net Electricity Production,Oil and Petroleum Products,136.325,GWh
Chile,2019-10-01,Net Electricity Production,Natural Gas,926.8512,GWh
Chile,2019-10-01,Net Electricity Production,Combustible Renewables,376.6089,GWh
Chile,2019-10-01,Net Electricity Production,Other Combustible Non-Renewables,0.0,GWh
Chile,2019-10-01,Net Electricity Production,Hydro,2128.2323,GWh
Chile,2019-10-01,Net Electricity Production,Wind,534.922,GWh
Chile,2019-10-01,Net Electricity Production,Solar,649.4465,GWh
Chile,2019-10-01,Net Electricity Production,Geothermal,14.8856,GWh
Chile,2019-10-01,Net Electricity Production,Other Renewables,0.0,GWh
Chile,2019-10-01,Net Electricity Production,Not Specified,0.0,GWh
Chile,2019-10-01,Net Electricity Production,"Total Renewables (Hydro, Geo, Solar, Wind, Other)",3704.0953,GWh
Chile,2019-10-01,Total Imports,Electricity,0.0,GWh
Chile,2019-10-01,Total Exports,Electricity,0.0,GWh
Chile,2019-10-01,Used for pumped storage,Electricity,0.0,GWh
Chile,2019-10-01,Distribution Losses,Electricity,195.1856,GWh
Chile,2019-10-01,Final Consumption (Calculated),Electricity,6470.0799,GWh
Colombia,2019-10-01,Net Electricity Production,Electricity,6701.1437,GWh
Colombia,2019-10-01,Net Electricity Production,Nuclear,0.0,GWh
Colombia,2019-10-01,Net Electricity Production,Total Combustible Fuels,2342.9075,GWh
Colombia,2019-10-01,Net Electricity Production,"Coal, Peat and Manufactured Gases",794.0171,GWh
Colombia,2019-10-01,Net Electricity Production,Oil and Petroleum Products,226.2013,GWh
Colombia,2019-10-01,Net Electricity Production,Natural Gas,1195.5371,GWh
Colombia,2019-10-01,Net Electricity Production,Combustible Renewables,127.1521,GWh
Colombia,2019-10-01,Net Electricity Production,Other Combustible Non-Renewables,0.0,GWh
Colombia,2019-10-01,Net Electricity Production,Hydro,4343.7145,GWh
Colombia,2019-10-01,Net Electricity Production,Wind,2.2724,GWh
Colombia,2019-10-01,Net Electricity Production,Solar,12.2493,GWh
Colombia,2019-10-01,Net Electricity Production,Geothermal,0.0,GWh
Colombia,2019-10-01,Net Electricity Production,Other Renewables,0.0,GWh
Colombia,2019-10-01,Net Electricity Production,Not Specified,0.0,GWh
Colombia,2019-10-01,Net Electricity Production,"Total Renewables (Hydro, Geo, Solar, Wind, Other)",4485.3883,GWh
Colombia,2019-10-01,Total Imports,Electricity,7.0836,GWh
Colombia,2019-10-01,Total Exports,Electricity,0.0115,GWh
Colombia,2019-10-01,Used for pumped storage,Electricity,0.0,GWh
Colombia,2019-10-01,Distribution Losses,Electricity,438.9909,GWh
Colombia,2019-10-01,Final Consumption (Calculated),Electricity,6269.225,GWh
Mexico,2019-10-01,Net Electricity Production,Electricity,28535.3632,GWh
Mexico,2019-10-01,Net Electricity Production,Nuclear,1160.5159,GWh
Mexico,2019-10-01,Net Electricity Production,Total Combustible Fuels,22276.9783,GWh
Mexico,2019-10-01,Net Electricity Production,"Coal, Peat and Manufactured Gases",1859.3945,GWh
Mexico,2019-10-01,Net Electricity Production,Oil and Petroleum Products,3925.251,GWh
Mexico,2019-10-01,Net Electricity Production,Natural Gas,16479.8777,GWh
Mexico,2019-10-01,Net Electricity Production,Combustible Renewables,0.0,GWh
Mexico,2019-10-01,Net Electricity Production,Other Combustible Non-Renewables,12.4552,GWh
Mexico,2019-10-01,Net Electricity Production,Hydro,1605.3692,GWh
Mexico,2019-10-01,Net Electricity Production,Wind,1250.1791,GWh
Mexico,2019-10-01,Net Electricity Production,Solar,736.9817,GWh
Mexico,2019-10-01,Net Electricity Production,Geothermal,434.1724,GWh
Mexico,2019-10-01,Net Electricity Production,Other Renewables,0.0,GWh
Mexico,2019-10-01,Net Electricity Production,Not Specified,1071.1667,GWh
Mexico,2019-10-01,Net Electricity Production,"Total Renewables (Hydro, Geo, Solar, Wind, Other)",4026.7023,GWh
Mexico,2019-10-01,Total Imports,Electricity,152.3341,GWh
Mexico,2019-10-01,Total Exports,Electricity,84.9679,GWh
Mexico,2019-10-01,Used for pumped storage,Electricity,0.0,GWh
Mexico,2019-10-01,Distribution Losses,Electricity,2998.5596,GWh
Mexico,2019-10-01,Final Consumption (Calculated),Electricity,25604.1698,GWh
Argentina,2019-10-01,Net Electricity Production,Electricity,11263.9939,GWh
Argentina,2019-10-01,Net Electricity Production,Nuclear,716.1968,GWh
Argentina,2019-10-01,Net Electricity Production,Total Combustible Fuels,7748.9486,GWh
Argentina,2019-10-01,Net Electricity Production,"Coal, Peat and Manufactured Gases",48.021,GWh
Argentina,2019-10-01,Net Electricity Production,Oil and Petroleum Products,397.6753,GWh
Argentina,2019-10-01,Net Electricity Production,Natural Gas,7142.7751,GWh
Argentina,2019-10-01,Net Electricity Production,Combustible Renewables,160.4772,GWh
Argentina,2019-10-01,Net Electricity Production,Other Combustible Non-Renewables,0.0,GWh
Argentina,2019-10-01,Net Electricity Production,Hydro,2186.8036,GWh
Argentina,2019-10-01,Net Electricity Production,Wind,516.5327,GWh
Argentina,2019-10-01,Net Electricity Production,Solar,95.5121,GWh
Argentina,2019-10-01,Net Electricity Production,Geothermal,0.0,GWh
Argentina,2019-10-01,Net Electricity Production,Other Renewables,0.0,GWh
Argentina,2019-10-01,Net Electricity Production,Not Specified,0.0,GWh
Argentina,2019-10-01,Net Electricity Production,"Total Renewables (Hydro, Geo, Solar, Wind, Other)",2959.3257,GWh
Brazil,2019-10-01,Net Electricity Production,Electricity,55017.3503,GWh
Brazil,2019-10-01,Net Electricity Production,Nuclear,1367.1384,GWh
Brazil,2019-10-01,Net Electricity Production,Total Combustible Fuels,16768.7994,GWh
Brazil,2019-10-01,Net Electricity Production,"Coal, Peat and Manufactured Gases",2238.8133,GWh
Brazil,2019-10-01,Net Electricity Production,Oil and Petroleum Products,907.2086,GWh
Brazil,2019-10-01,Net Electricity Production,Natural Gas,7526.761,GWh
Brazil,2019-10-01,Net Electricity Production,Combustible Renewables,5910.6719,GWh
Brazil,2019-10-01,Net Electricity Production,Other Combustible Non-Renewables,185.3446,GWh
Brazil,2019-10-01,Net Electricity Production,Hydro,30078.6467,GWh
Brazil,2019-10-01,Net Electricity Production,Wind,6116.0811,GWh
Brazil,2019-10-01,Net Electricity Production,Solar,686.6847,GWh
Brazil,2019-10-01,Net Electricity Production,Geothermal,0.0,GWh
Brazil,2019-10-01,Net Electricity Production,Other Renewables,0.0,GWh
Brazil,2019-10-01,Net Electricity Production,Not Specified,0.0,GWh
Brazil,2019-10-01,Net Electricity Production,"Total Renewables (Hydro, Geo, Solar, Wind, Other)",42792.0844,GWh
Peru,2019-10-01,Net Electricity Production,Electricity,4699.6761,GWh
Peru,2019-10-01,Net Electricity Production,Total Combustible Fuels,2266.4558,GWh
Peru,2019-10-01,Net Electricity Production,"Coal, Peat and Manufactured Gases",14.9041,GWh
Peru,2019-10-01,Net Electricity Production,Oil and Petroleum Products,66.5632,GWh
Peru,2019-10-01,Net Electricity Production,Natural Gas,2132.5729,GWh
Peru,2019-10-01,Net Electricity Production,Combustible Renewables,52.4155,GWh
Peru,2019-10-01,Net Electricity Production,Hydro,2194.0347,GWh
Peru,2019-10-01,Net Electricity Production,Wind,161.206,GWh
Peru,2019-10-01,Net Electricity Production,Solar,77.9796,GWh
Peru,2019-10-01,Net Electricity Production,"Total Renewables (Hydro, Geo, Solar, Wind, Other)",2485.6359,GWh
Chile,2019-09-01,Net Electricity Production,Electricity,6513.7003,GWh
Chile,2019-09-01,Net Electricity Production,Nuclear,0.0,GWh
Chile,2019-09-01,Net Electricity Production,Total Combustible Fuels,3652.6519,GWh
Chile,2019-09-01,Net Electricity Production,"Coal, Peat and Manufactured Gases",2144.998,GWh
Chile,2019-09-01,Net Electricity Production,Oil and Petroleum Products,127.9866,GWh
Chile,2019-09-01,Net Electricity Production,Natural Gas,988.3902,GWh
Chile,2019-09-01,Net Electricity Production,Combustible Renewables,391.2771,GWh
Chile,2019-09-01,Net Electricity Production,Other Combustible Non-Renewables,0.0,GWh
Chile,2019-09-01,Net Electricity Production,Hydro,1906.4958,GWh
Chile,2019-09-01,Net Electricity Production,Wind,380.6771,GWh
Chile,2019-09-01,Net Electricity Production,Solar,559.3852,GWh
Chile,2019-09-01,Net Electricity Production,Geothermal,14.4903,GWh
Chile,2019-09-01,Net Electricity Production,Other Renewables,0.0,GWh
Chile,2019-09-01,Net Electricity Production,Not Specified,0.0,GWh
Chile,2019-09-01,Net Electricity Production,"Total Renewables (Hydro, Geo, Solar, Wind, Other)",3252.3255,GWh
Chile,2019-09-01,Total Imports,Electricity,0.0,GWh
Chile,2019-09-01,Total Exports,Electricity,0.0,GWh
Chile,2019-09-01,Used for pumped storage,Electricity,0.0,GWh
Chile,2019-09-01,Distribution Losses,Electricity,190.3088,GWh
Chile,2019-09-01,Final Consumption (Calculated),Electricity,6323.3916,GWh
Colombia,2019-09-01,Net Electricity Production,Electricity,6590.3028,GWh
Colombia,2019-09-01,Net Electricity Production,Nuclear,0.0,GWh
Colombia,2019-09-01,Net Electricity Production,Total Combustible Fuels,2087.6405,GWh
Colombia,2019-09-01,Net Electricity Production,"Coal, Peat and Manufactured Gases",661.9628,GWh
Colombia,2019-09-01,Net Electricity Production,Oil and Petroleum Products,218.6959,GWh
Colombia,2019-09-01,Net Electricity Production,Natural Gas,1079.8313,GWh
Colombia,2019-09-01,Net Electricity Production,Combustible Renewables,127.1505,GWh
Colombia,2019-09-01,Net Electricity Production,Other Combustible Non-Renewables,0.0,GWh
Colombia,2019-09-01,Net Electricity Production,Hydro,4487.7466,GWh
Colombia,2019-09-01,Net Electricity Production,Wind,2.4165,GWh
Colombia,2019-09-01,Net Electricity Production,Solar,12.4992,GWh
Colombia,2019-09-01,Net Electricity Production,Geothermal,0.0,GWh
Colombia,2019-09-01,Net Electricity Production,Other Renewables,0.0,GWh
Colombia,2019-09-01,Net Electricity Production,Not Specified,0.0,GWh
Colombia,2019-09-01,Net Electricity Production,"Total Renewables (Hydro, Geo, Solar, Wind, Other)",4629.8128,GWh
Colombia,2019-09-01,Total Imports,Electricity,0.0,GWh
Colombia,2019-09-01,Total Exports,Electricity,0.0,GWh
Colombia,2019-09-01,Used for pumped storage,Electricity,0.0,GWh
Colombia,2019-09-01,Distribution Losses,Electricity,429.8807,GWh
Colombia,2019-09-01,Final Consumption (Calculated),Electricity,6160.4221,GWh
Mexico,2019-09-01,Net Electricity Production,Electricity,28815.3008,GWh
Mexico,2019-09-01,Net Electricity Production,Nuclear,1194.5506,GWh
Mexico,2019-09-01,Net Electricity Production,Total Combustible Fuels,22273.9394,GWh
Mexico,2019-09-01,Net Electricity Production,"Coal, Peat and Manufactured Gases",2631.5003,GWh
Mexico,2019-09-01,Net Electricity Production,Oil and Petroleum Products,3776.2305,GWh
Mexico,2019-09-01,Net Electricity Production,Natural Gas,15854.2262,GWh
Mexico,2019-09-01,Net Electricity Production,Combustible Renewables,0.0,GWh
Mexico,2019-09-01,Net Electricity Production,Other Combustible Non-Renewables,11.9823,GWh
Mexico,2019-09-01,Net Electricity Production,Hydro,1825.4441,GWh
Mexico,2019-09-01,Net Electricity Production,Wind,1323.3908,GWh
Mexico,2019-09-01,Net Electricity Production,Solar,691.5101,GWh
Mexico,2019-09-01,Net Electricity Production,Geothermal,435.2992,GWh
Mexico,2019-09-01,Net Electricity Production,Other Renewables,0.0,GWh
Mexico,2019-09-01,Net Electricity Production,Not Specified,1071.1667,GWh
Mexico,2019-09-01,Net Electricity Production,"Total Renewables (Hydro, Geo, Solar, Wind, Other)",4275.6442,GWh
Mexico,2019-09-01,Total Imports,Electricity,311.44,GWh
Mexico,2019-09-01,Total Exports,Electricity,133.364,GWh
Mexico,2019-09-01,Used for pumped storage,Electricity,0.0,GWh
Mexico,2019-09-01,Distribution Losses,Electricity,3044.7252,GWh
Mexico,2019-09-01,Final Consumption (Calculated),Electricity,25948.6516,GWh
Argentina,2019-09-01,Net Electricity Production,Electricity,10965.4341,GWh
Argentina,2019-09-01,Net Electricity Production,Nuclear,878.5485,GWh
Argentina,2019-09-01,Net Electricity Production,Total Combustible Fuels,7176.2173,GWh
Argentina,2019-09-01,Net Electricity Production,"Coal, Peat and Manufactured Gases",190.1562,GWh
Argentina,2019-09-01,Net Electricity Production,Oil and Petroleum Products,250.5144,GWh
Argentina,2019-09-01,Net Electricity Production,Natural Gas,6571.426,GWh
Argentina,2019-09-01,Net Electricity Production,Combustible Renewables,164.1207,GWh
Argentina,2019-09-01,Net Electricity Production,Other Combustible Non-Renewables,0.0,GWh
Argentina,2019-09-01,Net Electricity Production,Hydro,2301.237,GWh
Argentina,2019-09-01,Net Electricity Production,Wind,524.6745,GWh
Argentina,2019-09-01,Net Electricity Production,Solar,84.7567,GWh
Argentina,2019-09-01,Net Electricity Production,Geothermal,0.0,GWh
Argentina,2019-09-01,Net Electricity Production,Other Renewables,0.0,GWh
Argentina,2019-09-01,Net Electricity Production,Not Specified,0.0,GWh
Argentina,2019-09-01,Net Electricity Production,"Total Renewables (Hydro, Geo, Solar, Wind, Other)",3074.789,GWh
Brazil,2019-09-01,Net Electricity Production,Electricity,51978.1962,GWh
Brazil,2019-09-01,Net Electricity Production,Nuclear,1412.0295,GWh
Brazil,2019-09-01,Net Electricity Production,Total Combustible Fuels,16097.3973,GWh
Brazil,2019-09-01,Net Electricity Production,"Coal, Peat and Manufactured Gases",2143.6145,GWh
Brazil,2019-09-01,Net Electricity Production,Oil and Petroleum Products,835.4052,GWh
Brazil,2019-09-01,Net Electricity Production,Natural Gas,6670.9979,GWh
Brazil,2019-09-01,Net Electricity Production,Combustible Renewables,6262.0351,GWh
Brazil,2019-09-01,Net Electricity Production,Other Combustible Non-Renewables,185.3446,GWh
Brazil,2019-09-01,Net Electricity Production,Hydro,27379.1357,GWh
Brazil,2019-09-01,Net Electricity Production,Wind,6484.8596,GWh
Brazil,2019-09-01,Net Electricity Production,Solar,604.774,GWh
Brazil,2019-09-01,Net Electricity Production,Geothermal,0.0,GWh
Brazil,2019-09-01,Net Electricity Production,Other Renewables,0.0,GWh
Brazil,2019-09-01,Net Electricity Production,Not Specified,0.0,GWh
Brazil,2019-09-01,Net Electricity Production,"Total Renewables (Hydro, Geo, Solar, Wind, Other)",40730.8045,GWh
Peru,2019-09-01,Net Electricity Production,Electricity,4485.6003,GWh
Peru,2019-09-01,Net Electricity Production,Total Combustible Fuels,2394.914,GWh
Peru,2019-09-01,Net Electricity Production,"Coal, Peat and Manufactured Gases",13.6894,GWh
Peru,2019-09-01,Net Electricity Production,Oil and Petroleum Products,61.1384,GWh
Peru,2019-09-01,Net Electricity Production,Natural Gas,2271.9424,GWh
Peru,2019-09-01,Net Electricity Production,Combustible Renewables,48.1438,GWh
Peru,2019-09-01,Net Electricity Production,Hydro,1875.7178,GWh
Peru,2019-09-01,Net Electricity Production,Wind,146.9405,GWh
Peru,2019-09-01,Net Electricity Production,Solar,68.028,GWh
Peru,2019-09-01,Net Electricity Production,"Total Renewables (Hydro, Geo, Solar, Wind, Other)",2138.83,GWh
Chile,2019-08-01,Net Electricity Production,Electricity,7033.0691,GWh
Chile,2019-08-01,Net Electricity Production,Nuclear,0.0,GWh
Chile,2019-08-01,Net Electricity Production,Total Combustible Fuels,3901.2564,GWh
Chile,2019-08-01,Net Electricity Production,"Coal, Peat and Manufactured Gases",2194.5613,GWh
Chile,2019-08-01,Net Electricity Production,Oil and Petroleum Products,138.2193,GWh
Chile,2019-08-01,Net Electricity Production,Natural Gas,1142.5378,GWh
Chile,2019-08-01,Net Electricity Production,Combustible Renewables,425.938,GWh
Chile,2019-08-01,Net Electricity Production,Other Combustible Non-Renewables,0.0,GWh
Chile,2019-08-01,Net Electricity Production,Hydro,2099.4538,GWh
Chile,2019-08-01,Net Electricity Production,Wind,517.9704,GWh
Chile,2019-08-01,Net Electricity Production,Solar,499.1525,GWh
Chile,2019-08-01,Net Electricity Production,Geothermal,15.2359,GWh
Chile,2019-08-01,Net Electricity Production,Other Renewables,0.0,GWh
Chile,2019-08-01,Net Electricity Production,Not Specified,0.0,GWh
Chile,2019-08-01,Net Electricity Production,"Total Renewables (Hydro, Geo, Solar, Wind, Other)",3557.7507,GWh
Chile,2019-08-01,Total Imports,Electricity,0.0,GWh
Chile,2019-08-01,Total Exports,Electricity,0.0,GWh
Chile,2019-08-01,Used for pumped storage,Electricity,0.0,GWh
Chile,2019-08-01,Distribution Losses,Electricity,205.3695,GWh
Chile,2019-08-01,Final Consumption (Calculated),Electricity,6827.6996,GWh
Colombia,2019-08-01,Net Electricity Production,Electricity,6785.6728,GWh
Colombia,2019-08-01,Net Electricity Production,Nuclear,0.0,GWh
Colombia,2019-08-01,Net Electricity Production,Total Combustible Fuels,1775.0371,GWh
Colombia,2019-08-01,Net Electricity Production,"Coal, Peat and Manufactured Gases",370.5685,GWh
Colombia,2019-08-01,Net Electricity Production,Oil and Petroleum Products,220.9033,GWh
Colombia,2019-08-01,Net Electricity Production,Natural Gas,1056.4142,GWh
Colombia,2019-08-01,Net Electricity Production,Combustible Renewables,127.1511,GWh
Colombia,2019-08-01,Net Electricity Production,Other Combustible Non-Renewables,0.0,GWh
Colombia,2019-08-01,Net Electricity Production,Hydro,4993.6641,GWh
Colombia,2019-08-01,Net Electricity Production,Wind,3.786,GWh
Colombia,2019-08-01,Net Electricity Production,Solar,13.1855,GWh
Colombia,2019-08-01,Net Electricity Production,Geothermal,0.0,GWh
Colombia,2019-08-01,Net Electricity Production,Other Renewables,0.0,GWh
Colombia,2019-08-01,Net Electricity Production,Not Specified,0.0,GWh
Colombia,2019-08-01,Net Electricity Production,"Total Renewables (Hydro, Geo, Solar, Wind, Other)",5137.7868,GWh
Colombia,2019-08-01,Total Imports,Electricity,14.8391,GWh
Colombia,2019-08-01,Total Exports,Electricity,0.0067,GWh
Colombia,2019-08-01,Used for pumped storage,Electricity,0.0,GWh
Colombia,2019-08-01,Distribution Losses,Electricity,445.5504,GWh
Colombia,2019-08-01,Final Consumption (Calculated),Electricity,6354.9546,GWh
Mexico,2019-08-01,Net Electricity Production,Electricity,31700.2538,GWh
Mexico,2019-08-01,Net Electricity Production,Nuclear,1121.2555,GWh
Mexico,2019-08-01,Net Electricity Production,Total Combustible Fuels,24537.2069,GWh
Mexico,2019-08-01,Net Electricity Production,"Coal, Peat and Manufactured Gases",3131.2727,GWh
Mexico,2019-08-01,Net Electricity Production,Oil and Petroleum Products,4115.2599,GWh
Mexico,2019-08-01,Net Electricity Production,Natural Gas,17277.6162,GWh
Mexico,2019-08-01,Net Electricity Production,Combustible Renewables,0.0,GWh
Mexico,2019-08-01,Net Electricity Production,Other Combustible Non-Renewables,13.0581,GWh
Mexico,2019-08-01,Net Electricity Production,Hydro,2420.0226,GWh
Mexico,2019-08-01,Net Electricity Production,Wind,1341.5744,GWh
Mexico,2019-08-01,Net Electricity Production,Solar,741.8857,GWh
Mexico,2019-08-01,Net Electricity Production,Geothermal,467.1419,GWh
Mexico,2019-08-01,Net Electricity Production,Other Renewables,0.0,GWh
Mexico,2019-08-01,Net Electricity Production,Not Specified,1071.1667,GWh
Mexico,2019-08-01,Net Electricity Production,"Total Renewables (Hydro, Geo, Solar, Wind, Other)",4970.6246,GWh
Mexico,2019-08-01,Total Imports,Electricity,331.9765,GWh
Mexico,2019-08-01,Total Exports,Electricity,146.0686,GWh
Mexico,2019-08-01,Used for pumped storage,Electricity,0.0,GWh
Mexico,2019-08-01,Distribution Losses,Electricity,3361.1619,GWh
Mexico,2019-08-01,Final Consumption (Calculated),Electricity,28524.9998,GWh
Argentina,2019-08-01,Net Electricity Production,Electricity,11462.009,GWh
Argentina,2019-08-01,Net Electricity Production,Nuclear,870.359,GWh
Argentina,2019-08-01,Net Electricity Production,Total Combustible Fuels,7510.2109,GWh
Argentina,2019-08-01,Net Electricity Production,"Coal, Peat and Manufactured Gases",0.0,GWh
Argentina,2019-08-01,Net Electricity Production,Oil and Petroleum Products,278.6812,GWh
Argentina,2019-08-01,Net Electricity Production,Natural Gas,7072.4324,GWh
Argentina,2019-08-01,Net Electricity Production,Combustible Renewables,159.0972,GWh
Argentina,2019-08-01,Net Electricity Production,Other Combustible Non-Renewables,0.0,GWh
Argentina,2019-08-01,Net Electricity Production,Hydro,2571.468,GWh
Argentina,2019-08-01,Net Electricity Production,Wind,443.5897,GWh
Argentina,2019-08-01,Net Electricity Production,Solar,66.3814,GWh
Argentina,2019-08-01,Net Electricity Production,Geothermal,0.0,GWh
Argentina,2019-08-01,Net Electricity Production,Other Renewables,0.0,GWh
Argentina,2019-08-01,Net Electricity Production,Not Specified,0.0,GWh
Argentina,2019-08-01,Net Electricity Production,"Total Renewables (Hydro, Geo, Solar, Wind, Other)",3240.5363,GWh
Brazil,2019-08-01,Net Electricity Production,Electricity,51124.2442,GWh
Brazil,2019-08-01,Net Electricity Production,Nuclear,1412.0295,GWh
Brazil,2019-08-01,Net Electricity Production,Total Combustible Fuels,16264.1085,GWh
Brazil,2019-08-01,Net Electricity Production,"Coal, Peat and Manufactured Gases",2161.6694,GWh
Brazil,2019-08-01,Net Electricity Production,Oil and Petroleum Products,817.4544,GWh
Brazil,2019-08-01,Net Electricity Production,Natural Gas,6829.1588,GWh
Brazil,2019-08-01,Net Electricity Production,Combustible Renewables,6270.4814,GWh
Brazil,2019-08-01,Net Electricity Production,Other Combustible Non-Renewables,185.3446,GWh
Brazil,2019-08-01,Net Electricity Production,Hydro,26358.4726,GWh
Brazil,2019-08-01,Net Electricity Production,Wind,6484.8596,GWh
Brazil,2019-08-01,Net Electricity Production,Solar,604.774,GWh
Brazil,2019-08-01,Net Electricity Production,Geothermal,0.0,GWh
Brazil,2019-08-01,Net Electricity Production,Other Renewables,0.0,GWh
Brazil,2019-08-01,Net Electricity Production,Not Specified,0.0,GWh
Brazil,2019-08-01,Net Electricity Production,"Total Renewables (Hydro, Geo, Solar, Wind, Other)",39718.5876,GWh
Peru,2019-08-01,Net Electricity Production,Electricity,4625.3684,GWh
Peru,2019-08-01,Net Electricity Production,Total Combustible Fuels,2479.1185,GWh
Peru,2019-08-01,Net Electricity Production,"Coal, Peat and Manufactured Gases",13.5468,GWh
Peru,2019-08-01,Net Electricity Production,Oil and Petroleum Products,60.5014,GWh
Peru,2019-08-01,Net Electricity Production,Natural Gas,2357.428,GWh
Peru,2019-08-01,Net Electricity Production,Combustible Renewables,47.6422,GWh
Peru,2019-08-01,Net Electricity Production,Hydro,1955.3945,GWh
Peru,2019-08-01,Net Electricity Production,Wind,124.0123,GWh
Peru,2019-08-01,Net Electricity Production,Solar,66.8431,GWh
Peru,2019-08-01,Net Electricity Production,"Total Renewables (Hydro, Geo, Solar, Wind, Other)",2193.8921,GWh
Chile,2019-07-01,Net Electricity Production,Electricity,7229.7583,GWh
Chile,2019-07-01,Net Electricity Production,Nuclear,0.0,GWh
Chile,2019-07-01,Net Electricity Production,Total Combustible Fuels,4621.8501,GWh
Chile,2019-07-01,Net Electricity Production,"Coal, Peat and Manufactured Gases",2501.7369,GWh
Chile,2019-07-01,Net Electricity Production,Oil and Petroleum Products,40.8328,GWh
Chile,2019-07-01,Net Electricity Production,Natural Gas,1642.7527,GWh
Chile,2019-07-01,Net Electricity Production,Combustible Renewables,436.5277,GWh
Chile,2019-07-01,Net Electricity Production,Other Combustible Non-Renewables,0.0,GWh
Chile,2019-07-01,Net Electricity Production,Hydro,1719.717,GWh
Chile,2019-07-01,Net Electricity Production,Wind,474.9049,GWh
Chile,2019-07-01,Net Electricity Production,Solar,396.2493,GWh
Chile,2019-07-01,Net Electricity Production,Geothermal,17.037,GWh
Chile,2019-07-01,Net Electricity Production,Other Renewables,0.0,GWh
Chile,2019-07-01,Net Electricity Production,Not Specified,0.0,GWh
Chile,2019-07-01,Net Electricity Production,"Total Renewables (Hydro, Geo, Solar, Wind, Other)",3044.4359,GWh
Chile,2019-07-01,Total Imports,Electricity,0.0,GWh
Chile,2019-07-01,Total Exports,Electricity,0.0,GWh
Chile,2019-07-01,Used for pumped storage,Electricity,0.0,GWh
Chile,2019-07-01,Distribution Losses,Electricity,209.1303,GWh
Chile,2019-07-01,Final Consumption (Calculated),Electricity,7020.628,GWh
Colombia,2019-07-01,Net Electricity Production,Electricity,6722.0411,GWh
Colombia,2019-07-01,Net Electricity Production,Nuclear,0.0,GWh
Colombia,2019-07-01,Net Electricity Production,Total Combustible Fuels,1601.6689,GWh
Colombia,2019-07-01,Net Electricity Production,"Coal, Peat and Manufactured Gases",319.5691,GWh
Colombia,2019-07-01,Net Electricity Production,Oil and Petroleum Products,218.7735,GWh
Colombia,2019-07-01,Net Electricity Production,Natural Gas,936.1748,GWh
Colombia,2019-07-01,Net Electricity Production,Combustible Renewables,127.1514,GWh
Colombia,2019-07-01,Net Electricity Production,Other Combustible Non-Renewables,0.0,GWh
Colombia,2019-07-01,Net Electricity Production,Hydro,5101.3135,GWh
Colombia,2019-07-01,Net Electricity Production,Wind,6.3567,GWh
Colombia,2019-07-01,Net Electricity Production,Solar,12.702,GWh
Colombia,2019-07-01,Net Electricity Production,Geothermal,0.0,GWh
Colombia,2019-07-01,Net Electricity Production,Other Renewables,0.0,GWh
Colombia,2019-07-01,Net Electricity Production,Not Specified,0.0,GWh
Colombia,2019-07-01,Net Electricity Production,"Total Renewables (Hydro, Geo, Solar, Wind, Other)",5247.5236,GWh
Colombia,2019-07-01,Total Imports,Electricity,3.2896,GWh
Colombia,2019-07-01,Total Exports,Electricity,0.0,GWh
Colombia,2019-07-01,Used for pumped storage,Electricity,0.0,GWh
Colombia,2019-07-01,Distribution Losses,Electricity,440.0281,GWh
Colombia,2019-07-01,Final Consumption (Calculated),Electricity,6285.3026,GWh
Mexico,2019-07-01,Net Electricity Production,Electricity,31199.85,GWh
Mexico,2019-07-01,Net Electricity Production,Nuclear,1100.0519,GWh
Mexico,2019-07-01,Net Electricity Production,Total Combustible Fuels,23466.6079,GWh
Mexico,2019-07-01,Net Electricity Production,"Coal, Peat and Manufactured Gases",2839.5725,GWh
Mexico,2019-07-01,Net Electricity Production,Oil and Petroleum Products,3965.5177,GWh
Mexico,2019-07-01,Net Electricity Production,Natural Gas,16648.9347,GWh
Mexico,2019-07-01,Net Electricity Production,Combustible Renewables,0.0,GWh
Mexico,2019-07-01,Net Electricity Production,Other Combustible Non-Renewables,12.5829,GWh
Mexico,2019-07-01,Net Electricity Production,Hydro,2528.0574,GWh
Mexico,2019-07-01,Net Electricity Production,Wind,1782.0849,GWh
Mexico,2019-07-01,Net Electricity Production,Solar,770.8801,GWh
Mexico,2019-07-01,Net Electricity Production,Geothermal,481.0012,GWh
Mexico,2019-07-01,Net Electricity Production,Other Renewables,0.0,GWh
Mexico,2019-07-01,Net Electricity Production,Not Specified,1071.1667,GWh
Mexico,2019-07-01,Net Electricity Production,"Total Renewables (Hydro, Geo, Solar, Wind, Other)",5562.0236,GWh
Mexico,2019-07-01,Total Imports,Electricity,275.6196,GWh
Mexico,2019-07-01,Total Exports,Electricity,159.3357,GWh
Mexico,2019-07-01,Used for pumped storage,Electricity,0.0,GWh
Mexico,2019-07-01,Distribution Losses,Electricity,3294.1643,GWh
Mexico,2019-07-01,Final Consumption (Calculated),Electricity,28021.9696,GWh
Argentina,2019-07-01,Net Electricity Production,Electricity,12030.9486,GWh
Argentina,2019-07-01,Net Electricity Production,Nuclear,740.595,GWh
Argentina,2019-07-01,Net Electricity Production,Total Combustible Fuels,8488.7493,GWh
Argentina,2019-07-01,Net Electricity Production,"Coal, Peat and Manufactured Gases",310.0549,GWh
Argentina,2019-07-01,Net Electricity Production,Oil and Petroleum Products,475.9943,GWh
Argentina,2019-07-01,Net Electricity Production,Natural Gas,7543.2281,GWh
Argentina,2019-07-01,Net Electricity Production,Combustible Renewables,159.4721,GWh
Argentina,2019-07-01,Net Electricity Production,Other Combustible Non-Renewables,0.0,GWh
Argentina,2019-07-01,Net Electricity Production,Hydro,2330.7422,GWh
Argentina,2019-07-01,Net Electricity Production,Wind,417.2914,GWh
Argentina,2019-07-01,Net Electricity Production,Solar,53.5706,GWh
Argentina,2019-07-01,Net Electricity Production,Geothermal,0.0,GWh
Argentina,2019-07-01,Net Electricity Production,Other Renewables,0.0,GWh
Argentina,2019-07-01,Net Electricity Production,Not Specified,0.0,GWh
Argentina,2019-07-01,Net Electricity Production,"Total Renewables (Hydro, Geo, Solar, Wind, Other)",2961.0763,GWh
Brazil,2019-07-01,Net Electricity Production,Electricity,49846.9179,GWh
Brazil,2019-07-01,Net Electricity Production,Nuclear,1401.827,GWh
Brazil,2019-07-01,Net Electricity Production,Total Combustible Fuels,14191.7018,GWh
Brazil,2019-07-01,Net Electricity Production,"Coal, Peat and Manufactured Gases",2245.3787,GWh
Brazil,2019-07-01,Net Electricity Production,Oil and Petroleum Products,865.7836,GWh
Brazil,2019-07-01,Net Electricity Production,Natural Gas,5047.0251,GWh
Brazil,2019-07-01,Net Electricity Production,Combustible Renewables,5848.1698,GWh
Brazil,2019-07-01,Net Electricity Production,Other Combustible Non-Renewables,185.3446,GWh
Brazil,2019-07-01,Net Electricity Production,Hydro,28529.7924,GWh
Brazil,2019-07-01,Net Electricity Production,Wind,5187.0816,GWh
Brazil,2019-07-01,Net Electricity Production,Solar,536.5151,GWh
Brazil,2019-07-01,Net Electricity Production,Geothermal,0.0,GWh
Brazil,2019-07-01,Net Electricity Production,Other Renewables,0.0,GWh
Brazil,2019-07-01,Net Electricity Production,Not Specified,0.0,GWh
Brazil,2019-07-01,Net Electricity Production,"Total Renewables (Hydro, Geo, Solar, Wind, Other)",40101.5589,GWh
Peru,2019-07-01,Net Electricity Production,Electricity,4612.7375,GWh
Peru,2019-07-01,Net Electricity Production,Total Combustible Fuels,2261.2901,GWh
Peru,2019-07-01,Net Electricity Production,"Coal, Peat and Manufactured Gases",13.4544,GWh
Peru,2019-07-01,Net Electricity Production,Oil and Petroleum Products,60.0887,GWh
Peru,2019-07-01,Net Electricity Production,Natural Gas,2140.4299,GWh
Peru,2019-07-01,Net Electricity Production,Combustible Renewables,47.3171,GWh
Peru,2019-07-01,Net Electricity Production,Hydro,2137.1091,GWh
Peru,2019-07-01,Net Electricity Production,Wind,156.3219,GWh
Peru,2019-07-01,Net Electricity Production,Solar,58.0165,GWh
Peru,2019-07-01,Net Electricity Production,"Total Renewables (Hydro, Geo, Solar, Wind, Other)",2398.7646,GWh
Chile,2019-06-01,Net Electricity Production,Electricity,6979.2761,GWh
Chile,2019-06-01,Net Electricity Production,Nuclear,0.0,GWh
Chile,2019-06-01,Net Electricity Production,Total Combustible Fuels,4421.8013,GWh
Chile,2019-06-01,Net Electricity Production,"Coal, Peat and Manufactured Gases",2626.7781,GWh
Chile,2019-06-01,Net Electricity Production,Oil and Petroleum Products,17.7749,GWh
Chile,2019-06-01,Net Electricity Production,Natural Gas,1305.3044,GWh
Chile,2019-06-01,Net Electricity Production,Combustible Renewables,471.9439,GWh
Chile,2019-06-01,Net Electricity Production,Other Combustible Non-Renewables,0.0,GWh
Chile,2019-06-01,Net Electricity Production,Hydro,1746.6192,GWh
Chile,2019-06-01,Net Electricity Production,Wind,447.1047,GWh
Chile,2019-06-01,Net Electricity Production,Solar,345.9346,GWh
Chile,2019-06-01,Net Electricity Production,Geothermal,17.8163,GWh
Chile,2019-06-01,Net Electricity Production,Other Renewables,0.0,GWh
Chile,2019-06-01,Net Electricity Production,Not Specified,0.0,GWh
Chile,2019-06-01,Net Electricity Production,"Total Renewables (Hydro, Geo, Solar, Wind, Other)",3029.4187,GWh
Chile,2019-06-01,Total Imports,Electricity,0.0,GWh
Chile,2019-06-01,Total Exports,Electricity,0.0,GWh
Chile,2019-06-01,Used for pumped storage,Electricity,0.0,GWh
Chile,2019-06-01,Distribution Losses,Electricity,200.7315,GWh
Chile,2019-06-01,Final Consumption (Calculated),Electricity,6778.5446,GWh
Colombia,2019-06-01,Net Electricity Production,Electricity,6458.9473,GWh
Colombia,2019-06-01,Net Electricity Production,Nuclear,0.0,GWh
Colombia,2019-06-01,Net Electricity Production,Total Combustible Fuels,1538.5687,GWh
Colombia,2019-06-01,Net Electricity Production,"Coal, Peat and Manufactured Gases",278.2656,GWh
Colombia,2019-06-01,Net Electricity Production,Oil and Petroleum Products,219.1904,GWh
Colombia,2019-06-01,Net Electricity Production,Natural Gas,913.9646,GWh
Colombia,2019-06-01,Net Electricity Production,Combustible Renewables,127.1482,GWh
Colombia,2019-06-01,Net Electricity Production,Other Combustible Non-Renewables,0.0,GWh
Colombia,2019-06-01,Net Electricity Production,Hydro,4901.9759,GWh
Colombia,2019-06-01,Net Electricity Production,Wind,6.4304,GWh
Colombia,2019-06-01,Net Electricity Production,Solar,11.9723,GWh
Colombia,2019-06-01,Net Electricity Production,Geothermal,0.0,GWh
Colombia,2019-06-01,Net Electricity Production,Other Renewables,0.0,GWh
Colombia,2019-06-01,Net Electricity Production,Not Specified,0.0,GWh
Colombia,2019-06-01,Net Electricity Production,"Total Renewables (Hydro, Geo, Solar, Wind, Other)",5047.5268,GWh
Colombia,2019-06-01,Total Imports,Electricity,12.1853,GWh
Colombia,2019-06-01,Total Exports,Electricity,0.0017,GWh
Colombia,2019-06-01,Used for pumped storage,Electricity,0.0,GWh
Colombia,2019-06-01,Distribution Losses,Electricity,420.4383,GWh
Colombia,2019-06-01,Final Consumption (Calculated),Electricity,6050.6926,GWh
Mexico,2019-06-01,Net Electricity Production,Electricity,31943.4421,GWh
Mexico,2019-06-01,Net Electricity Production,Nuclear,956.3796,GWh
Mexico,2019-06-01,Net Electricity Production,Total Combustible Fuels,24645.3645,GWh
Mexico,2019-06-01,Net Electricity Production,"Coal, Peat and Manufactured Gases",2178.0616,GWh
Mexico,2019-06-01,Net Electricity Production,Oil and Petroleum Products,4296.8513,GWh
Mexico,2019-06-01,Net Electricity Production,Natural Gas,18040.0144,GWh
Mexico,2019-06-01,Net Electricity Production,Combustible Renewables,116.8029,GWh
Mexico,2019-06-01,Net Electricity Production,Other Combustible Non-Renewables,13.6343,GWh
Mexico,2019-06-01,Net Electricity Production,Hydro,2735.7685,GWh
Mexico,2019-06-01,Net Electricity Production,Wind,1246.6302,GWh
Mexico,2019-06-01,Net Electricity Production,Solar,825.3059,GWh
Mexico,2019-06-01,Net Electricity Production,Geothermal,462.8267,GWh
Mexico,2019-06-01,Net Electricity Production,Other Renewables,0.0,GWh
Mexico,2019-06-01,Net Electricity Production,Not Specified,1071.1667,GWh
Mexico,2019-06-01,Net Electricity Production,"Total Renewables (Hydro, Geo, Solar, Wind, Other)",5387.3343,GWh
Mexico,2019-06-01,Total Imports,Electricity,509.0276,GWh
Mexico,2019-06-01,Total Exports,Electricity,429.2719,GWh
Mexico,2019-06-01,Used for pumped storage,Electricity,0.0,GWh
Mexico,2019-06-01,Distribution Losses,Electricity,3355.0179,GWh
Mexico,2019-06-01,Final Consumption (Calculated),Electricity,28668.18,GWh
Argentina,2019-06-01,Net Electricity Production,Electricity,10877.9602,GWh
Argentina,2019-06-01,Net Electricity Production,Nuclear,746.0853,GWh
Argentina,2019-06-01,Net Electricity Production,Total Combustible Fuels,7603.0936,GWh
Argentina,2019-06-01,Net Electricity Production,"Coal, Peat and Manufactured Gases",149.0908,GWh
Argentina,2019-06-01,Net Electricity Production,Oil and Petroleum Products,346.2331,GWh
Argentina,2019-06-01,Net Electricity Production,Natural Gas,6951.8512,GWh
Argentina,2019-06-01,Net Electricity Production,Combustible Renewables,155.9184,GWh
Argentina,2019-06-01,Net Electricity Production,Other Combustible Non-Renewables,0.0,GWh
Argentina,2019-06-01,Net Electricity Production,Hydro,2082.3117,GWh
Argentina,2019-06-01,Net Electricity Production,Wind,405.9942,GWh
Argentina,2019-06-01,Net Electricity Production,Solar,40.4754,GWh
Argentina,2019-06-01,Net Electricity Production,Geothermal,0.0,GWh
Argentina,2019-06-01,Net Electricity Production,Other Renewables,0.0,GWh
Argentina,2019-06-01,Net Electricity Production,Not Specified,0.0,GWh
Argentina,2019-06-01,Net Electricity Production,"Total Renewables (Hydro, Geo, Solar, Wind, Other)",2684.6998,GWh
Brazil,2019-06-01,Net Electricity Production,Electricity,47745.0218,GWh
Brazil,2019-06-01,Net Electricity Production,Nuclear,1335.5106,GWh
Brazil,2019-06-01,Net Electricity Production,Total Combustible Fuels,10046.5105,GWh
Brazil,2019-06-01,Net Electricity Production,"Coal, Peat and Manufactured Gases",597.4546,GWh
Brazil,2019-06-01,Net Electricity Production,Oil and Petroleum Products,876.8303,GWh
Brazil,2019-06-01,Net Electricity Production,Natural Gas,2790.409,GWh
Brazil,2019-06-01,Net Electricity Production,Combustible Renewables,5596.4722,GWh
Brazil,2019-06-01,Net Electricity Production,Other Combustible Non-Renewables,185.3446,GWh
Brazil,2019-06-01,Net Electricity Production,Hydro,30683.0896,GWh
Brazil,2019-06-01,Net Electricity Production,Wind,5187.0816,GWh
Brazil,2019-06-01,Net Electricity Production,Solar,492.8294,GWh
Brazil,2019-06-01,Net Electricity Production,Geothermal,0.0,GWh
Brazil,2019-06-01,Net Electricity Production,Other Renewables,0.0,GWh
Brazil,2019-06-01,Net Electricity Production,Not Specified,0.0,GWh
Brazil,2019-06-01,Net Electricity Production,"Total Renewables (Hydro, Geo, Solar, Wind, Other)",41959.4728,GWh
Peru,2019-06-01,Net Electricity Production,Electricity,4495.3381,GWh
Peru,2019-06-01,Net Electricity Production,Total Combustible Fuels,2100.3739,GWh
Peru,2019-06-01,Net Electricity Production,"Coal, Peat and Manufactured Gases",12.4413,GWh
Peru,2019-06-01,Net Electricity Production,Oil and Petroleum Products,55.5639,GWh
Peru,2019-06-01,Net Electricity Production,Natural Gas,1988.6147,GWh
Peru,2019-06-01,Net Electricity Production,Combustible Renewables,43.7541,GWh
Peru,2019-06-01,Net Electricity Production,Hydro,2194.4475,GWh
Peru,2019-06-01,Net Electricity Production,Wind,147.0208,GWh
Peru,2019-06-01,Net Electricity Production,Solar,53.4959,GWh
Peru,2019-06-01,Net Electricity Production,"Total Renewables (Hydro, Geo, Solar, Wind, Other)",2438.7183,GWh
Chile,2019-05-01,Net Electricity Production,Electricity,6978.6237,GWh
Chile,2019-05-01,Net Electricity Production,Nuclear,0.0,GWh
Chile,2019-05-01,Net Electricity Production,Total Combustible Fuels,4731.2836,GWh
Chile,2019-05-01,Net Electricity Production,"Coal, Peat and Manufactured Gases",2518.9043,GWh
Chile,2019-05-01,Net Electricity Production,Oil and Petroleum Products,175.8164,GWh
Chile,2019-05-01,Net Electricity Production,Natural Gas,1496.7594,GWh
Chile,2019-05-01,Net Electricity Production,Combustible Renewables,539.8035,GWh
Chile,2019-05-01,Net Electricity Production,Other Combustible Non-Renewables,0.0,GWh
Chile,2019-05-01,Net Electricity Production,Hydro,1508.1227,GWh
Chile,2019-05-01,Net Electricity Production,Wind,346.339,GWh
Chile,2019-05-01,Net Electricity Production,Solar,370.7457,GWh
Chile,2019-05-01,Net Electricity Production,Geothermal,22.1327,GWh
Chile,2019-05-01,Net Electricity Production,Other Renewables,0.0,GWh
Chile,2019-05-01,Net Electricity Production,Not Specified,0.0,GWh
Chile,2019-05-01,Net Electricity Production,"Total Renewables (Hydro, Geo, Solar, Wind, Other)",2787.1436,GWh
Chile,2019-05-01,Total Imports,Electricity,0.0,GWh
Chile,2019-05-01,Total Exports,Electricity,0.0,GWh
Chile,2019-05-01,Used for pumped storage,Electricity,0.0,GWh
Chile,2019-05-01,Distribution Losses,Electricity,203.7971,GWh
Chile,2019-05-01,Final Consumption (Calculated),Electricity,6774.8266,GWh
Colombia,2019-05-01,Net Electricity Production,Electricity,6644.341,GWh
Colombia,2019-05-01,Net Electricity Production,Nuclear,0.0,GWh
Colombia,2019-05-01,Net Electricity Production,Total Combustible Fuels,1817.4524,GWh
Colombia,2019-05-01,Net Electricity Production,"Coal, Peat and Manufactured Gases",543.8488,GWh
Colombia,2019-05-01,Net Electricity Production,Oil and Petroleum Products,225.3881,GWh
Colombia,2019-05-01,Net Electricity Production,Natural Gas,921.0738,GWh
Colombia,2019-05-01,Net Electricity Production,Combustible Renewables,127.1417,GWh
Colombia,2019-05-01,Net Electricity Production,Other Combustible Non-Renewables,0.0,GWh
Colombia,2019-05-01,Net Electricity Production,Hydro,4810.2852,GWh
Colombia,2019-05-01,Net Electricity Production,Wind,6.1812,GWh
Colombia,2019-05-01,Net Electricity Production,Solar,10.4222,GWh
Colombia,2019-05-01,Net Electricity Production,Geothermal,0.0,GWh
Colombia,2019-05-01,Net Electricity Production,Other Renewables,0.0,GWh
Colombia,2019-05-01,Net Electricity Production,Not Specified,0.0,GWh
Colombia,2019-05-01,Net Electricity Production,"Total Renewables (Hydro, Geo, Solar, Wind, Other)",4954.0303,GWh
Colombia,2019-05-01,Total Imports,Electricity,21.5837,GWh
Colombia,2019-05-01,Total Exports,Electricity,0.0085,GWh
Colombia,2019-05-01,Used for pumped storage,Electricity,0.0,GWh
Colombia,2019-05-01,Distribution Losses,Electricity,433.7067,GWh
Colombia,2019-05-01,Final Consumption (Calculated),Electricity,6232.2095,GWh
Mexico,2019-05-01,Net Electricity Production,Electricity,31803.6254,GWh
Mexico,2019-05-01,Net Electricity Production,Nuclear,630.1777,GWh
Mexico,2019-05-01,Net Electricity Production,Total Combustible Fuels,24558.2195,GWh
Mexico,2019-05-01,Net Electricity Production,"Coal, Peat and Manufactured Gases",2124.611,GWh
Mexico,2019-05-01,Net Electricity Production,Oil and Petroleum Products,4244.3511,GWh
Mexico,2019-05-01,Net Electricity Production,Natural Gas,17819.5963,GWh
Mexico,2019-05-01,Net Electricity Production,Combustible Renewables,356.1933,GWh
Mexico,2019-05-01,Net Electricity Production,Other Combustible Non-Renewables,13.4677,GWh
Mexico,2019-05-01,Net Electricity Production,Hydro,2987.0277,GWh
Mexico,2019-05-01,Net Electricity Production,Wind,1370.2835,GWh
Mexico,2019-05-01,Net Electricity Production,Solar,710.8881,GWh
Mexico,2019-05-01,Net Electricity Production,Geothermal,475.8623,GWh
Mexico,2019-05-01,Net Electricity Production,Other Renewables,0.0,GWh
Mexico,2019-05-01,Net Electricity Production,Not Specified,1071.1667,GWh
Mexico,2019-05-01,Net Electricity Production,"Total Renewables (Hydro, Geo, Solar, Wind, Other)",5900.2548,GWh
Mexico,2019-05-01,Total Imports,Electricity,499.6516,GWh
Mexico,2019-05-01,Total Exports,Electricity,429.2719,GWh
Mexico,2019-05-01,Used for pumped storage,Electricity,0.0,GWh
Mexico,2019-05-01,Distribution Losses,Electricity,3336.9478,GWh
Mexico,2019-05-01,Final Consumption (Calculated),Electricity,28537.0574,GWh
Argentina,2019-05-01,Net Electricity Production,Electricity,10508.1545,GWh
Argentina,2019-05-01,Net Electricity Production,Nuclear,841.1869,GWh
Argentina,2019-05-01,Net Electricity Production,Total Combustible Fuels,7125.0518,GWh
Argentina,2019-05-01,Net Electricity Production,"Coal, Peat and Manufactured Gases",100.0751,GWh
Argentina,2019-05-01,Net Electricity Production,Oil and Petroleum Products,38.361,GWh
Argentina,2019-05-01,Net Electricity Production,Natural Gas,6866.8,GWh
Argentina,2019-05-01,Net Electricity Production,Combustible Renewables,119.8157,GWh
Argentina,2019-05-01,Net Electricity Production,Other Combustible Non-Renewables,0.0,GWh
Argentina,2019-05-01,Net Electricity Production,Hydro,2171.9999,GWh
Argentina,2019-05-01,Net Electricity Production,Wind,328.137,GWh
Argentina,2019-05-01,Net Electricity Production,Solar,41.7789,GWh
Argentina,2019-05-01,Net Electricity Production,Geothermal,0.0,GWh
Argentina,2019-05-01,Net Electricity Production,Other Renewables,0.0,GWh
Argentina,2019-05-01,Net Electricity Production,Not Specified,0.0,GWh
Argentina,2019-05-01,Net Electricity Production,"Total Renewables (Hydro, Geo, Solar, Wind, Other)",2661.7315,GWh
Brazil,2019-05-01,Net Electricity Production,Electricity,51378.5811,GWh
Brazil,2019-05-01,Net Electricity Production,Nuclear,721.3186,GWh
Brazil,2019-05-01,Net Electricity Production,Total Combustible Fuels,10589.056,GWh
Brazil,2019-05-01,Net Electricity Production,"Coal, Peat and Manufactured Gases",1183.4196,GWh
Brazil,2019-05-01,Net Electricity Production,Oil and Petroleum Products,1032.8646,GWh
Brazil,2019-05-01,Net Electricity Production,Natural Gas,2661.9033,GWh
Brazil,2019-05-01,Net Electricity Production,Combustible Renewables,5525.5238,GWh
Brazil,2019-05-01,Net Electricity Production,Other Combustible Non-Renewables,185.3446,GWh
Brazil,2019-05-01,Net Electricity Production,Hydro,35699.5951,GWh
Brazil,2019-05-01,Net Electricity Production,Wind,3881.2429,GWh
Brazil,2019-05-01,Net Electricity Production,Solar,487.3687,GWh
Brazil,2019-05-01,Net Electricity Production,Geothermal,0.0,GWh
Brazil,2019-05-01,Net Electricity Production,Other Renewables,0.0,GWh
Brazil,2019-05-01,Net Electricity Production,Not Specified,0.0,GWh
Brazil,2019-05-01,Net Electricity Production,"Total Renewables (Hydro, Geo, Solar, Wind, Other)",45593.7304,GWh
Peru,2019-05-01,Net Electricity Production,Electricity,4680.1075,GWh
Peru,2019-05-01,Net Electricity Production,Total Combustible Fuels,1613.8522,GWh
Peru,2019-05-01,Net Electricity Production,"Coal, Peat and Manufactured Gases",9.819,GWh
Peru,2019-05-01,Net Electricity Production,Oil and Petroleum Products,43.8528,GWh
Peru,2019-05-01,Net Electricity Production,Natural Gas,1525.6482,GWh
Peru,2019-05-01,Net Electricity Production,Combustible Renewables,34.5322,GWh
Peru,2019-05-01,Net Electricity Production,Hydro,2866.3468,GWh
Peru,2019-05-01,Net Electricity Production,Wind,141.8139,GWh
Peru,2019-05-01,Net Electricity Production,Solar,58.0946,GWh
Peru,2019-05-01,Net Electricity Production,"Total Renewables (Hydro, Geo, Solar, Wind, Other)",3100.7874,GWh
Chile,2019-04-01,Net Electricity Production,Electricity,6605.0411,GWh
Chile,2019-04-01,Net Electricity Production,Nuclear,0.0,GWh
Chile,2019-04-01,Net Electricity Production,Total Combustible Fuels,4522.468,GWh
Chile,2019-04-01,Net Electricity Production,"Coal, Peat and Manufactured Gases",2156.9693,GWh
Chile,2019-04-01,Net Electricity Production,Oil and Petroleum Products,131.595,GWh
Chile,2019-04-01,Net Electricity Production,Natural Gas,1696.097,GWh
Chile,2019-04-01,Net Electricity Production,Combustible Renewables,537.8068,GWh
Chile,2019-04-01,Net Electricity Production,Other Combustible Non-Renewables,0.0,GWh
Chile,2019-04-01,Net Electricity Production,Hydro,1348.1337,GWh
Chile,2019-04-01,Net Electricity Production,Wind,279.4811,GWh
Chile,2019-04-01,Net Electricity Production,Solar,438.3641,GWh
Chile,2019-04-01,Net Electricity Production,Geothermal,16.5942,GWh
Chile,2019-04-01,Net Electricity Production,Other Renewables,0.0,GWh
Chile,2019-04-01,Net Electricity Production,Not Specified,0.0,GWh
Chile,2019-04-01,Net Electricity Production,"Total Renewables (Hydro, Geo, Solar, Wind, Other)",2620.3798,GWh
Chile,2019-04-01,Total Imports,Electricity,0.0,GWh
Chile,2019-04-01,Total Exports,Electricity,0.0,GWh
Chile,2019-04-01,Used for pumped storage,Electricity,0.0,GWh
Chile,2019-04-01,Distribution Losses,Electricity,247.7677,GWh
Chile,2019-04-01,Final Consumption (Calculated),Electricity,6357.2734,GWh
Colombia,2019-04-01,Net Electricity Production,Electricity,6376.6542,GWh
Colombia,2019-04-01,Net Electricity Production,Nuclear,0.0,GWh
Colombia,2019-04-01,Net Electricity Production,Total Combustible Fuels,1878.4516,GWh
Colombia,2019-04-01,Net Electricity Production,"Coal, Peat and Manufactured Gases",540.4525,GWh
Colombia,2019-04-01,Net Electricity Production,Oil and Petroleum Products,216.9355,GWh
Colombia,2019-04-01,Net Electricity Production,Natural Gas,993.9176,GWh
Colombia,2019-04-01,Net Electricity Production,Combustible Renewables,127.146,GWh
Colombia,2019-04-01,Net Electricity Production,Other Combustible Non-Renewables,0.0,GWh
Colombia,2019-04-01,Net Electricity Production,Hydro,4478.6759,GWh
Colombia,2019-04-01,Net Electricity Production,Wind,6.8334,GWh
Colombia,2019-04-01,Net Electricity Production,Solar,12.6934,GWh
Colombia,2019-04-01,Net Electricity Production,Geothermal,0.0,GWh
Colombia,2019-04-01,Net Electricity Production,Other Renewables,0.0,GWh
Colombia,2019-04-01,Net Electricity Production,Not Specified,0.0,GWh
Colombia,2019-04-01,Net Electricity Production,"Total Renewables (Hydro, Geo, Solar, Wind, Other)",4625.3486,GWh
Colombia,2019-04-01,Total Imports,Electricity,12.9153,GWh
Colombia,2019-04-01,Total Exports,Electricity,0.0018,GWh
Colombia,2019-04-01,Used for pumped storage,Electricity,0.0,GWh
Colombia,2019-04-01,Distribution Losses,Electricity,413.969,GWh
Colombia,2019-04-01,Final Consumption (Calculated),Electricity,5975.5988,GWh
Mexico,2019-04-01,Net Electricity Production,Electricity,28442.6223,GWh
Mexico,2019-04-01,Net Electricity Production,Nuclear,927.7874,GWh
Mexico,2019-04-01,Net Electricity Production,Total Combustible Fuels,21331.476,GWh
Mexico,2019-04-01,Net Electricity Production,"Coal, Peat and Manufactured Gases",2003.993,GWh
Mexico,2019-04-01,Net Electricity Production,Oil and Petroleum Products,3641.6402,GWh
Mexico,2019-04-01,Net Electricity Production,Natural Gas,15289.1588,GWh
Mexico,2019-04-01,Net Electricity Production,Combustible Renewables,385.1287,GWh
Mexico,2019-04-01,Net Electricity Production,Other Combustible Non-Renewables,11.5552,GWh
Mexico,2019-04-01,Net Electricity Production,Hydro,2457.0249,GWh
Mexico,2019-04-01,Net Electricity Production,Wind,1615.8045,GWh
Mexico,2019-04-01,Net Electricity Production,Solar,586.5792,GWh
Mexico,2019-04-01,Net Electricity Production,Geothermal,452.7836,GWh
Mexico,2019-04-01,Net Electricity Production,Other Renewables,0.0,GWh
Mexico,2019-04-01,Net Electricity Production,Not Specified,1071.1667,GWh
Mexico,2019-04-01,Net Electricity Production,"Total Renewables (Hydro, Geo, Solar, Wind, Other)",5497.3209,GWh
Mexico,2019-04-01,Total Imports,Electricity,458.1043,GWh
Mexico,2019-04-01,Total Exports,Electricity,429.2719,GWh
Mexico,2019-04-01,Used for pumped storage,Electricity,0.0,GWh
Mexico,2019-04-01,Distribution Losses,Electricity,2960.1117,GWh
Mexico,2019-04-01,Final Consumption (Calculated),Electricity,25511.3431,GWh
Argentina,2019-04-01,Net Electricity Production,Electricity,9847.2049,GWh
Argentina,2019-04-01,Net Electricity Production,Nuclear,643.5017,GWh
Argentina,2019-04-01,Net Electricity Production,Total Combustible Fuels,6887.255,GWh
Argentina,2019-04-01,Net Electricity Production,"Coal, Peat and Manufactured Gases",0.0,GWh
Argentina,2019-04-01,Net Electricity Production,Oil and Petroleum Products,41.3014,GWh
Argentina,2019-04-01,Net Electricity Production,Natural Gas,6748.3905,GWh
Argentina,2019-04-01,Net Electricity Production,Combustible Renewables,97.5631,GWh
Argentina,2019-04-01,Net Electricity Production,Other Combustible Non-Renewables,0.0,GWh
Argentina,2019-04-01,Net Electricity Production,Hydro,1939.1236,GWh
Argentina,2019-04-01,Net Electricity Production,Wind,327.3478,GWh
Argentina,2019-04-01,Net Electricity Production,Solar,49.9768,GWh
Argentina,2019-04-01,Net Electricity Production,Geothermal,0.0,GWh
Argentina,2019-04-01,Net Electricity Production,Other Renewables,0.0,GWh
Argentina,2019-04-01,Net Electricity Production,Not Specified,0.0,GWh
Argentina,2019-04-01,Net Electricity Production,"Total Renewables (Hydro, Geo, Solar, Wind, Other)",2414.0113,GWh
Brazil,2019-04-01,Net Electricity Production,Electricity,50139.0336,GWh
Brazil,2019-04-01,Net Electricity Production,Nuclear,995.7665,GWh
Brazil,2019-04-01,Net Electricity Production,Total Combustible Fuels,9324.2471,GWh
Brazil,2019-04-01,Net Electricity Production,"Coal, Peat and Manufactured Gases",1365.6105,GWh
Brazil,2019-04-01,Net Electricity Production,Oil and Petroleum Products,1325.6017,GWh
Brazil,2019-04-01,Net Electricity Production,Natural Gas,2721.2136,GWh
Brazil,2019-04-01,Net Electricity Production,Combustible Renewables,3726.4768,GWh
Brazil,2019-04-01,Net Electricity Production,Other Combustible Non-Renewables,185.3446,GWh
Brazil,2019-04-01,Net Electricity Production,Hydro,36733.6909,GWh
Brazil,2019-04-01,Net Electricity Production,Wind,2615.7078,GWh
Brazil,2019-04-01,Net Electricity Production,Solar,469.6213,GWh
Brazil,2019-04-01,Net Electricity Production,Geothermal,0.0,GWh
Brazil,2019-04-01,Net Electricity Production,Other Renewables,0.0,GWh
Brazil,2019-04-01,Net Electricity Production,Not Specified,0.0,GWh
Brazil,2019-04-01,Net Electricity Production,"Total Renewables (Hydro, Geo, Solar, Wind, Other)",43545.4968,GWh
Peru,2019-04-01,Net Electricity Production,Electricity,4520.042,GWh
Peru,2019-04-01,Net Electricity Production,Total Combustible Fuels,1155.4434,GWh
Peru,2019-04-01,Net Electricity Production,"Coal, Peat and Manufactured Gases",11.0343,GWh
Peru,2019-04-01,Net Electricity Production,Oil and Petroleum Products,49.2804,GWh
Peru,2019-04-01,Net Electricity Production,Natural Gas,1056.3226,GWh
Peru,2019-04-01,Net Electricity Production,Combustible Renewables,38.8061,GWh
Peru,2019-04-01,Net Electricity Production,Hydro,3157.9974,GWh
Peru,2019-04-01,Net Electricity Production,Wind,148.7816,GWh
Peru,2019-04-01,Net Electricity Production,Solar,57.8196,GWh
Peru,2019-04-01,Net Electricity Production,"Total Renewables (Hydro, Geo, Solar, Wind, Other)",3403.4047,GWh
Chile,2019-03-01,Net Electricity Production,Electricity,7074.7752,GWh
Chile,2019-03-01,Net Electricity Production,Nuclear,0.0,GWh
Chile,2019-03-01,Net Electricity Production,Total Combustible Fuels,4630.744,GWh
Chile,2019-03-01,Net Electricity Production,"Coal, Peat and Manufactured Gases",2439.5474,GWh
Chile,2019-03-01,Net Electricity Production,Oil and Petroleum Products,55.088,GWh
Chile,2019-03-01,Net Electricity Production,Natural Gas,1644.7324,GWh
Chile,2019-03-01,Net Electricity Production,Combustible Renewables,491.3761,GWh
Chile,2019-03-01,Net Electricity Production,Other Combustible Non-Renewables,0.0,GWh
Chile,2019-03-01,Net Electricity Production,Hydro,1544.4163,GWh
Chile,2019-03-01,Net Electricity Production,Wind,331.9439,GWh
Chile,2019-03-01,Net Electricity Production,Solar,551.3622,GWh
Chile,2019-03-01,Net Electricity Production,Geothermal,16.3088,GWh
Chile,2019-03-01,Net Electricity Production,Other Renewables,0.0,GWh
Chile,2019-03-01,Net Electricity Production,Not Specified,0.0,GWh
Chile,2019-03-01,Net Electricity Production,"Total Renewables (Hydro, Geo, Solar, Wind, Other)",2935.4073,GWh
Chile,2019-03-01,Total Imports,Electricity,0.0,GWh
Chile,2019-03-01,Total Exports,Electricity,0.0,GWh
Chile,2019-03-01,Used for pumped storage,Electricity,0.0,GWh
Chile,2019-03-01,Distribution Losses,Electricity,247.7677,GWh
Chile,2019-03-01,Final Consumption (Calculated),Electricity,6827.0075,GWh
Colombia,2019-03-01,Net Electricity Production,Electricity,6496.9667,GWh
Colombia,2019-03-01,Net Electricity Production,Nuclear,0.0,GWh
Colombia,2019-03-01,Net Electricity Production,Total Combustible Fuels,2306.5567,GWh
Colombia,2019-03-01,Net Electricity Production,"Coal, Peat and Manufactured Gases",889.6555,GWh
Colombia,2019-03-01,Net Electricity Production,Oil and Petroleum Products,219.2259,GWh
Colombia,2019-03-01,Net Electricity Production,Natural Gas,1070.5251,GWh
Colombia,2019-03-01,Net Electricity Production,Combustible Renewables,127.1503,GWh
Colombia,2019-03-01,Net Electricity Production,Other Combustible Non-Renewables,0.0,GWh
Colombia,2019-03-01,Net Electricity Production,Hydro,4172.0932,GWh
Colombia,2019-03-01,Net Electricity Production,Wind,6.3316,GWh
Colombia,2019-03-01,Net Electricity Production,Solar,11.9851,GWh
Colombia,2019-03-01,Net Electricity Production,Geothermal,0.0,GWh
Colombia,2019-03-01,Net Electricity Production,Other Renewables,0.0,GWh
Colombia,2019-03-01,Net Electricity Production,Not Specified,0.0,GWh
Colombia,2019-03-01,Net Electricity Production,"Total Renewables (Hydro, Geo, Solar, Wind, Other)",4317.5602,GWh
Colombia,2019-03-01,Total Imports,Electricity,20.2024,GWh
Colombia,2019-03-01,Total Exports,Electricity,0.0003,GWh
Colombia,2019-03-01,Used for pumped storage,Electricity,0.0,GWh
Colombia,2019-03-01,Distribution Losses,Electricity,424.4132,GWh
Colombia,2019-03-01,Final Consumption (Calculated),Electricity,6092.7555,GWh
Mexico,2019-03-01,Net Electricity Production,Electricity,28308.5628,GWh
Mexico,2019-03-01,Net Electricity Production,Nuclear,1092.8155,GWh
Mexico,2019-03-01,Net Electricity Production,Total Combustible Fuels,21292.4194,GWh
Mexico,2019-03-01,Net Electricity Production,"Coal, Peat and Manufactured Gases",2496.5562,GWh
Mexico,2019-03-01,Net Electricity Production,Oil and Petroleum Products,3531.827,GWh
Mexico,2019-03-01,Net Electricity Production,Natural Gas,14828.1162,GWh
Mexico,2019-03-01,Net Electricity Production,Combustible Renewables,424.7131,GWh
Mexico,2019-03-01,Net Electricity Production,Other Combustible Non-Renewables,11.2068,GWh
Mexico,2019-03-01,Net Electricity Production,Hydro,1928.9798,GWh
Mexico,2019-03-01,Net Electricity Production,Wind,1908.875,GWh
Mexico,2019-03-01,Net Electricity Production,Solar,525.845,GWh
Mexico,2019-03-01,Net Electricity Production,Geothermal,488.4615,GWh
Mexico,2019-03-01,Net Electricity Production,Other Renewables,0.0,GWh
Mexico,2019-03-01,Net Electricity Production,Not Specified,1071.1667,GWh
Mexico,2019-03-01,Net Electricity Production,"Total Renewables (Hydro, Geo, Solar, Wind, Other)",5276.8745,GWh
Mexico,2019-03-01,Total Imports,Electricity,410.552,GWh
Mexico,2019-03-01,Total Exports,Electricity,353.2585,GWh
Mexico,2019-03-01,Used for pumped storage,Electricity,0.0,GWh
Mexico,2019-03-01,Distribution Losses,Electricity,2951.0499,GWh
Mexico,2019-03-01,Final Consumption (Calculated),Electricity,25414.8064,GWh
Argentina,2019-03-01,Net Electricity Production,Electricity,10157.7029,GWh
Argentina,2019-03-01,Net Electricity Production,Nuclear,530.2121,GWh
Argentina,2019-03-01,Net Electricity Production,Total Combustible Fuels,7116.98,GWh
Argentina,2019-03-01,Net Electricity Production,"Coal, Peat and Manufactured Gases",0.0,GWh
Argentina,2019-03-01,Net Electricity Production,Oil and Petroleum Products,41.7964,GWh
Argentina,2019-03-01,Net Electricity Production,Natural Gas,6972.2648,GWh
Argentina,2019-03-01,Net Electricity Production,Combustible Renewables,102.9188,GWh
Argentina,2019-03-01,Net Electricity Production,Other Combustible Non-Renewables,0.0,GWh
Argentina,2019-03-01,Net Electricity Production,Hydro,2154.4827,GWh
Argentina,2019-03-01,Net Electricity Production,Wind,305.6787,GWh
Argentina,2019-03-01,Net Electricity Production,Solar,50.3493,GWh
Argentina,2019-03-01,Net Electricity Production,Geothermal,0.0,GWh
Argentina,2019-03-01,Net Electricity Production,Other Renewables,0.0,GWh
Argentina,2019-03-01,Net Electricity Production,Not Specified,0.0,GWh
Argentina,2019-03-01,Net Electricity Production,"Total Renewables (Hydro, Geo, Solar, Wind, Other)",2613.4296,GWh
Brazil,2019-03-01,Net Electricity Production,Electricity,51439.5152,GWh
Brazil,2019-03-01,Net Electricity Production,Nuclear,1197.7765,GWh
Brazil,2019-03-01,Net Electricity Production,Total Combustible Fuels,8814.6392,GWh
Brazil,2019-03-01,Net Electricity Production,"Coal, Peat and Manufactured Gases",1349.1969,GWh
Brazil,2019-03-01,Net Electricity Production,Oil and Petroleum Products,1042.5305,GWh
Brazil,2019-03-01,Net Electricity Production,Natural Gas,4033.1012,GWh
Brazil,2019-03-01,Net Electricity Production,Combustible Renewables,2204.4661,GWh
Brazil,2019-03-01,Net Electricity Production,Other Combustible Non-Renewables,185.3446,GWh
Brazil,2019-03-01,Net Electricity Production,Hydro,38360.9464,GWh
Brazil,2019-03-01,Net Electricity Production,Wind,2577.4193,GWh
Brazil,2019-03-01,Net Electricity Production,Solar,488.7338,GWh
Brazil,2019-03-01,Net Electricity Production,Geothermal,0.0,GWh
Brazil,2019-03-01,Net Electricity Production,Other Renewables,0.0,GWh
Brazil,2019-03-01,Net Electricity Production,Not Specified,0.0,GWh
Brazil,2019-03-01,Net Electricity Production,"Total Renewables (Hydro, Geo, Solar, Wind, Other)",43631.5656,GWh
Peru,2019-03-01,Net Electricity Production,Electricity,4780.9811,GWh
Peru,2019-03-01,Net Electricity Production,Total Combustible Fuels,1433.5157,GWh
Peru,2019-03-01,Net Electricity Production,"Coal, Peat and Manufactured Gases",14.7953,GWh
Peru,2019-03-01,Net Electricity Production,Oil and Petroleum Products,66.0771,GWh
Peru,2019-03-01,Net Electricity Production,Natural Gas,1300.6104,GWh
Peru,2019-03-01,Net Electricity Production,Combustible Renewables,52.0328,GWh
Peru,2019-03-01,Net Electricity Production,Hydro,3126.5435,GWh
Peru,2019-03-01,Net Electricity Production,Wind,151.7113,GWh
Peru,2019-03-01,Net Electricity Production,Solar,69.2106,GWh
Peru,2019-03-01,Net Electricity Production,"Total Renewables (Hydro, Geo, Solar, Wind, Other)",3399.4983,GWh
Chile,2019-02-01,Net Electricity Production,Electricity,6384.4278,GWh
Chile,2019-02-01,Net Electricity Production,Nuclear,0.0,GWh
Chile,2019-02-01,Net Electricity Production,Total Combustible Fuels,3921.085,GWh
Chile,2019-02-01,Net Electricity Production,"Coal, Peat and Manufactured Gases",2062.6337,GWh
Chile,2019-02-01,Net Electricity Production,Oil and Petroleum Products,53.5086,GWh
Chile,2019-02-01,Net Electricity Production,Natural Gas,1392.7796,GWh
Chile,2019-02-01,Net Electricity Production,Combustible Renewables,412.1631,GWh
Chile,2019-02-01,Net Electricity Production,Other Combustible Non-Renewables,0.0,GWh
Chile,2019-02-01,Net Electricity Production,Hydro,1690.3175,GWh
Chile,2019-02-01,Net Electricity Production,Wind,252.329,GWh
Chile,2019-02-01,Net Electricity Production,Solar,504.6738,GWh
Chile,2019-02-01,Net Electricity Production,Geothermal,16.0225,GWh
Chile,2019-02-01,Net Electricity Production,Other Renewables,0.0,GWh
Chile,2019-02-01,Net Electricity Production,Not Specified,0.0,GWh
Chile,2019-02-01,Net Electricity Production,"Total Renewables (Hydro, Geo, Solar, Wind, Other)",2875.5059,GWh
Chile,2019-02-01,Total Imports,Electricity,0.0,GWh
Chile,2019-02-01,Total Exports,Electricity,0.0,GWh
Chile,2019-02-01,Used for pumped storage,Electricity,0.0,GWh
Chile,2019-02-01,Distribution Losses,Electricity,220.8353,GWh
Chile,2019-02-01,Final Consumption (Calculated),Electricity,6163.5925,GWh
Colombia,2019-02-01,Net Electricity Production,Electricity,6010.5381,GWh
Colombia,2019-02-01,Net Electricity Production,Nuclear,0.0,GWh
Colombia,2019-02-01,Net Electricity Production,Total Combustible Fuels,2380.5276,GWh
Colombia,2019-02-01,Net Electricity Production,"Coal, Peat and Manufactured Gases",877.8895,GWh
Colombia,2019-02-01,Net Electricity Production,Oil and Petroleum Products,226.3562,GWh
Colombia,2019-02-01,Net Electricity Production,Natural Gas,1149.1323,GWh
Colombia,2019-02-01,Net Electricity Production,Combustible Renewables,127.1495,GWh
Colombia,2019-02-01,Net Electricity Production,Other Combustible Non-Renewables,0.0,GWh
Colombia,2019-02-01,Net Electricity Production,Hydro,3617.0881,GWh
Colombia,2019-02-01,Net Electricity Production,Wind,6.693,GWh
Colombia,2019-02-01,Net Electricity Production,Solar,6.2293,GWh
Colombia,2019-02-01,Net Electricity Production,Geothermal,0.0,GWh
Colombia,2019-02-01,Net Electricity Production,Other Renewables,0.0,GWh
Colombia,2019-02-01,Net Electricity Production,Not Specified,0.0,GWh
Colombia,2019-02-01,Net Electricity Production,"Total Renewables (Hydro, Geo, Solar, Wind, Other)",3757.16,GWh
Colombia,2019-02-01,Total Imports,Electricity,43.4385,GWh
Colombia,2019-02-01,Total Exports,Electricity,0.0006,GWh
Colombia,2019-02-01,Used for pumped storage,Electricity,0.0,GWh
Colombia,2019-02-01,Distribution Losses,Electricity,389.7272,GWh
Colombia,2019-02-01,Final Consumption (Calculated),Electricity,5664.2488,GWh
Mexico,2019-02-01,Net Electricity Production,Electricity,25179.8869,GWh
Mexico,2019-02-01,Net Electricity Production,Nuclear,499.1194,GWh
Mexico,2019-02-01,Net Electricity Production,Total Combustible Fuels,19757.0291,GWh
Mexico,2019-02-01,Net Electricity Production,"Coal, Peat and Manufactured Gases",2580.3266,GWh
Mexico,2019-02-01,Net Electricity Production,Oil and Petroleum Products,3228.7239,GWh
Mexico,2019-02-01,Net Electricity Production,Natural Gas,13555.56,GWh
Mexico,2019-02-01,Net Electricity Production,Combustible Renewables,382.1735,GWh
Mexico,2019-02-01,Net Electricity Production,Other Combustible Non-Renewables,10.245,GWh
Mexico,2019-02-01,Net Electricity Production,Hydro,1776.034,GWh
Mexico,2019-02-01,Net Electricity Production,Wind,1201.9082,GWh
Mexico,2019-02-01,Net Electricity Production,Solar,413.6575,GWh
Mexico,2019-02-01,Net Electricity Production,Geothermal,460.9722,GWh
Mexico,2019-02-01,Net Electricity Production,Other Renewables,0.0,GWh
Mexico,2019-02-01,Net Electricity Production,Not Specified,1071.1667,GWh
Mexico,2019-02-01,Net Electricity Production,"Total Renewables (Hydro, Geo, Solar, Wind, Other)",4234.7453,GWh
Mexico,2019-02-01,Total Imports,Electricity,344.4955,GWh
Mexico,2019-02-01,Total Exports,Electricity,361.1517,GWh
Mexico,2019-02-01,Used for pumped storage,Electricity,0.0,GWh
Mexico,2019-02-01,Distribution Losses,Electricity,2598.2557,GWh
Mexico,2019-02-01,Final Consumption (Calculated),Electricity,22564.975,GWh
Argentina,2019-02-01,Net Electricity Production,Electricity,10947.0886,GWh
Argentina,2019-02-01,Net Electricity Production,Nuclear,302.1093,GWh
Argentina,2019-02-01,Net Electricity Production,Total Combustible Fuels,8388.1556,GWh
Argentina,2019-02-01,Net Electricity Production,"Coal, Peat and Manufactured Gases",123.1177,GWh
Argentina,2019-02-01,Net Electricity Production,Oil and Petroleum Products,813.9008,GWh
Argentina,2019-02-01,Net Electricity Production,Natural Gas,7369.1594,GWh
Argentina,2019-02-01,Net Electricity Production,Combustible Renewables,81.9778,GWh
Argentina,2019-02-01,Net Electricity Production,Other Combustible Non-Renewables,0.0,GWh
Argentina,2019-02-01,Net Electricity Production,Hydro,1982.7133,GWh
Argentina,2019-02-01,Net Electricity Production,Wind,230.6625,GWh
Argentina,2019-02-01,Net Electricity Production,Solar,43.4479,GWh
Argentina,2019-02-01,Net Electricity Production,Geothermal,0.0,GWh
Argentina,2019-02-01,Net Electricity Production,Other Renewables,0.0,GWh
Argentina,2019-02-01,Net Electricity Production,Not Specified,0.0,GWh
Argentina,2019-02-01,Net Electricity Production,"Total Renewables (Hydro, Geo, Solar, Wind, Other)",2338.8014,GWh
Brazil,2019-02-01,Net Electricity Production,Electricity,48952.8675,GWh
Brazil,2019-02-01,Net Electricity Production,Nuclear,1249.8094,GWh
Brazil,2019-02-01,Net Electricity Production,Total Combustible Fuels,9121.8861,GWh
Brazil,2019-02-01,Net Electricity Production,"Coal, Peat and Manufactured Gases",1314.7283,GWh
Brazil,2019-02-01,Net Electricity Production,Oil and Petroleum Products,905.8278,GWh
Brazil,2019-02-01,Net Electricity Production,Natural Gas,5400.0627,GWh
Brazil,2019-02-01,Net Electricity Production,Combustible Renewables,1315.9227,GWh
Brazil,2019-02-01,Net Electricity Production,Other Combustible Non-Renewables,185.3446,GWh
Brazil,2019-02-01,Net Electricity Production,Hydro,35875.5111,GWh
Brazil,2019-02-01,Net Electricity Production,Wind,2266.0735,GWh
Brazil,2019-02-01,Net Electricity Production,Solar,439.5874,GWh
Brazil,2019-02-01,Net Electricity Production,Geothermal,0.0,GWh
Brazil,2019-02-01,Net Electricity Production,Other Renewables,0.0,GWh
Brazil,2019-02-01,Net Electricity Production,Not Specified,0.0,GWh
Brazil,2019-02-01,Net Electricity Production,"Total Renewables (Hydro, Geo, Solar, Wind, Other)",39897.0948,GWh
Peru,2019-02-01,Net Electricity Production,Electricity,4313.4795,GWh
Peru,2019-02-01,Net Electricity Production,Total Combustible Fuels,1262.9904,GWh
Peru,2019-02-01,Net Electricity Production,"Coal, Peat and Manufactured Gases",12.7089,GWh
Peru,2019-02-01,Net Electricity Production,Oil and Petroleum Products,56.7594,GWh
Peru,2019-02-01,Net Electricity Production,Natural Gas,1148.8266,GWh
Peru,2019-02-01,Net Electricity Production,Combustible Renewables,44.6955,GWh
Peru,2019-02-01,Net Electricity Production,Hydro,2908.5181,GWh
Peru,2019-02-01,Net Electricity Production,Wind,92.1474,GWh
Peru,2019-02-01,Net Electricity Production,Solar,49.8236,GWh
Peru,2019-02-01,Net Electricity Production,"Total Renewables (Hydro, Geo, Solar, Wind, Other)",3095.1846,GWh
Chile,2019-01-01,Net Electricity Production,Electricity,6953.9195,GWh
Chile,2019-01-01,Net Electricity Production,Nuclear,0.0,GWh
Chile,2019-01-01,Net Electricity Production,Total Combustible Fuels,3791.883,GWh
Chile,2019-01-01,Net Electricity Production,"Coal, Peat and Manufactured Gases",2196.563,GWh
Chile,2019-01-01,Net Electricity Production,Oil and Petroleum Products,16.0176,GWh
Chile,2019-01-01,Net Electricity Production,Natural Gas,1186.143,GWh
Chile,2019-01-01,Net Electricity Production,Combustible Renewables,393.1594,GWh
Chile,2019-01-01,Net Electricity Production,Other Combustible Non-Renewables,0.0,GWh
Chile,2019-01-01,Net Electricity Production,Hydro,2233.1295,GWh
Chile,2019-01-01,Net Electricity Production,Wind,327.3362,GWh
Chile,2019-01-01,Net Electricity Production,Solar,583.6517,GWh
Chile,2019-01-01,Net Electricity Production,Geothermal,17.919,GWh
Chile,2019-01-01,Net Electricity Production,Other Renewables,0.0,GWh
Chile,2019-01-01,Net Electricity Production,Not Specified,0.0,GWh
Chile,2019-01-01,Net Electricity Production,"Total Renewables (Hydro, Geo, Solar, Wind, Other)",3555.1959,GWh
Chile,2019-01-01,Total Imports,Electricity,0.0,GWh
Chile,2019-01-01,Total Exports,Electricity,0.0,GWh
Chile,2019-01-01,Used for pumped storage,Electricity,0.0,GWh
Chile,2019-01-01,Distribution Losses,Electricity,242.1209,GWh
Chile,2019-01-01,Final Consumption (Calculated),Electricity,6711.7986,GWh
Colombia,2019-01-01,Net Electricity Production,Electricity,6404.7522,GWh
Colombia,2019-01-01,Net Electricity Production,Nuclear,0.0,GWh
Colombia,2019-01-01,Net Electricity Production,Total Combustible Fuels,2473.8944,GWh
Colombia,2019-01-01,Net Electricity Production,"Coal, Peat and Manufactured Gases",1003.1772,GWh
Colombia,2019-01-01,Net Electricity Production,Oil and Petroleum Products,221.2405,GWh
Colombia,2019-01-01,Net Electricity Production,Natural Gas,1122.3242,GWh
Colombia,2019-01-01,Net Electricity Production,Combustible Renewables,127.1524,GWh
Colombia,2019-01-01,Net Electricity Production,Other Combustible Non-Renewables,0.0,GWh
Colombia,2019-01-01,Net Electricity Production,Hydro,3920.3703,GWh
Colombia,2019-01-01,Net Electricity Production,Wind,6.3637,GWh
Colombia,2019-01-01,Net Electricity Production,Solar,4.1238,GWh
Colombia,2019-01-01,Net Electricity Production,Geothermal,0.0,GWh
Colombia,2019-01-01,Net Electricity Production,Other Renewables,0.0,GWh
Colombia,2019-01-01,Net Electricity Production,Not Specified,0.0,GWh
Colombia,2019-01-01,Net Electricity Production,"Total Renewables (Hydro, Geo, Solar, Wind, Other)",4058.0102,GWh
Colombia,2019-01-01,Total Imports,Electricity,11.2152,GWh
Colombia,2019-01-01,Total Exports,Electricity,0.0094,GWh
Colombia,2019-01-01,Used for pumped storage,Electricity,0.0,GWh
Colombia,2019-01-01,Distribution Losses,Electricity,417.363,GWh
Colombia,2019-01-01,Final Consumption (Calculated),Electricity,5998.595,GWh
Mexico,2019-01-01,Net Electricity Production,Electricity,26568.9798,GWh
Mexico,2019-01-01,Net Electricity Production,Nuclear,960.1986,GWh
Mexico,2019-01-01,Net Electricity Production,Total Combustible Fuels,20205.8727,GWh
Mexico,2019-01-01,Net Electricity Production,"Coal, Peat and Manufactured Gases",2185.2907,GWh
Mexico,2019-01-01,Net Electricity Production,Oil and Petroleum Products,3388.2838,GWh
Mexico,2019-01-01,Net Electricity Production,Natural Gas,14225.4605,GWh
Mexico,2019-01-01,Net Electricity Production,Combustible Renewables,396.0864,GWh
Mexico,2019-01-01,Net Electricity Production,Other Combustible Non-Renewables,10.7513,GWh
Mexico,2019-01-01,Net Electricity Production,Hydro,1633.2964,GWh
Mexico,2019-01-01,Net Electricity Production,Wind,1837.8224,GWh
Mexico,2019-01-01,Net Electricity Production,Solar,378.0691,GWh
Mexico,2019-01-01,Net Electricity Production,Geothermal,482.5538,GWh
Mexico,2019-01-01,Net Electricity Production,Other Renewables,0.0,GWh
Mexico,2019-01-01,Net Electricity Production,Not Specified,1071.1667,GWh
Mexico,2019-01-01,Net Electricity Production,"Total Renewables (Hydro, Geo, Solar, Wind, Other)",4727.8282,GWh
Mexico,2019-01-01,Total Imports,Electricity,427.9981,GWh
Mexico,2019-01-01,Total Exports,Electricity,366.9037,GWh
Mexico,2019-01-01,Used for pumped storage,Electricity,0.0,GWh
Mexico,2019-01-01,Distribution Losses,Electricity,2758.5206,GWh
Mexico,2019-01-01,Final Consumption (Calculated),Electricity,23871.5536,GWh
Argentina,2019-01-01,Net Electricity Production,Electricity,11486.3519,GWh
Argentina,2019-01-01,Net Electricity Production,Nuclear,201.4835,GWh
Argentina,2019-01-01,Net Electricity Production,Total Combustible Fuels,8265.0782,GWh
Argentina,2019-01-01,Net Electricity Production,"Coal, Peat and Manufactured Gases",10.3505,GWh
Argentina,2019-01-01,Net Electricity Production,Oil and Petroleum Products,283.8862,GWh
Argentina,2019-01-01,Net Electricity Production,Natural Gas,7902.8671,GWh
Argentina,2019-01-01,Net Electricity Production,Combustible Renewables,67.9746,GWh
Argentina,2019-01-01,Net Electricity Production,Other Combustible Non-Renewables,0.0,GWh
Argentina,2019-01-01,Net Electricity Production,Hydro,2694.0684,GWh
Argentina,2019-01-01,Net Electricity Production,Wind,285.6112,GWh
Argentina,2019-01-01,Net Electricity Production,Solar,40.1105,GWh
Argentina,2019-01-01,Net Electricity Production,Geothermal,0.0,GWh
Argentina,2019-01-01,Net Electricity Production,Other Renewables,0.0,GWh
Argentina,2019-01-01,Net Electricity Production,Not Specified,0.0,GWh
Argentina,2019-01-01,Net Electricity Production,"Total Renewables (Hydro, Geo, Solar, Wind, Other)",3087.7647,GWh
Brazil,2019-01-01,Net Electricity Production,Electricity,53551.4871,GWh
Brazil,2019-01-01,Net Electricity Production,Nuclear,1325.3081,GWh
Brazil,2019-01-01,Net Electricity Production,Total Combustible Fuels,6337.0358,GWh
Brazil,2019-01-01,Net Electricity Production,"Coal, Peat and Manufactured Gases",630.2817,GWh
Brazil,2019-01-01,Net Electricity Production,Oil and Petroleum Products,697.3217,GWh
Brazil,2019-01-01,Net Electricity Production,Natural Gas,3540.2608,GWh
Brazil,2019-01-01,Net Electricity Production,Combustible Renewables,1283.827,GWh
Brazil,2019-01-01,Net Electricity Production,Other Combustible Non-Renewables,185.3446,GWh
Brazil,2019-01-01,Net Electricity Production,Hydro,41203.3693,GWh
Brazil,2019-01-01,Net Electricity Production,Wind,4233.9,GWh
Brazil,2019-01-01,Net Electricity Production,Solar,451.874,GWh
Brazil,2019-01-01,Net Electricity Production,Geothermal,0.0,GWh
Brazil,2019-01-01,Net Electricity Production,Other Renewables,0.0,GWh
Brazil,2019-01-01,Net Electricity Production,Not Specified,0.0,GWh
Brazil,2019-01-01,Net Electricity Production,"Total Renewables (Hydro, Geo, Solar, Wind, Other)",47172.9703,GWh
Peru,2019-01-01,Net Electricity Production,Electricity,4695.1703,GWh
Peru,2019-01-01,Net Electricity Production,Total Combustible Fuels,1659.3382,GWh
Peru,2019-01-01,Net Electricity Production,"Coal, Peat and Manufactured Gases",10.0639,GWh
Peru,2019-01-01,Net Electricity Production,Oil and Petroleum Products,44.9466,GWh
Peru,2019-01-01,Net Electricity Production,Natural Gas,1568.9343,GWh
Peru,2019-01-01,Net Electricity Production,Combustible Renewables,35.3934,GWh
Peru,2019-01-01,Net Electricity Production,Hydro,2869.3375,GWh
Peru,2019-01-01,Net Electricity Production,Wind,109.5484,GWh
Peru,2019-01-01,Net Electricity Production,Solar,56.9462,GWh
Peru,2019-01-01,Net Electricity Production,"Total Renewables (Hydro, Geo, Solar, Wind, Other)",3071.2255,GWh
Chile,2018-12-01,Net Electricity Production,Electricity,6398.4647,GWh
Chile,2018-12-01,Net Electricity Production,Nuclear,0.0,GWh
Chile,2018-12-01,Net Electricity Production,Total Combustible Fuels,3234.1339,GWh
Chile,2018-12-01,Net Electricity Production,"Coal, Peat and Manufactured Gases",2163.251,GWh
Chile,2018-12-01,Net Electricity Production,Oil and Petroleum Products,91.7241,GWh
Chile,2018-12-01,Net Electricity Production,Natural Gas,621.4972,GWh
Chile,2018-12-01,Net Electricity Production,Combustible Renewables,357.6616,GWh
Chile,2018-12-01,Net Electricity Production,Other Combustible Non-Renewables,0.0,GWh
Chile,2018-12-01,Net Electricity Production,Hydro,2227.3587,GWh
Chile,2018-12-01,Net Electricity Production,Wind,353.4212,GWh
Chile,2018-12-01,Net Electricity Production,Solar,562.5567,GWh
Chile,2018-12-01,Net Electricity Production,Geothermal,20.9941,GWh
Chile,2018-12-01,Net Electricity Production,Other Renewables,0.0,GWh
Chile,2018-12-01,Net Electricity Production,Not Specified,0.0,GWh
Chile,2018-12-01,Net Electricity Production,"Total Renewables (Hydro, Geo, Solar, Wind, Other)",3521.9924,GWh
Chile,2018-12-01,Total Imports,Electricity,0.0,GWh
Chile,2018-12-01,Total Exports,Electricity,0.0,GWh
Chile,2018-12-01,Used for pumped storage,Electricity,0.0,GWh
Chile,2018-12-01,Distribution Losses,Electricity,286.194,GWh
Chile,2018-12-01,Final Consumption (Calculated),Electricity,6112.2708,GWh
Colombia,2018-12-01,Net Electricity Production,Electricity,6541.092,GWh
Colombia,2018-12-01,Net Electricity Production,Nuclear,0.0,GWh
Colombia,2018-12-01,Net Electricity Production,Total Combustible Fuels,1908.2076,GWh
Colombia,2018-12-01,Net Electricity Production,"Coal, Peat and Manufactured Gases",673.8675,GWh
Colombia,2018-12-01,Net Electricity Production,Oil and Petroleum Products,184.8871,GWh
Colombia,2018-12-01,Net Electricity Production,Natural Gas,931.1191,GWh
Colombia,2018-12-01,Net Electricity Production,Combustible Renewables,118.3338,GWh
Colombia,2018-12-01,Net Electricity Production,Other Combustible Non-Renewables,0.0,GWh
Colombia,2018-12-01,Net Electricity Production,Hydro,4622.7516,GWh
Colombia,2018-12-01,Net Electricity Production,Wind,5.6549,GWh
Colombia,2018-12-01,Net Electricity Production,Solar,4.4779,GWh
Colombia,2018-12-01,Net Electricity Production,Geothermal,0.0,GWh
Colombia,2018-12-01,Net Electricity Production,Other Renewables,0.0,GWh
Colombia,2018-12-01,Net Electricity Production,Not Specified,0.0,GWh
Colombia,2018-12-01,Net Electricity Production,"Total Renewables (Hydro, Geo, Solar, Wind, Other)",4751.2182,GWh
Colombia,2018-12-01,Total Imports,Electricity,11.3446,GWh
Colombia,2018-12-01,Total Exports,Electricity,0.0278,GWh
Colombia,2018-12-01,Used for pumped storage,Electricity,0.0,GWh
Colombia,2018-12-01,Distribution Losses,Electricity,611.5537,GWh
Colombia,2018-12-01,Final Consumption (Calculated),Electricity,5940.8551,GWh
Mexico,2018-12-01,Net Electricity Production,Electricity,25302.6968,GWh
Mexico,2018-12-01,Net Electricity Production,Nuclear,1139.2711,GWh
Mexico,2018-12-01,Net Electricity Production,Total Combustible Fuels,19447.7139,GWh
Mexico,2018-12-01,Net Electricity Production,"Coal, Peat and Manufactured Gases",1500.0726,GWh
Mexico,2018-12-01,Net Electricity Production,Oil and Petroleum Products,3330.567,GWh
Mexico,2018-12-01,Net Electricity Production,Natural Gas,14315.9897,GWh
Mexico,2018-12-01,Net Electricity Production,Combustible Renewables,291.344,GWh
Mexico,2018-12-01,Net Electricity Production,Other Combustible Non-Renewables,9.7406,GWh
Mexico,2018-12-01,Net Electricity Production,Hydro,1580.6087,GWh
Mexico,2018-12-01,Net Electricity Production,Wind,1496.6149,GWh
Mexico,2018-12-01,Net Electricity Production,Solar,206.0331,GWh
Mexico,2018-12-01,Net Electricity Production,Geothermal,457.5384,GWh
Mexico,2018-12-01,Net Electricity Production,Other Renewables,0.0,GWh
Mexico,2018-12-01,Net Electricity Production,Not Specified,974.9167,GWh
Mexico,2018-12-01,Net Electricity Production,"Total Renewables (Hydro, Geo, Solar, Wind, Other)",4032.1391,GWh
Mexico,2018-12-01,Total Imports,Electricity,285.6816,GWh
Mexico,2018-12-01,Total Exports,Electricity,253.2127,GWh
Mexico,2018-12-01,Used for pumped storage,Electricity,0.0,GWh
Mexico,2018-12-01,Distribution Losses,Electricity,2791.4249,GWh
Mexico,2018-12-01,Final Consumption (Calculated),Electricity,22543.7409,GWh
Argentina,2018-12-01,Net Electricity Production,Electricity,11051.2791,GWh
Argentina,2018-12-01,Net Electricity Production,Nuclear,214.6634,GWh
Argentina,2018-12-01,Net Electricity Production,Total Combustible Fuels,7351.522,GWh
Argentina,2018-12-01,Net Electricity Production,"Coal, Peat and Manufactured Gases",0.0,GWh
Argentina,2018-12-01,Net Electricity Production,Oil and Petroleum Products,85.1458,GWh
Argentina,2018-12-01,Net Electricity Production,Natural Gas,7169.6647,GWh
Argentina,2018-12-01,Net Electricity Production,Combustible Renewables,96.7115,GWh
Argentina,2018-12-01,Net Electricity Production,Other Combustible Non-Renewables,0.0,GWh
Argentina,2018-12-01,Net Electricity Production,Hydro,3189.3956,GWh
Argentina,2018-12-01,Net Electricity Production,Wind,256.9093,GWh
Argentina,2018-12-01,Net Electricity Production,Solar,38.7888,GWh
Argentina,2018-12-01,Net Electricity Production,Geothermal,0.0,GWh
Argentina,2018-12-01,Net Electricity Production,Other Renewables,0.0,GWh
Argentina,2018-12-01,Net Electricity Production,Not Specified,0.0,GWh
Argentina,2018-12-01,Net Electricity Production,"Total Renewables (Hydro, Geo, Solar, Wind, Other)",3581.8052,GWh
Brazil,2018-12-01,Net Electricity Production,Electricity,49711.0653,GWh
Brazil,2018-12-01,Net Electricity Production,Nuclear,1303.9812,GWh
Brazil,2018-12-01,Net Electricity Production,Total Combustible Fuels,6582.3353,GWh
Brazil,2018-12-01,Net Electricity Production,"Coal, Peat and Manufactured Gases",777.1273,GWh
Brazil,2018-12-01,Net Electricity Production,Oil and Petroleum Products,1035.9721,GWh
Brazil,2018-12-01,Net Electricity Production,Natural Gas,2059.1264,GWh
Brazil,2018-12-01,Net Electricity Production,Combustible Renewables,2521.2782,GWh
Brazil,2018-12-01,Net Electricity Production,Other Combustible Non-Renewables,188.8313,GWh
Brazil,2018-12-01,Net Electricity Production,Hydro,37643.667,GWh
Brazil,2018-12-01,Net Electricity Production,Wind,3810.9412,GWh
Brazil,2018-12-01,Net Electricity Production,Solar,370.1405,GWh
Brazil,2018-12-01,Net Electricity Production,Geothermal,0.0,GWh
Brazil,2018-12-01,Net Electricity Production,Other Renewables,0.0,GWh
Brazil,2018-12-01,Net Electricity Production,Not Specified,0.0,GWh
Brazil,2018-12-01,Net Electricity Production,"Total Renewables (Hydro, Geo, Solar, Wind, Other)",44346.0269,GWh
Peru,2018-12-01,Net Electricity Production,Electricity,4721.2376,GWh
Peru,2018-12-01,Net Electricity Production,Total Combustible Fuels,1981.6897,GWh
Peru,2018-12-01,Net Electricity Production,"Coal, Peat and Manufactured Gases",11.951,GWh
Peru,2018-12-01,Net Electricity Production,Oil and Petroleum Products,67.2603,GWh
Peru,2018-12-01,Net Electricity Production,Natural Gas,1864.8108,GWh
Peru,2018-12-01,Net Electricity Production,Combustible Renewables,37.6676,GWh
Peru,2018-12-01,Net Electricity Production,Hydro,2523.9478,GWh
Peru,2018-12-01,Net Electricity Production,Wind,139.2095,GWh
Peru,2018-12-01,Net Electricity Production,Solar,76.3906,GWh
Peru,2018-12-01,Net Electricity Production,"Total Renewables (Hydro, Geo, Solar, Wind, Other)",2777.2155,GWh
Chile,2018-11-01,Net Electricity Production,Electricity,6337.1036,GWh
Chile,2018-11-01,Net Electricity Production,Nuclear,0.0,GWh
Chile,2018-11-01,Net Electricity Production,Total Combustible Fuels,2745.3049,GWh
Chile,2018-11-01,Net Electricity Production,"Coal, Peat and Manufactured Gases",1730.9161,GWh
Chile,2018-11-01,Net Electricity Production,Oil and Petroleum Products,123.7937,GWh
Chile,2018-11-01,Net Electricity Production,Natural Gas,594.2187,GWh
Chile,2018-11-01,Net Electricity Production,Combustible Renewables,296.3763,GWh
Chile,2018-11-01,Net Electricity Production,Other Combustible Non-Renewables,0.0,GWh
Chile,2018-11-01,Net Electricity Production,Hydro,2667.6558,GWh
Chile,2018-11-01,Net Electricity Production,Wind,356.7038,GWh
Chile,2018-11-01,Net Electricity Production,Solar,548.5392,GWh
Chile,2018-11-01,Net Electricity Production,Geothermal,18.8999,GWh
Chile,2018-11-01,Net Electricity Production,Other Renewables,0.0,GWh
Chile,2018-11-01,Net Electricity Production,Not Specified,0.0,GWh
Chile,2018-11-01,Net Electricity Production,"Total Renewables (Hydro, Geo, Solar, Wind, Other)",3888.1751,GWh
Chile,2018-11-01,Total Imports,Electricity,0.0,GWh
Chile,2018-11-01,Total Exports,Electricity,0.0,GWh
Chile,2018-11-01,Used for pumped storage,Electricity,0.0,GWh
Chile,2018-11-01,Distribution Losses,Electricity,287.5871,GWh
Chile,2018-11-01,Final Consumption (Calculated),Electricity,6049.5165,GWh
Colombia,2018-11-01,Net Electricity Production,Electricity,6619.8142,GWh
Colombia,2018-11-01,Net Electricity Production,Nuclear,0.0,GWh
Colombia,2018-11-01,Net Electricity Production,Total Combustible Fuels,1443.6553,GWh
Colombia,2018-11-01,Net Electricity Production,"Coal, Peat and Manufactured Gases",196.0508,GWh
Colombia,2018-11-01,Net Electricity Production,Oil and Petroleum Products,196.6513,GWh
Colombia,2018-11-01,Net Electricity Production,Natural Gas,932.7501,GWh
Colombia,2018-11-01,Net Electricity Production,Combustible Renewables,118.2031,GWh
Colombia,2018-11-01,Net Electricity Production,Other Combustible Non-Renewables,0.0,GWh
Colombia,2018-11-01,Net Electricity Production,Hydro,5171.7903,GWh
Colombia,2018-11-01,Net Electricity Production,Wind,3.6409,GWh
Colombia,2018-11-01,Net Electricity Production,Solar,0.7277,GWh
Colombia,2018-11-01,Net Electricity Production,Geothermal,0.0,GWh
Colombia,2018-11-01,Net Electricity Production,Other Renewables,0.0,GWh
Colombia,2018-11-01,Net Electricity Production,Not Specified,0.0,GWh
Colombia,2018-11-01,Net Electricity Production,"Total Renewables (Hydro, Geo, Solar, Wind, Other)",5294.3619,GWh
Colombia,2018-11-01,Total Imports,Electricity,0.0385,GWh
Colombia,2018-11-01,Total Exports,Electricity,6.4728,GWh
Colombia,2018-11-01,Used for pumped storage,Electricity,0.0,GWh
Colombia,2018-11-01,Distribution Losses,Electricity,612.3323,GWh
Colombia,2018-11-01,Final Consumption (Calculated),Electricity,6001.0475,GWh
Mexico,2018-11-01,Net Electricity Production,Electricity,26027.9289,GWh
Mexico,2018-11-01,Net Electricity Production,Nuclear,1125.1575,GWh
Mexico,2018-11-01,Net Electricity Production,Total Combustible Fuels,20112.9695,GWh
Mexico,2018-11-01,Net Electricity Production,"Coal, Peat and Manufactured Gases",1912.563,GWh
Mexico,2018-11-01,Net Electricity Production,Oil and Petroleum Products,3419.5089,GWh
Mexico,2018-11-01,Net Electricity Production,Natural Gas,14698.2943,GWh
Mexico,2018-11-01,Net Electricity Production,Combustible Renewables,72.6026,GWh
Mexico,2018-11-01,Net Electricity Production,Other Combustible Non-Renewables,10.0007,GWh
Mexico,2018-11-01,Net Electricity Production,Hydro,2136.8919,GWh
Mexico,2018-11-01,Net Electricity Production,Wind,1071.9732,GWh
Mexico,2018-11-01,Net Electricity Production,Solar,174.5943,GWh
Mexico,2018-11-01,Net Electricity Production,Geothermal,431.4258,GWh
Mexico,2018-11-01,Net Electricity Production,Other Renewables,0.0,GWh
Mexico,2018-11-01,Net Electricity Production,Not Specified,974.9167,GWh
Mexico,2018-11-01,Net Electricity Production,"Total Renewables (Hydro, Geo, Solar, Wind, Other)",3887.4879,GWh
Mexico,2018-11-01,Total Imports,Electricity,285.6708,GWh
Mexico,2018-11-01,Total Exports,Electricity,250.6715,GWh
Mexico,2018-11-01,Used for pumped storage,Electricity,0.0,GWh
Mexico,2018-11-01,Distribution Losses,Electricity,2873.4606,GWh
Mexico,2018-11-01,Final Consumption (Calculated),Electricity,23189.4676,GWh
Argentina,2018-11-01,Net Electricity Production,Electricity,10005.8674,GWh
Argentina,2018-11-01,Net Electricity Production,Nuclear,380.0609,GWh
Argentina,2018-11-01,Net Electricity Production,Total Combustible Fuels,6286.1539,GWh
Argentina,2018-11-01,Net Electricity Production,"Coal, Peat and Manufactured Gases",0.0,GWh
Argentina,2018-11-01,Net Electricity Production,Oil and Petroleum Products,46.6616,GWh
Argentina,2018-11-01,Net Electricity Production,Natural Gas,6120.958,GWh
Argentina,2018-11-01,Net Electricity Production,Combustible Renewables,118.5343,GWh
Argentina,2018-11-01,Net Electricity Production,Other Combustible Non-Renewables,0.0,GWh
Argentina,2018-11-01,Net Electricity Production,Hydro,3092.6417,GWh
Argentina,2018-11-01,Net Electricity Production,Wind,223.1793,GWh
Argentina,2018-11-01,Net Electricity Production,Solar,23.8315,GWh
Argentina,2018-11-01,Net Electricity Production,Geothermal,0.0,GWh
Argentina,2018-11-01,Net Electricity Production,Other Renewables,0.0,GWh
Argentina,2018-11-01,Net Electricity Production,Not Specified,0.0,GWh
Argentina,2018-11-01,Net Electricity Production,"Total Renewables (Hydro, Geo, Solar, Wind, Other)",3458.1869,GWh
Brazil,2018-11-01,Net Electricity Production,Electricity,48078.1578,GWh
Brazil,2018-11-01,Net Electricity Production,Nuclear,925.571,GWh
Brazil,2018-11-01,Net Electricity Production,Total Combustible Fuels,8397.9658,GWh
Brazil,2018-11-01,Net Electricity Production,"Coal, Peat and Manufactured Gases",614.5126,GWh
Brazil,2018-11-01,Net Electricity Production,Oil and Petroleum Products,791.4496,GWh
Brazil,2018-11-01,Net Electricity Production,Natural Gas,2722.7998,GWh
Brazil,2018-11-01,Net Electricity Production,Combustible Renewables,4080.3725,GWh
Brazil,2018-11-01,Net Electricity Production,Other Combustible Non-Renewables,188.8313,GWh
Brazil,2018-11-01,Net Electricity Production,Hydro,33252.1063,GWh
Brazil,2018-11-01,Net Electricity Production,Wind,5205.963,GWh
Brazil,2018-11-01,Net Electricity Production,Solar,296.5517,GWh
Brazil,2018-11-01,Net Electricity Production,Geothermal,0.0,GWh
Brazil,2018-11-01,Net Electricity Production,Other Renewables,0.0,GWh
Brazil,2018-11-01,Net Electricity Production,Not Specified,0.0,GWh
Brazil,2018-11-01,Net Electricity Production,"Total Renewables (Hydro, Geo, Solar, Wind, Other)",42834.9936,GWh
Peru,2018-11-01,Net Electricity Production,Electricity,4482.2242,GWh
Peru,2018-11-01,Net Electricity Production,Total Combustible Fuels,1580.5515,GWh
Peru,2018-11-01,Net Electricity Production,"Coal, Peat and Manufactured Gases",9.1917,GWh
Peru,2018-11-01,Net Electricity Production,Oil and Petroleum Products,51.7308,GWh
Peru,2018-11-01,Net Electricity Production,Natural Gas,1490.6583,GWh
Peru,2018-11-01,Net Electricity Production,Combustible Renewables,28.9707,GWh
Peru,2018-11-01,Net Electricity Production,Hydro,2686.6384,GWh
Peru,2018-11-01,Net Electricity Production,Wind,138.5879,GWh
Peru,2018-11-01,Net Electricity Production,Solar,76.4464,GWh
Peru,2018-11-01,Net Electricity Production,"Total Renewables (Hydro, Geo, Solar, Wind, Other)",2930.6434,GWh
Chile,2018-10-01,Net Electricity Production,Electricity,6576.1585,GWh
Chile,2018-10-01,Net Electricity Production,Nuclear,0.0,GWh
Chile,2018-10-01,Net Electricity Production,Total Combustible Fuels,3125.9591,GWh
Chile,2018-10-01,Net Electricity Production,"Coal, Peat and Manufactured Gases",2021.0605,GWh
Chile,2018-10-01,Net Electricity Production,Oil and Petroleum Products,102.1204,GWh
Chile,2018-10-01,Net Electricity Production,Natural Gas,581.1218,GWh
Chile,2018-10-01,Net Electricity Production,Combustible Renewables,421.6564,GWh
Chile,2018-10-01,Net Electricity Production,Other Combustible Non-Renewables,0.0,GWh
Chile,2018-10-01,Net Electricity Production,Hydro,2536.9034,GWh
Chile,2018-10-01,Net Electricity Production,Wind,380.43,GWh
Chile,2018-10-01,Net Electricity Production,Solar,510.9893,GWh
Chile,2018-10-01,Net Electricity Production,Geothermal,21.8767,GWh
Chile,2018-10-01,Net Electricity Production,Other Renewables,0.0,GWh
Chile,2018-10-01,Net Electricity Production,Not Specified,0.0,GWh
Chile,2018-10-01,Net Electricity Production,"Total Renewables (Hydro, Geo, Solar, Wind, Other)",3871.8558,GWh
Chile,2018-10-01,Total Imports,Electricity,0.0,GWh
Chile,2018-10-01,Total Exports,Electricity,0.0,GWh
Chile,2018-10-01,Used for pumped storage,Electricity,0.0,GWh
Chile,2018-10-01,Distribution Losses,Electricity,292.2529,GWh
Chile,2018-10-01,Final Consumption (Calculated),Electricity,6283.9055,GWh
Colombia,2018-10-01,Net Electricity Production,Electricity,6710.2995,GWh
Colombia,2018-10-01,Net Electricity Production,Nuclear,0.0,GWh
Colombia,2018-10-01,Net Electricity Production,Total Combustible Fuels,1576.2228,GWh
Colombia,2018-10-01,Net Electricity Production,"Coal, Peat and Manufactured Gases",320.7612,GWh
Colombia,2018-10-01,Net Electricity Production,Oil and Petroleum Products,189.2651,GWh
Colombia,2018-10-01,Net Electricity Production,Natural Gas,947.8799,GWh
Colombia,2018-10-01,Net Electricity Production,Combustible Renewables,118.3166,GWh
Colombia,2018-10-01,Net Electricity Production,Other Combustible Non-Renewables,0.0,GWh
Colombia,2018-10-01,Net Electricity Production,Hydro,5131.3907,GWh
Colombia,2018-10-01,Net Electricity Production,Wind,1.8497,GWh
Colombia,2018-10-01,Net Electricity Production,Solar,0.8364,GWh
Colombia,2018-10-01,Net Electricity Production,Geothermal,0.0,GWh
Colombia,2018-10-01,Net Electricity Production,Other Renewables,0.0,GWh
Colombia,2018-10-01,Net Electricity Production,Not Specified,0.0,GWh
Colombia,2018-10-01,Net Electricity Production,"Total Renewables (Hydro, Geo, Solar, Wind, Other)",5252.3934,GWh
Colombia,2018-10-01,Total Imports,Electricity,0.073,GWh
Colombia,2018-10-01,Total Exports,Electricity,8.894,GWh
Colombia,2018-10-01,Used for pumped storage,Electricity,0.0,GWh
Colombia,2018-10-01,Distribution Losses,Electricity,624.9806,GWh
Colombia,2018-10-01,Final Consumption (Calculated),Electricity,6076.498,GWh
Mexico,2018-10-01,Net Electricity Production,Electricity,28705.6494,GWh
Mexico,2018-10-01,Net Electricity Production,Nuclear,1151.9421,GWh
Mexico,2018-10-01,Net Electricity Production,Total Combustible Fuels,21757.7203,GWh
Mexico,2018-10-01,Net Electricity Production,"Coal, Peat and Manufactured Gases",2105.9409,GWh
Mexico,2018-10-01,Net Electricity Production,Oil and Petroleum Products,3698.821,GWh
Mexico,2018-10-01,Net Electricity Production,Natural Gas,15898.8795,GWh
Mexico,2018-10-01,Net Electricity Production,Combustible Renewables,43.2613,GWh
Mexico,2018-10-01,Net Electricity Production,Other Combustible Non-Renewables,10.8176,GWh
Mexico,2018-10-01,Net Electricity Production,Hydro,3151.1006,GWh
Mexico,2018-10-01,Net Electricity Production,Wind,1125.897,GWh
Mexico,2018-10-01,Net Electricity Production,Solar,139.1141,GWh
Mexico,2018-10-01,Net Electricity Production,Geothermal,404.9586,GWh
Mexico,2018-10-01,Net Electricity Production,Other Renewables,0.0,GWh
Mexico,2018-10-01,Net Electricity Production,Not Specified,974.9167,GWh
Mexico,2018-10-01,Net Electricity Production,"Total Renewables (Hydro, Geo, Solar, Wind, Other)",4864.3316,GWh
Mexico,2018-10-01,Total Imports,Electricity,343.3559,GWh
Mexico,2018-10-01,Total Exports,Electricity,226.2597,GWh
Mexico,2018-10-01,Used for pumped storage,Electricity,0.0,GWh
Mexico,2018-10-01,Distribution Losses,Electricity,3208.8781,GWh
Mexico,2018-10-01,Final Consumption (Calculated),Electricity,25613.8675,GWh
Argentina,2018-10-01,Net Electricity Production,Electricity,10172.4471,GWh
Argentina,2018-10-01,Net Electricity Production,Nuclear,399.5385,GWh
Argentina,2018-10-01,Net Electricity Production,Total Combustible Fuels,6877.0606,GWh
Argentina,2018-10-01,Net Electricity Production,"Coal, Peat and Manufactured Gases",46.3964,GWh
Argentina,2018-10-01,Net Electricity Production,Oil and Petroleum Products,35.4483,GWh
Argentina,2018-10-01,Net Electricity Production,Natural Gas,6671.7715,GWh
Argentina,2018-10-01,Net Electricity Production,Combustible Renewables,123.4445,GWh
Argentina,2018-10-01,Net Electricity Production,Other Combustible Non-Renewables,0.0,GWh
Argentina,2018-10-01,Net Electricity Production,Hydro,2695.0252,GWh
Argentina,2018-10-01,Net Electricity Production,Wind,186.5997,GWh
Argentina,2018-10-01,Net Electricity Production,Solar,14.223,GWh
Argentina,2018-10-01,Net Electricity Production,Geothermal,0.0,GWh
Argentina,2018-10-01,Net Electricity Production,Other Renewables,0.0,GWh
Argentina,2018-10-01,Net Electricity Production,Not Specified,0.0,GWh
Argentina,2018-10-01,Net Electricity Production,"Total Renewables (Hydro, Geo, Solar, Wind, Other)",3019.2924,GWh
Brazil,2018-10-01,Net Electricity Production,Electricity,51470.7777,GWh
Brazil,2018-10-01,Net Electricity Production,Nuclear,1326.4813,GWh
Brazil,2018-10-01,Net Electricity Production,Total Combustible Fuels,13900.644,GWh
Brazil,2018-10-01,Net Electricity Production,"Coal, Peat and Manufactured Gases",1674.0761,GWh
Brazil,2018-10-01,Net Electricity Production,Oil and Petroleum Products,1045.4223,GWh
Brazil,2018-10-01,Net Electricity Production,Natural Gas,5702.0846,GWh
Brazil,2018-10-01,Net Electricity Production,Combustible Renewables,5290.2297,GWh
Brazil,2018-10-01,Net Electricity Production,Other Combustible Non-Renewables,188.8313,GWh
Brazil,2018-10-01,Net Electricity Production,Hydro,31125.29,GWh
Brazil,2018-10-01,Net Electricity Production,Wind,4803.139,GWh
Brazil,2018-10-01,Net Electricity Production,Solar,315.2235,GWh
Brazil,2018-10-01,Net Electricity Production,Geothermal,0.0,GWh
Brazil,2018-10-01,Net Electricity Production,Other Renewables,0.0,GWh
Brazil,2018-10-01,Net Electricity Production,Not Specified,0.0,GWh
Brazil,2018-10-01,Net Electricity Production,"Total Renewables (Hydro, Geo, Solar, Wind, Other)",41533.8822,GWh
Peru,2018-10-01,Net Electricity Production,Electricity,4570.9883,GWh
Peru,2018-10-01,Net Electricity Production,Total Combustible Fuels,1889.9509,GWh
Peru,2018-10-01,Net Electricity Production,"Coal, Peat and Manufactured Gases",9.8849,GWh
Peru,2018-10-01,Net Electricity Production,Oil and Petroleum Products,55.6325,GWh
Peru,2018-10-01,Net Electricity Production,Natural Gas,1793.2778,GWh
Peru,2018-10-01,Net Electricity Production,Combustible Renewables,31.1557,GWh
Peru,2018-10-01,Net Electricity Production,Hydro,2457.4559,GWh
Peru,2018-10-01,Net Electricity Production,Wind,148.9235,GWh
Peru,2018-10-01,Net Electricity Production,Solar,74.6579,GWh
Peru,2018-10-01,Net Electricity Production,"Total Renewables (Hydro, Geo, Solar, Wind, Other)",2712.1931,GWh
Chile,2018-09-01,Net Electricity Production,Electricity,6442.2813,GWh
Chile,2018-09-01,Net Electricity Production,Nuclear,0.0,GWh
Chile,2018-09-01,Net Electricity Production,Total Combustible Fuels,4153.5815,GWh
Chile,2018-09-01,Net Electricity Production,"Coal, Peat and Manufactured Gases",2700.3997,GWh
Chile,2018-09-01,Net Electricity Production,Oil and Petroleum Products,42.3318,GWh
Chile,2018-09-01,Net Electricity Production,Natural Gas,913.0865,GWh
Chile,2018-09-01,Net Electricity Production,Combustible Renewables,497.7635,GWh
Chile,2018-09-01,Net Electricity Production,Other Combustible Non-Renewables,0.0,GWh
Chile,2018-09-01,Net Electricity Production,Hydro,1454.6831,GWh
Chile,2018-09-01,Net Electricity Production,Wind,360.8891,GWh
Chile,2018-09-01,Net Electricity Production,Solar,452.4574,GWh
Chile,2018-09-01,Net Electricity Production,Geothermal,20.6703,GWh
Chile,2018-09-01,Net Electricity Production,Other Renewables,0.0,GWh
Chile,2018-09-01,Net Electricity Production,Not Specified,0.0,GWh
Chile,2018-09-01,Net Electricity Production,"Total Renewables (Hydro, Geo, Solar, Wind, Other)",2786.4634,GWh
Chile,2018-09-01,Total Imports,Electricity,0.0,GWh
Chile,2018-09-01,Total Exports,Electricity,0.0,GWh
Chile,2018-09-01,Used for pumped storage,Electricity,0.0,GWh
Chile,2018-09-01,Distribution Losses,Electricity,283.6918,GWh
Chile,2018-09-01,Final Consumption (Calculated),Electricity,6158.5895,GWh
Colombia,2018-09-01,Net Electricity Production,Electricity,6528.8227,GWh
Colombia,2018-09-01,Net Electricity Production,Nuclear,0.0,GWh
Colombia,2018-09-01,Net Electricity Production,Total Combustible Fuels,1587.9055,GWh
Colombia,2018-09-01,Net Electricity Production,"Coal, Peat and Manufactured Gases",318.4431,GWh
Colombia,2018-09-01,Net Electricity Production,Oil and Petroleum Products,189.3065,GWh
Colombia,2018-09-01,Net Electricity Production,Natural Gas,961.8642,GWh
Colombia,2018-09-01,Net Electricity Production,Combustible Renewables,118.2917,GWh
Colombia,2018-09-01,Net Electricity Production,Other Combustible Non-Renewables,0.0,GWh
Colombia,2018-09-01,Net Electricity Production,Hydro,4936.7191,GWh
Colombia,2018-09-01,Net Electricity Production,Wind,3.6692,GWh
Colombia,2018-09-01,Net Electricity Production,Solar,0.5289,GWh
Colombia,2018-09-01,Net Electricity Production,Geothermal,0.0,GWh
Colombia,2018-09-01,Net Electricity Production,Other Renewables,0.0,GWh
Colombia,2018-09-01,Net Electricity Production,Not Specified,0.0,GWh
Colombia,2018-09-01,Net Electricity Production,"Total Renewables (Hydro, Geo, Solar, Wind, Other)",5059.2089,GWh
Colombia,2018-09-01,Total Imports,Electricity,0.0002,GWh
Colombia,2018-09-01,Total Exports,Electricity,0.0085,GWh
Colombia,2018-09-01,Used for pumped storage,Electricity,0.0,GWh
Colombia,2018-09-01,Distribution Losses,Electricity,607.4164,GWh
Colombia,2018-09-01,Final Consumption (Calculated),Electricity,5921.398,GWh
Mexico,2018-09-01,Net Electricity Production,Electricity,29533.8046,GWh
Mexico,2018-09-01,Net Electricity Production,Nuclear,1099.4926,GWh
Mexico,2018-09-01,Net Electricity Production,Total Combustible Fuels,23323.985,GWh
Mexico,2018-09-01,Net Electricity Production,"Coal, Peat and Manufactured Gases",2104.2335,GWh
Mexico,2018-09-01,Net Electricity Production,Oil and Petroleum Products,3995.5345,GWh
Mexico,2018-09-01,Net Electricity Production,Natural Gas,17174.2621,GWh
Mexico,2018-09-01,Net Electricity Production,Combustible Renewables,38.2696,GWh
Mexico,2018-09-01,Net Electricity Production,Other Combustible Non-Renewables,11.6853,GWh
Mexico,2018-09-01,Net Electricity Production,Hydro,2843.0201,GWh
Mexico,2018-09-01,Net Electricity Production,Wind,769.3544,GWh
Mexico,2018-09-01,Net Electricity Production,Solar,122.4935,GWh
Mexico,2018-09-01,Net Electricity Production,Geothermal,400.5424,GWh
Mexico,2018-09-01,Net Electricity Production,Other Renewables,0.0,GWh
Mexico,2018-09-01,Net Electricity Production,Not Specified,974.9167,GWh
Mexico,2018-09-01,Net Electricity Production,"Total Renewables (Hydro, Geo, Solar, Wind, Other)",4173.68,GWh
Mexico,2018-09-01,Total Imports,Electricity,386.4449,GWh
Mexico,2018-09-01,Total Exports,Electricity,258.8235,GWh
Mexico,2018-09-01,Used for pumped storage,Electricity,0.0,GWh
Mexico,2018-09-01,Distribution Losses,Electricity,3295.976,GWh
Mexico,2018-09-01,Final Consumption (Calculated),Electricity,26365.4499,GWh
Argentina,2018-09-01,Net Electricity Production,Electricity,10542.5913,GWh
Argentina,2018-09-01,Net Electricity Production,Nuclear,314.9383,GWh
Argentina,2018-09-01,Net Electricity Production,Total Combustible Fuels,7813.2583,GWh
Argentina,2018-09-01,Net Electricity Production,"Coal, Peat and Manufactured Gases",61.084,GWh
Argentina,2018-09-01,Net Electricity Production,Oil and Petroleum Products,80.9072,GWh
Argentina,2018-09-01,Net Electricity Production,Natural Gas,7528.7627,GWh
Argentina,2018-09-01,Net Electricity Production,Combustible Renewables,142.5044,GWh
Argentina,2018-09-01,Net Electricity Production,Other Combustible Non-Renewables,0.0,GWh
Argentina,2018-09-01,Net Electricity Production,Hydro,2256.4433,GWh
Argentina,2018-09-01,Net Electricity Production,Wind,146.9644,GWh
Argentina,2018-09-01,Net Electricity Production,Solar,10.987,GWh
Argentina,2018-09-01,Net Electricity Production,Geothermal,0.0,GWh
Argentina,2018-09-01,Net Electricity Production,Other Renewables,0.0,GWh
Argentina,2018-09-01,Net Electricity Production,Not Specified,0.0,GWh
Argentina,2018-09-01,Net Electricity Production,"Total Renewables (Hydro, Geo, Solar, Wind, Other)",2556.8991,GWh
Brazil,2018-09-01,Net Electricity Production,Electricity,50071.4634,GWh
Brazil,2018-09-01,Net Electricity Production,Nuclear,1367.3905,GWh
Brazil,2018-09-01,Net Electricity Production,Total Combustible Fuels,16761.7121,GWh
Brazil,2018-09-01,Net Electricity Production,"Coal, Peat and Manufactured Gases",1826.4204,GWh
Brazil,2018-09-01,Net Electricity Production,Oil and Petroleum Products,1660.863,GWh
Brazil,2018-09-01,Net Electricity Production,Natural Gas,7123.6209,GWh
Brazil,2018-09-01,Net Electricity Production,Combustible Renewables,5961.9766,GWh
Brazil,2018-09-01,Net Electricity Production,Other Combustible Non-Renewables,188.8313,GWh
Brazil,2018-09-01,Net Electricity Production,Hydro,26061.6076,GWh
Brazil,2018-09-01,Net Electricity Production,Wind,5461.1874,GWh
Brazil,2018-09-01,Net Electricity Production,Solar,419.5657,GWh
Brazil,2018-09-01,Net Electricity Production,Geothermal,0.0,GWh
Brazil,2018-09-01,Net Electricity Production,Other Renewables,0.0,GWh
Brazil,2018-09-01,Net Electricity Production,Not Specified,0.0,GWh
Brazil,2018-09-01,Net Electricity Production,"Total Renewables (Hydro, Geo, Solar, Wind, Other)",37904.3374,GWh
Peru,2018-09-01,Net Electricity Production,Electricity,4372.7136,GWh
Peru,2018-09-01,Net Electricity Production,Total Combustible Fuels,2444.1359,GWh
Peru,2018-09-01,Net Electricity Production,"Coal, Peat and Manufactured Gases",12.787,GWh
Peru,2018-09-01,Net Electricity Production,Oil and Petroleum Products,71.9655,GWh
Peru,2018-09-01,Net Electricity Production,Natural Gas,2319.0808,GWh
Peru,2018-09-01,Net Electricity Production,Combustible Renewables,40.3026,GWh
Peru,2018-09-01,Net Electricity Production,Hydro,1716.0931,GWh
Peru,2018-09-01,Net Electricity Production,Wind,140.9631,GWh
Peru,2018-09-01,Net Electricity Production,Solar,71.5215,GWh
Peru,2018-09-01,Net Electricity Production,"Total Renewables (Hydro, Geo, Solar, Wind, Other)",1968.8803,GWh
Chile,2018-08-01,Net Electricity Production,Electricity,7140.081,GWh
Chile,2018-08-01,Net Electricity Production,Nuclear,0.0,GWh
Chile,2018-08-01,Net Electricity Production,Total Combustible Fuels,5009.0041,GWh
Chile,2018-08-01,Net Electricity Production,"Coal, Peat and Manufactured Gases",2869.4744,GWh
Chile,2018-08-01,Net Electricity Production,Oil and Petroleum Products,251.2199,GWh
Chile,2018-08-01,Net Electricity Production,Natural Gas,1349.7918,GWh
Chile,2018-08-01,Net Electricity Production,Combustible Renewables,538.5179,GWh
Chile,2018-08-01,Net Electricity Production,Other Combustible Non-Renewables,0.0,GWh
Chile,2018-08-01,Net Electricity Production,Hydro,1407.206,GWh
Chile,2018-08-01,Net Electricity Production,Wind,321.5364,GWh
Chile,2018-08-01,Net Electricity Production,Solar,379.2549,GWh
Chile,2018-08-01,Net Electricity Production,Geothermal,23.0797,GWh
Chile,2018-08-01,Net Electricity Production,Other Renewables,0.0,GWh
Chile,2018-08-01,Net Electricity Production,Not Specified,0.0,GWh
Chile,2018-08-01,Net Electricity Production,"Total Renewables (Hydro, Geo, Solar, Wind, Other)",2669.5949,GWh
Chile,2018-08-01,Total Imports,Electricity,0.0,GWh
Chile,2018-08-01,Total Exports,Electricity,0.0,GWh
Chile,2018-08-01,Used for pumped storage,Electricity,0.0,GWh
Chile,2018-08-01,Distribution Losses,Electricity,301.6295,GWh
Chile,2018-08-01,Final Consumption (Calculated),Electricity,6838.4515,GWh
Colombia,2018-08-01,Net Electricity Production,Electricity,6731.8737,GWh
Colombia,2018-08-01,Net Electricity Production,Nuclear,0.0,GWh
Colombia,2018-08-01,Net Electricity Production,Total Combustible Fuels,1536.5215,GWh
Colombia,2018-08-01,Net Electricity Production,"Coal, Peat and Manufactured Gases",249.4757,GWh
Colombia,2018-08-01,Net Electricity Production,Oil and Petroleum Products,198.9387,GWh
Colombia,2018-08-01,Net Electricity Production,Natural Gas,969.7874,GWh
Colombia,2018-08-01,Net Electricity Production,Combustible Renewables,118.3197,GWh
Colombia,2018-08-01,Net Electricity Production,Other Combustible Non-Renewables,0.0,GWh
Colombia,2018-08-01,Net Electricity Production,Hydro,5189.1451,GWh
Colombia,2018-08-01,Net Electricity Production,Wind,5.59,GWh
Colombia,2018-08-01,Net Electricity Production,Solar,0.6171,GWh
Colombia,2018-08-01,Net Electricity Production,Geothermal,0.0,GWh
Colombia,2018-08-01,Net Electricity Production,Other Renewables,0.0,GWh
Colombia,2018-08-01,Net Electricity Production,Not Specified,0.0,GWh
Colombia,2018-08-01,Net Electricity Production,"Total Renewables (Hydro, Geo, Solar, Wind, Other)",5313.6719,GWh
Colombia,2018-08-01,Total Imports,Electricity,0.0029,GWh
Colombia,2018-08-01,Total Exports,Electricity,0.1772,GWh
Colombia,2018-08-01,Used for pumped storage,Electricity,0.0,GWh
Colombia,2018-08-01,Distribution Losses,Electricity,628.3645,GWh
Colombia,2018-08-01,Final Consumption (Calculated),Electricity,6103.3348,GWh
Mexico,2018-08-01,Net Electricity Production,Electricity,32218.3891,GWh
Mexico,2018-08-01,Net Electricity Production,Nuclear,1146.4036,GWh
Mexico,2018-08-01,Net Electricity Production,Total Combustible Fuels,25649.4327,GWh
Mexico,2018-08-01,Net Electricity Production,"Coal, Peat and Manufactured Gases",2538.921,GWh
Mexico,2018-08-01,Net Electricity Production,Oil and Petroleum Products,4351.6974,GWh
Mexico,2018-08-01,Net Electricity Production,Natural Gas,18705.1799,GWh
Mexico,2018-08-01,Net Electricity Production,Combustible Renewables,40.9075,GWh
Mexico,2018-08-01,Net Electricity Production,Other Combustible Non-Renewables,12.727,GWh
Mexico,2018-08-01,Net Electricity Production,Hydro,2721.2974,GWh
Mexico,2018-08-01,Net Electricity Production,Wind,1173.7514,GWh
Mexico,2018-08-01,Net Electricity Production,Solar,141.8146,GWh
Mexico,2018-08-01,Net Electricity Production,Geothermal,410.7727,GWh
Mexico,2018-08-01,Net Electricity Production,Other Renewables,0.0,GWh
Mexico,2018-08-01,Net Electricity Production,Not Specified,974.9167,GWh
Mexico,2018-08-01,Net Electricity Production,"Total Renewables (Hydro, Geo, Solar, Wind, Other)",4488.5436,GWh
Mexico,2018-08-01,Total Imports,Electricity,352.0287,GWh
Mexico,2018-08-01,Total Exports,Electricity,249.2778,GWh
Mexico,2018-08-01,Used for pumped storage,Electricity,0.0,GWh
Mexico,2018-08-01,Distribution Losses,Electricity,3594.5015,GWh
Mexico,2018-08-01,Final Consumption (Calculated),Electricity,28726.6386,GWh
Argentina,2018-08-01,Net Electricity Production,Electricity,12205.4458,GWh
Argentina,2018-08-01,Net Electricity Production,Nuclear,671.1736,GWh
Argentina,2018-08-01,Net Electricity Production,Total Combustible Fuels,8625.0298,GWh
Argentina,2018-08-01,Net Electricity Production,"Coal, Peat and Manufactured Gases",277.1856,GWh
Argentina,2018-08-01,Net Electricity Production,Oil and Petroleum Products,552.0654,GWh
Argentina,2018-08-01,Net Electricity Production,Natural Gas,7640.3211,GWh
Argentina,2018-08-01,Net Electricity Production,Combustible Renewables,155.4577,GWh
Argentina,2018-08-01,Net Electricity Production,Other Combustible Non-Renewables,0.0,GWh
Argentina,2018-08-01,Net Electricity Production,Hydro,2766.191,GWh
Argentina,2018-08-01,Net Electricity Production,Wind,135.8003,GWh
Argentina,2018-08-01,Net Electricity Production,Solar,7.251,GWh
Argentina,2018-08-01,Net Electricity Production,Geothermal,0.0,GWh
Argentina,2018-08-01,Net Electricity Production,Other Renewables,0.0,GWh
Argentina,2018-08-01,Net Electricity Production,Not Specified,0.0,GWh
Argentina,2018-08-01,Net Electricity Production,"Total Renewables (Hydro, Geo, Solar, Wind, Other)",3064.7,GWh
Brazil,2018-08-01,Net Electricity Production,Electricity,50736.6786,GWh
Brazil,2018-08-01,Net Electricity Production,Nuclear,1420.5725,GWh
Brazil,2018-08-01,Net Electricity Production,Total Combustible Fuels,16708.3697,GWh
Brazil,2018-08-01,Net Electricity Production,"Coal, Peat and Manufactured Gases",2324.5351,GWh
Brazil,2018-08-01,Net Electricity Production,Oil and Petroleum Products,1993.9806,GWh
Brazil,2018-08-01,Net Electricity Production,Natural Gas,5784.6815,GWh
Brazil,2018-08-01,Net Electricity Production,Combustible Renewables,6416.3413,GWh
Brazil,2018-08-01,Net Electricity Production,Other Combustible Non-Renewables,188.8313,GWh
Brazil,2018-08-01,Net Electricity Production,Hydro,26900.2096,GWh
Brazil,2018-08-01,Net Electricity Production,Wind,5303.3378,GWh
Brazil,2018-08-01,Net Electricity Production,Solar,404.189,GWh
Brazil,2018-08-01,Net Electricity Production,Geothermal,0.0,GWh
Brazil,2018-08-01,Net Electricity Production,Other Renewables,0.0,GWh
Brazil,2018-08-01,Net Electricity Production,Not Specified,0.0,GWh
Brazil,2018-08-01,Net Electricity Production,"Total Renewables (Hydro, Geo, Solar, Wind, Other)",39024.0776,GWh
Peru,2018-08-01,Net Electricity Production,Electricity,4445.8261,GWh
Peru,2018-08-01,Net Electricity Production,Total Combustible Fuels,2202.027,GWh
Peru,2018-08-01,Net Electricity Production,"Coal, Peat and Manufactured Gases",14.1641,GWh
Peru,2018-08-01,Net Electricity Production,Oil and Petroleum Products,79.716,GWh
Peru,2018-08-01,Net Electricity Production,Natural Gas,2063.5037,GWh
Peru,2018-08-01,Net Electricity Production,Combustible Renewables,44.6432,GWh
Peru,2018-08-01,Net Electricity Production,Hydro,2045.1997,GWh
Peru,2018-08-01,Net Electricity Production,Wind,133.7581,GWh
Peru,2018-08-01,Net Electricity Production,Solar,64.8413,GWh
Peru,2018-08-01,Net Electricity Production,"Total Renewables (Hydro, Geo, Solar, Wind, Other)",2288.4422,GWh
Chile,2018-07-01,Net Electricity Production,Electricity,7121.2265,GWh
Chile,2018-07-01,Net Electricity Production,Nuclear,0.0,GWh
Chile,2018-07-01,Net Electricity Production,Total Combustible Fuels,4538.2056,GWh
Chile,2018-07-01,Net Electricity Production,"Coal, Peat and Manufactured Gases",2916.5155,GWh
Chile,2018-07-01,Net Electricity Production,Oil and Petroleum Products,107.9986,GWh
Chile,2018-07-01,Net Electricity Production,Natural Gas,990.5322,GWh
Chile,2018-07-01,Net Electricity Production,Combustible Renewables,523.1593,GWh
Chile,2018-07-01,Net Electricity Production,Other Combustible Non-Renewables,0.0,GWh
Chile,2018-07-01,Net Electricity Production,Hydro,1902.5399,GWh
Chile,2018-07-01,Net Electricity Production,Wind,358.17,GWh
Chile,2018-07-01,Net Electricity Production,Solar,310.2505,GWh
Chile,2018-07-01,Net Electricity Production,Geothermal,12.0605,GWh
Chile,2018-07-01,Net Electricity Production,Other Renewables,0.0,GWh
Chile,2018-07-01,Net Electricity Production,Not Specified,0.0,GWh
Chile,2018-07-01,Net Electricity Production,"Total Renewables (Hydro, Geo, Solar, Wind, Other)",3106.1802,GWh
Chile,2018-07-01,Total Imports,Electricity,0.0,GWh
Chile,2018-07-01,Total Exports,Electricity,0.0,GWh
Chile,2018-07-01,Used for pumped storage,Electricity,0.0,GWh
Chile,2018-07-01,Distribution Losses,Electricity,308.8378,GWh
Chile,2018-07-01,Final Consumption (Calculated),Electricity,6812.3886,GWh
Colombia,2018-07-01,Net Electricity Production,Electricity,6651.0372,GWh
Colombia,2018-07-01,Net Electricity Production,Nuclear,0.0,GWh
Colombia,2018-07-01,Net Electricity Production,Total Combustible Fuels,1434.13,GWh
Colombia,2018-07-01,Net Electricity Production,"Coal, Peat and Manufactured Gases",194.6212,GWh
Colombia,2018-07-01,Net Electricity Production,Oil and Petroleum Products,188.4891,GWh
Colombia,2018-07-01,Net Electricity Production,Natural Gas,932.7013,GWh
Colombia,2018-07-01,Net Electricity Production,Combustible Renewables,118.3184,GWh
Colombia,2018-07-01,Net Electricity Production,Other Combustible Non-Renewables,0.0,GWh
Colombia,2018-07-01,Net Electricity Production,Hydro,5209.7446,GWh
Colombia,2018-07-01,Net Electricity Production,Wind,5.6915,GWh
Colombia,2018-07-01,Net Electricity Production,Solar,1.4712,GWh
Colombia,2018-07-01,Net Electricity Production,Geothermal,0.0,GWh
Colombia,2018-07-01,Net Electricity Production,Other Renewables,0.0,GWh
Colombia,2018-07-01,Net Electricity Production,Not Specified,0.0,GWh
Colombia,2018-07-01,Net Electricity Production,"Total Renewables (Hydro, Geo, Solar, Wind, Other)",5335.2256,GWh
Colombia,2018-07-01,Total Imports,Electricity,0.0018,GWh
Colombia,2018-07-01,Total Exports,Electricity,0.124,GWh
Colombia,2018-07-01,Used for pumped storage,Electricity,0.0,GWh
Colombia,2018-07-01,Distribution Losses,Electricity,618.6561,GWh
Colombia,2018-07-01,Final Consumption (Calculated),Electricity,6032.2589,GWh
Mexico,2018-07-01,Net Electricity Production,Electricity,32050.2876,GWh
Mexico,2018-07-01,Net Electricity Production,Nuclear,1148.7946,GWh
Mexico,2018-07-01,Net Electricity Production,Total Combustible Fuels,24762.0825,GWh
Mexico,2018-07-01,Net Electricity Production,"Coal, Peat and Manufactured Gases",2190.9465,GWh
Mexico,2018-07-01,Net Electricity Production,Oil and Petroleum Products,4249.111,GWh
Mexico,2018-07-01,Net Electricity Production,Natural Gas,18264.2264,GWh
Mexico,2018-07-01,Net Electricity Production,Combustible Renewables,45.3716,GWh
Mexico,2018-07-01,Net Electricity Production,Other Combustible Non-Renewables,12.4269,GWh
Mexico,2018-07-01,Net Electricity Production,Hydro,3270.6353,GWh
Mexico,2018-07-01,Net Electricity Production,Wind,1336.6748,GWh
Mexico,2018-07-01,Net Electricity Production,Solar,139.5133,GWh
Mexico,2018-07-01,Net Electricity Production,Geothermal,417.6706,GWh
Mexico,2018-07-01,Net Electricity Production,Other Renewables,0.0,GWh
Mexico,2018-07-01,Net Electricity Production,Not Specified,974.9167,GWh
Mexico,2018-07-01,Net Electricity Production,"Total Renewables (Hydro, Geo, Solar, Wind, Other)",5209.8655,GWh
Mexico,2018-07-01,Total Imports,Electricity,344.8584,GWh
Mexico,2018-07-01,Total Exports,Electricity,148.3443,GWh
Mexico,2018-07-01,Used for pumped storage,Electricity,0.0,GWh
Mexico,2018-07-01,Distribution Losses,Electricity,3616.4875,GWh
Mexico,2018-07-01,Final Consumption (Calculated),Electricity,28630.3143,GWh
Argentina,2018-07-01,Net Electricity Production,Electricity,13408.979,GWh
Argentina,2018-07-01,Net Electricity Production,Nuclear,713.1307,GWh
Argentina,2018-07-01,Net Electricity Production,Total Combustible Fuels,9546.4122,GWh
Argentina,2018-07-01,Net Electricity Production,"Coal, Peat and Manufactured Gases",318.1229,GWh
Argentina,2018-07-01,Net Electricity Production,Oil and Petroleum Products,967.8122,GWh
Argentina,2018-07-01,Net Electricity Production,Natural Gas,8109.1321,GWh
Argentina,2018-07-01,Net Electricity Production,Combustible Renewables,151.345,GWh
Argentina,2018-07-01,Net Electricity Production,Other Combustible Non-Renewables,0.0,GWh
Argentina,2018-07-01,Net Electricity Production,Hydro,3055.4521,GWh
Argentina,2018-07-01,Net Electricity Production,Wind,90.8067,GWh
Argentina,2018-07-01,Net Electricity Production,Solar,3.1772,GWh
Argentina,2018-07-01,Net Electricity Production,Geothermal,0.0,GWh
Argentina,2018-07-01,Net Electricity Production,Other Renewables,0.0,GWh
Argentina,2018-07-01,Net Electricity Production,Not Specified,0.0,GWh
Argentina,2018-07-01,Net Electricity Production,"Total Renewables (Hydro, Geo, Solar, Wind, Other)",3300.781,GWh
Brazil,2018-07-01,Net Electricity Production,Electricity,50892.1859,GWh
Brazil,2018-07-01,Net Electricity Production,Nuclear,1409.3225,GWh
Brazil,2018-07-01,Net Electricity Production,Total Combustible Fuels,16929.5121,GWh
Brazil,2018-07-01,Net Electricity Production,"Coal, Peat and Manufactured Gases",2331.382,GWh
Brazil,2018-07-01,Net Electricity Production,Oil and Petroleum Products,887.1324,GWh
Brazil,2018-07-01,Net Electricity Production,Natural Gas,6665.7152,GWh
Brazil,2018-07-01,Net Electricity Production,Combustible Renewables,6856.4513,GWh
Brazil,2018-07-01,Net Electricity Production,Other Combustible Non-Renewables,188.8313,GWh
Brazil,2018-07-01,Net Electricity Production,Hydro,27225.8857,GWh
Brazil,2018-07-01,Net Electricity Production,Wind,4981.4885,GWh
Brazil,2018-07-01,Net Electricity Production,Solar,345.977,GWh
Brazil,2018-07-01,Net Electricity Production,Geothermal,0.0,GWh
Brazil,2018-07-01,Net Electricity Production,Other Renewables,0.0,GWh
Brazil,2018-07-01,Net Electricity Production,Not Specified,0.0,GWh
Brazil,2018-07-01,Net Electricity Production,"Total Renewables (Hydro, Geo, Solar, Wind, Other)",39409.8026,GWh
Peru,2018-07-01,Net Electricity Production,Electricity,4422.946,GWh
Peru,2018-07-01,Net Electricity Production,Total Combustible Fuels,2174.1732,GWh
Peru,2018-07-01,Net Electricity Production,"Coal, Peat and Manufactured Gases",13.5177,GWh
Peru,2018-07-01,Net Electricity Production,Oil and Petroleum Products,76.0777,GWh
Peru,2018-07-01,Net Electricity Production,Natural Gas,2041.9722,GWh
Peru,2018-07-01,Net Electricity Production,Combustible Renewables,42.6056,GWh
Peru,2018-07-01,Net Electricity Production,Hydro,2069.844,GWh
Peru,2018-07-01,Net Electricity Production,Wind,129.7232,GWh
Peru,2018-07-01,Net Electricity Production,Solar,49.2055,GWh
Peru,2018-07-01,Net Electricity Production,"Total Renewables (Hydro, Geo, Solar, Wind, Other)",2291.3784,GWh
Chile,2018-06-01,Net Electricity Production,Electricity,7069.5034,GWh
Chile,2018-06-01,Net Electricity Production,Nuclear,0.0,GWh
Chile,2018-06-01,Net Electricity Production,Total Combustible Fuels,4957.0611,GWh
Chile,2018-06-01,Net Electricity Production,"Coal, Peat and Manufactured Gases",2749.7114,GWh
Chile,2018-06-01,Net Electricity Production,Oil and Petroleum Products,144.6556,GWh
Chile,2018-06-01,Net Electricity Production,Natural Gas,1535.5354,GWh
Chile,2018-06-01,Net Electricity Production,Combustible Renewables,527.1587,GWh
Chile,2018-06-01,Net Electricity Production,Other Combustible Non-Renewables,0.0,GWh
Chile,2018-06-01,Net Electricity Production,Hydro,1450.0235,GWh
Chile,2018-06-01,Net Electricity Production,Wind,351.6797,GWh
Chile,2018-06-01,Net Electricity Production,Solar,294.2758,GWh
Chile,2018-06-01,Net Electricity Production,Geothermal,16.4633,GWh
Chile,2018-06-01,Net Electricity Production,Other Renewables,0.0,GWh
Chile,2018-06-01,Net Electricity Production,Not Specified,0.0,GWh
Chile,2018-06-01,Net Electricity Production,"Total Renewables (Hydro, Geo, Solar, Wind, Other)",2639.601,GWh
Chile,2018-06-01,Total Imports,Electricity,0.0,GWh
Chile,2018-06-01,Total Exports,Electricity,0.0,GWh
Chile,2018-06-01,Used for pumped storage,Electricity,0.0,GWh
Chile,2018-06-01,Distribution Losses,Electricity,303.7241,GWh
Chile,2018-06-01,Final Consumption (Calculated),Electricity,6765.7793,GWh
Colombia,2018-06-01,Net Electricity Production,Electricity,6422.0116,GWh
Colombia,2018-06-01,Net Electricity Production,Nuclear,0.0,GWh
Colombia,2018-06-01,Net Electricity Production,Total Combustible Fuels,1452.7063,GWh
Colombia,2018-06-01,Net Electricity Production,"Coal, Peat and Manufactured Gases",186.5123,GWh
Colombia,2018-06-01,Net Electricity Production,Oil and Petroleum Products,191.9733,GWh
Colombia,2018-06-01,Net Electricity Production,Natural Gas,955.9654,GWh
Colombia,2018-06-01,Net Electricity Production,Combustible Renewables,118.2554,GWh
Colombia,2018-06-01,Net Electricity Production,Other Combustible Non-Renewables,0.0,GWh
Colombia,2018-06-01,Net Electricity Production,Hydro,4963.8795,GWh
Colombia,2018-06-01,Net Electricity Production,Wind,3.7201,GWh
Colombia,2018-06-01,Net Electricity Production,Solar,1.7057,GWh
Colombia,2018-06-01,Net Electricity Production,Geothermal,0.0,GWh
Colombia,2018-06-01,Net Electricity Production,Other Renewables,0.0,GWh
Colombia,2018-06-01,Net Electricity Production,Not Specified,0.0,GWh
Colombia,2018-06-01,Net Electricity Production,"Total Renewables (Hydro, Geo, Solar, Wind, Other)",5087.5607,GWh
Colombia,2018-06-01,Total Imports,Electricity,0.0017,GWh
Colombia,2018-06-01,Total Exports,Electricity,0.0814,GWh
Colombia,2018-06-01,Used for pumped storage,Electricity,0.0,GWh
Colombia,2018-06-01,Distribution Losses,Electricity,594.7396,GWh
Colombia,2018-06-01,Final Consumption (Calculated),Electricity,5827.1924,GWh
Mexico,2018-06-01,Net Electricity Production,Electricity,30922.7231,GWh
Mexico,2018-06-01,Net Electricity Production,Nuclear,938.2702,GWh
Mexico,2018-06-01,Net Electricity Production,Total Combustible Fuels,23865.7102,GWh
Mexico,2018-06-01,Net Electricity Production,"Coal, Peat and Manufactured Gases",2459.0756,GWh
Mexico,2018-06-01,Net Electricity Production,Oil and Petroleum Products,4019.8781,GWh
Mexico,2018-06-01,Net Electricity Production,Natural Gas,17278.8998,GWh
Mexico,2018-06-01,Net Electricity Production,Combustible Renewables,96.1001,GWh
Mexico,2018-06-01,Net Electricity Production,Other Combustible Non-Renewables,11.7565,GWh
Mexico,2018-06-01,Net Electricity Production,Hydro,4051.2545,GWh
Mexico,2018-06-01,Net Electricity Production,Wind,584.1909,GWh
Mexico,2018-06-01,Net Electricity Production,Solar,102.318,GWh
Mexico,2018-06-01,Net Electricity Production,Geothermal,406.0627,GWh
Mexico,2018-06-01,Net Electricity Production,Other Renewables,0.0,GWh
Mexico,2018-06-01,Net Electricity Production,Not Specified,974.9167,GWh
Mexico,2018-06-01,Net Electricity Production,"Total Renewables (Hydro, Geo, Solar, Wind, Other)",5239.9262,GWh
Mexico,2018-06-01,Total Imports,Electricity,312.9375,GWh
Mexico,2018-06-01,Total Exports,Electricity,153.4092,GWh
Mexico,2018-06-01,Used for pumped storage,Electricity,0.0,GWh
Mexico,2018-06-01,Distribution Losses,Electricity,3475.2616,GWh
Mexico,2018-06-01,Final Consumption (Calculated),Electricity,27606.9898,GWh
Argentina,2018-06-01,Net Electricity Production,Electricity,12715.4039,GWh
Argentina,2018-06-01,Net Electricity Production,Nuclear,748.468,GWh
Argentina,2018-06-01,Net Electricity Production,Total Combustible Fuels,9203.4415,GWh
Argentina,2018-06-01,Net Electricity Production,"Coal, Peat and Manufactured Gases",303.2648,GWh
Argentina,2018-06-01,Net Electricity Production,Oil and Petroleum Products,1132.9512,GWh
Argentina,2018-06-01,Net Electricity Production,Natural Gas,7620.2954,GWh
Argentina,2018-06-01,Net Electricity Production,Combustible Renewables,146.93,GWh
Argentina,2018-06-01,Net Electricity Production,Other Combustible Non-Renewables,0.0,GWh
Argentina,2018-06-01,Net Electricity Production,Hydro,2672.0406,GWh
Argentina,2018-06-01,Net Electricity Production,Wind,90.1838,GWh
Argentina,2018-06-01,Net Electricity Production,Solar,1.27,GWh
Argentina,2018-06-01,Net Electricity Production,Geothermal,0.0,GWh
Argentina,2018-06-01,Net Electricity Production,Other Renewables,0.0,GWh
Argentina,2018-06-01,Net Electricity Production,Not Specified,0.0,GWh
Argentina,2018-06-01,Net Electricity Production,"Total Renewables (Hydro, Geo, Solar, Wind, Other)",2910.4244,GWh
Brazil,2018-06-01,Net Electricity Production,Electricity,48414.0857,GWh
Brazil,2018-06-01,Net Electricity Production,Nuclear,1360.2314,GWh
Brazil,2018-06-01,Net Electricity Production,Total Combustible Fuels,14933.9073,GWh
Brazil,2018-06-01,Net Electricity Production,"Coal, Peat and Manufactured Gases",1833.2673,GWh
Brazil,2018-06-01,Net Electricity Production,Oil and Petroleum Products,725.2986,GWh
Brazil,2018-06-01,Net Electricity Production,Natural Gas,5987.5511,GWh
Brazil,2018-06-01,Net Electricity Production,Combustible Renewables,6198.959,GWh
Brazil,2018-06-01,Net Electricity Production,Other Combustible Non-Renewables,188.8313,GWh
Brazil,2018-06-01,Net Electricity Production,Hydro,27560.4336,GWh
Brazil,2018-06-01,Net Electricity Production,Wind,4293.7151,GWh
Brazil,2018-06-01,Net Electricity Production,Solar,265.7982,GWh
Brazil,2018-06-01,Net Electricity Production,Geothermal,0.0,GWh
Brazil,2018-06-01,Net Electricity Production,Other Renewables,0.0,GWh
Brazil,2018-06-01,Net Electricity Production,Not Specified,0.0,GWh
Brazil,2018-06-01,Net Electricity Production,"Total Renewables (Hydro, Geo, Solar, Wind, Other)",38318.9059,GWh
Peru,2018-06-01,Net Electricity Production,Electricity,4348.7995,GWh
Peru,2018-06-01,Net Electricity Production,Total Combustible Fuels,1984.4401,GWh
Peru,2018-06-01,Net Electricity Production,"Coal, Peat and Manufactured Gases",10.4686,GWh
Peru,2018-06-01,Net Electricity Production,Oil and Petroleum Products,58.9175,GWh
Peru,2018-06-01,Net Electricity Production,Natural Gas,1882.0586,GWh
Peru,2018-06-01,Net Electricity Production,Combustible Renewables,32.9954,GWh
Peru,2018-06-01,Net Electricity Production,Hydro,2189.8103,GWh
Peru,2018-06-01,Net Electricity Production,Wind,127.9953,GWh
Peru,2018-06-01,Net Electricity Production,Solar,46.5539,GWh
Peru,2018-06-01,Net Electricity Production,"Total Renewables (Hydro, Geo, Solar, Wind, Other)",2397.3548,GWh
Chile,2018-05-01,Net Electricity Production,Electricity,7068.5781,GWh
Chile,2018-05-01,Net Electricity Production,Nuclear,0.0,GWh
Chile,2018-05-01,Net Electricity Production,Total Combustible Fuels,5121.2596,GWh
Chile,2018-05-01,Net Electricity Production,"Coal, Peat and Manufactured Gases",2964.7838,GWh
Chile,2018-05-01,Net Electricity Production,Oil and Petroleum Products,88.4718,GWh
Chile,2018-05-01,Net Electricity Production,Natural Gas,1438.2983,GWh
Chile,2018-05-01,Net Electricity Production,Combustible Renewables,629.7057,GWh
Chile,2018-05-01,Net Electricity Production,Other Combustible Non-Renewables,0.0,GWh
Chile,2018-05-01,Net Electricity Production,Hydro,1341.3605,GWh
Chile,2018-05-01,Net Electricity Production,Wind,253.9819,GWh
Chile,2018-05-01,Net Electricity Production,Solar,332.1672,GWh
Chile,2018-05-01,Net Electricity Production,Geothermal,19.8089,GWh
Chile,2018-05-01,Net Electricity Production,Other Renewables,0.0,GWh
Chile,2018-05-01,Net Electricity Production,Not Specified,0.0,GWh
Chile,2018-05-01,Net Electricity Production,"Total Renewables (Hydro, Geo, Solar, Wind, Other)",2577.0241,GWh
Chile,2018-05-01,Total Imports,Electricity,0.0,GWh
Chile,2018-05-01,Total Exports,Electricity,0.0,GWh
Chile,2018-05-01,Used for pumped storage,Electricity,0.0,GWh
Chile,2018-05-01,Distribution Losses,Electricity,307.1446,GWh
Chile,2018-05-01,Final Consumption (Calculated),Electricity,6761.4334,GWh
Colombia,2018-05-01,Net Electricity Production,Electricity,6549.9211,GWh
Colombia,2018-05-01,Net Electricity Production,Nuclear,0.0,GWh
Colombia,2018-05-01,Net Electricity Production,Total Combustible Fuels,1499.2011,GWh
Colombia,2018-05-01,Net Electricity Production,"Coal, Peat and Manufactured Gases",272.0187,GWh
Colombia,2018-05-01,Net Electricity Production,Oil and Petroleum Products,191.7609,GWh
Colombia,2018-05-01,Net Electricity Production,Natural Gas,917.266,GWh
Colombia,2018-05-01,Net Electricity Production,Combustible Renewables,118.1555,GWh
Colombia,2018-05-01,Net Electricity Production,Other Combustible Non-Renewables,0.0,GWh
Colombia,2018-05-01,Net Electricity Production,Hydro,5046.0738,GWh
Colombia,2018-05-01,Net Electricity Production,Wind,2.8794,GWh
Colombia,2018-05-01,Net Electricity Production,Solar,1.7668,GWh
Colombia,2018-05-01,Net Electricity Production,Geothermal,0.0,GWh
Colombia,2018-05-01,Net Electricity Production,Other Renewables,0.0,GWh
Colombia,2018-05-01,Net Electricity Production,Not Specified,0.0,GWh
Colombia,2018-05-01,Net Electricity Production,"Total Renewables (Hydro, Geo, Solar, Wind, Other)",5168.8755,GWh
Colombia,2018-05-01,Total Imports,Electricity,3.3031,GWh
Colombia,2018-05-01,Total Exports,Electricity,0.0559,GWh
Colombia,2018-05-01,Used for pumped storage,Electricity,0.0,GWh
Colombia,2018-05-01,Distribution Losses,Electricity,605.1821,GWh
Colombia,2018-05-01,Final Consumption (Calculated),Electricity,5947.9862,GWh
Mexico,2018-05-01,Net Electricity Production,Electricity,30839.5206,GWh
Mexico,2018-05-01,Net Electricity Production,Nuclear,1155.695,GWh
Mexico,2018-05-01,Net Electricity Production,Total Combustible Fuels,23375.1644,GWh
Mexico,2018-05-01,Net Electricity Production,"Coal, Peat and Manufactured Gases",2480.603,GWh
Mexico,2018-05-01,Net Electricity Production,Oil and Petroleum Products,3897.0494,GWh
Mexico,2018-05-01,Net Electricity Production,Natural Gas,16750.9373,GWh
Mexico,2018-05-01,Net Electricity Production,Combustible Renewables,235.1774,GWh
Mexico,2018-05-01,Net Electricity Production,Other Combustible Non-Renewables,11.3973,GWh
Mexico,2018-05-01,Net Electricity Production,Hydro,4057.1559,GWh
Mexico,2018-05-01,Net Electricity Production,Wind,752.1856,GWh
Mexico,2018-05-01,Net Electricity Production,Solar,107.482,GWh
Mexico,2018-05-01,Net Electricity Production,Geothermal,416.921,GWh
Mexico,2018-05-01,Net Electricity Production,Other Renewables,0.0,GWh
Mexico,2018-05-01,Net Electricity Production,Not Specified,974.9167,GWh
Mexico,2018-05-01,Net Electricity Production,"Total Renewables (Hydro, Geo, Solar, Wind, Other)",5568.9219,GWh
Mexico,2018-05-01,Total Imports,Electricity,298.9839,GWh
Mexico,2018-05-01,Total Exports,Electricity,190.2493,GWh
Mexico,2018-05-01,Used for pumped storage,Electricity,0.0,GWh
Mexico,2018-05-01,Distribution Losses,Electricity,3452.0965,GWh
Mexico,2018-05-01,Final Consumption (Calculated),Electricity,27496.1587,GWh
Argentina,2018-05-01,Net Electricity Production,Electricity,11077.2941,GWh
Argentina,2018-05-01,Net Electricity Production,Nuclear,759.6601,GWh
Argentina,2018-05-01,Net Electricity Production,Total Combustible Fuels,8011.2388,GWh
Argentina,2018-05-01,Net Electricity Production,"Coal, Peat and Manufactured Gases",137.0785,GWh
Argentina,2018-05-01,Net Electricity Production,Oil and Petroleum Products,366.0921,GWh
Argentina,2018-05-01,Net Electricity Production,Natural Gas,7403.8552,GWh
Argentina,2018-05-01,Net Electricity Production,Combustible Renewables,104.213,GWh
Argentina,2018-05-01,Net Electricity Production,Other Combustible Non-Renewables,0.0,GWh
Argentina,2018-05-01,Net Electricity Production,Hydro,2242.8179,GWh
Argentina,2018-05-01,Net Electricity Production,Wind,62.327,GWh
Argentina,2018-05-01,Net Electricity Production,Solar,1.2501,GWh
Argentina,2018-05-01,Net Electricity Production,Geothermal,0.0,GWh
Argentina,2018-05-01,Net Electricity Production,Other Renewables,0.0,GWh
Argentina,2018-05-01,Net Electricity Production,Not Specified,0.0,GWh
Argentina,2018-05-01,Net Electricity Production,"Total Renewables (Hydro, Geo, Solar, Wind, Other)",2410.6081,GWh
Brazil,2018-05-01,Net Electricity Production,Electricity,48840.3066,GWh
Brazil,2018-05-01,Net Electricity Production,Nuclear,1401.1406,GWh
Brazil,2018-05-01,Net Electricity Production,Total Combustible Fuels,11801.281,GWh
Brazil,2018-05-01,Net Electricity Production,"Coal, Peat and Manufactured Gases",1480.6501,GWh
Brazil,2018-05-01,Net Electricity Production,Oil and Petroleum Products,779.637,GWh
Brazil,2018-05-01,Net Electricity Production,Natural Gas,3789.3142,GWh
Brazil,2018-05-01,Net Electricity Production,Combustible Renewables,5562.8485,GWh
Brazil,2018-05-01,Net Electricity Production,Other Combustible Non-Renewables,188.8313,GWh
Brazil,2018-05-01,Net Electricity Production,Hydro,31714.1636,GWh
Brazil,2018-05-01,Net Electricity Production,Wind,3662.3166,GWh
Brazil,2018-05-01,Net Electricity Production,Solar,261.4048,GWh
Brazil,2018-05-01,Net Electricity Production,Geothermal,0.0,GWh
Brazil,2018-05-01,Net Electricity Production,Other Renewables,0.0,GWh
Brazil,2018-05-01,Net Electricity Production,Not Specified,0.0,GWh
Brazil,2018-05-01,Net Electricity Production,"Total Renewables (Hydro, Geo, Solar, Wind, Other)",41200.7335,GWh
Peru,2018-05-01,Net Electricity Production,Electricity,4491.0363,GWh
Peru,2018-05-01,Net Electricity Production,Total Combustible Fuels,1563.0763,GWh
Peru,2018-05-01,Net Electricity Production,"Coal, Peat and Manufactured Gases",8.0173,GWh
Peru,2018-05-01,Net Electricity Production,Oil and Petroleum Products,45.1217,GWh
Peru,2018-05-01,Net Electricity Production,Natural Gas,1484.6679,GWh
Peru,2018-05-01,Net Electricity Production,Combustible Renewables,25.2694,GWh
Peru,2018-05-01,Net Electricity Production,Hydro,2727.6056,GWh
Peru,2018-05-01,Net Electricity Production,Wind,142.6357,GWh
Peru,2018-05-01,Net Electricity Production,Solar,57.7188,GWh
Peru,2018-05-01,Net Electricity Production,"Total Renewables (Hydro, Geo, Solar, Wind, Other)",2953.2294,GWh
Chile,2018-04-01,Net Electricity Production,Electricity,6609.0477,GWh
Chile,2018-04-01,Net Electricity Production,Nuclear,0.0,GWh
Chile,2018-04-01,Net Electricity Production,Total Combustible Fuels,4584.9436,GWh
Chile,2018-04-01,Net Electricity Production,"Coal, Peat and Manufactured Gases",2731.2235,GWh
Chile,2018-04-01,Net Electricity Production,Oil and Petroleum Products,38.0222,GWh
Chile,2018-04-01,Net Electricity Production,Natural Gas,1230.1003,GWh
Chile,2018-04-01,Net Electricity Production,Combustible Renewables,585.5976,GWh
Chile,2018-04-01,Net Electricity Production,Other Combustible Non-Renewables,0.0,GWh
Chile,2018-04-01,Net Electricity Production,Hydro,1395.5471,GWh
Chile,2018-04-01,Net Electricity Production,Wind,236.1783,GWh
Chile,2018-04-01,Net Electricity Production,Solar,375.5872,GWh
Chile,2018-04-01,Net Electricity Production,Geothermal,16.7916,GWh
Chile,2018-04-01,Net Electricity Production,Other Renewables,0.0,GWh
Chile,2018-04-01,Net Electricity Production,Not Specified,0.0,GWh
Chile,2018-04-01,Net Electricity Production,"Total Renewables (Hydro, Geo, Solar, Wind, Other)",2609.7017,GWh
Chile,2018-04-01,Total Imports,Electricity,0.0,GWh
Chile,2018-04-01,Total Exports,Electricity,0.0,GWh
Chile,2018-04-01,Used for pumped storage,Electricity,0.0,GWh
Chile,2018-04-01,Distribution Losses,Electricity,288.0823,GWh
Chile,2018-04-01,Final Consumption (Calculated),Electricity,6320.9654,GWh
Colombia,2018-04-01,Net Electricity Production,Electricity,6340.4161,GWh
Colombia,2018-04-01,Net Electricity Production,Nuclear,0.0,GWh
Colombia,2018-04-01,Net Electricity Production,Total Combustible Fuels,1430.4092,GWh
Colombia,2018-04-01,Net Electricity Production,"Coal, Peat and Manufactured Gases",248.1967,GWh
Colombia,2018-04-01,Net Electricity Production,Oil and Petroleum Products,189.6139,GWh
Colombia,2018-04-01,Net Electricity Production,Natural Gas,874.3413,GWh
Colombia,2018-04-01,Net Electricity Production,Combustible Renewables,118.2572,GWh
Colombia,2018-04-01,Net Electricity Production,Other Combustible Non-Renewables,0.0,GWh
Colombia,2018-04-01,Net Electricity Production,Hydro,4905.4692,GWh
Colombia,2018-04-01,Net Electricity Production,Wind,2.7123,GWh
Colombia,2018-04-01,Net Electricity Production,Solar,1.8253,GWh
Colombia,2018-04-01,Net Electricity Production,Geothermal,0.0,GWh
Colombia,2018-04-01,Net Electricity Production,Other Renewables,0.0,GWh
Colombia,2018-04-01,Net Electricity Production,Not Specified,0.0,GWh
Colombia,2018-04-01,Net Electricity Production,"Total Renewables (Hydro, Geo, Solar, Wind, Other)",5028.2641,GWh
Colombia,2018-04-01,Total Imports,Electricity,1.7604,GWh
Colombia,2018-04-01,Total Exports,Electricity,0.0412,GWh
Colombia,2018-04-01,Used for pumped storage,Electricity,0.0,GWh
Colombia,2018-04-01,Distribution Losses,Electricity,584.1426,GWh
Colombia,2018-04-01,Final Consumption (Calculated),Electricity,5757.9927,GWh
Mexico,2018-04-01,Net Electricity Production,Electricity,27914.3645,GWh
Mexico,2018-04-01,Net Electricity Production,Nuclear,1069.4293,GWh
Mexico,2018-04-01,Net Electricity Production,Total Combustible Fuels,21762.9038,GWh
Mexico,2018-04-01,Net Electricity Production,"Coal, Peat and Manufactured Gases",2277.3576,GWh
Mexico,2018-04-01,Net Electricity Production,Oil and Petroleum Products,3619.7868,GWh
Mexico,2018-04-01,Net Electricity Production,Natural Gas,15559.162,GWh
Mexico,2018-04-01,Net Electricity Production,Combustible Renewables,296.011,GWh
Mexico,2018-04-01,Net Electricity Production,Other Combustible Non-Renewables,10.5864,GWh
Mexico,2018-04-01,Net Electricity Production,Hydro,2589.5683,GWh
Mexico,2018-04-01,Net Electricity Production,Wind,1026.0115,GWh
Mexico,2018-04-01,Net Electricity Production,Solar,84.1757,GWh
Mexico,2018-04-01,Net Electricity Production,Geothermal,407.3592,GWh
Mexico,2018-04-01,Net Electricity Production,Other Renewables,0.0,GWh
Mexico,2018-04-01,Net Electricity Production,Not Specified,974.9167,GWh
Mexico,2018-04-01,Net Electricity Production,"Total Renewables (Hydro, Geo, Solar, Wind, Other)",4403.1258,GWh
Mexico,2018-04-01,Total Imports,Electricity,291.5,GWh
Mexico,2018-04-01,Total Exports,Electricity,172.5954,GWh
Mexico,2018-04-01,Used for pumped storage,Electricity,0.0,GWh
Mexico,2018-04-01,Distribution Losses,Electricity,3111.4945,GWh
Mexico,2018-04-01,Final Consumption (Calculated),Electricity,24921.7745,GWh
Argentina,2018-04-01,Net Electricity Production,Electricity,11380.0037,GWh
Argentina,2018-04-01,Net Electricity Production,Nuclear,580.6021,GWh
Argentina,2018-04-01,Net Electricity Production,Total Combustible Fuels,8471.0576,GWh
Argentina,2018-04-01,Net Electricity Production,"Coal, Peat and Manufactured Gases",189.0145,GWh
Argentina,2018-04-01,Net Electricity Production,Oil and Petroleum Products,736.8802,GWh
Argentina,2018-04-01,Net Electricity Production,Natural Gas,7488.1914,GWh
Argentina,2018-04-01,Net Electricity Production,Combustible Renewables,56.9715,GWh
Argentina,2018-04-01,Net Electricity Production,Other Combustible Non-Renewables,0.0,GWh
Argentina,2018-04-01,Net Electricity Production,Hydro,2267.9021,GWh
Argentina,2018-04-01,Net Electricity Production,Wind,58.7371,GWh
Argentina,2018-04-01,Net Electricity Production,Solar,1.7048,GWh
Argentina,2018-04-01,Net Electricity Production,Geothermal,0.0,GWh
Argentina,2018-04-01,Net Electricity Production,Other Renewables,0.0,GWh
Argentina,2018-04-01,Net Electricity Production,Not Specified,0.0,GWh
Argentina,2018-04-01,Net Electricity Production,"Total Renewables (Hydro, Geo, Solar, Wind, Other)",2385.3155,GWh
Brazil,2018-04-01,Net Electricity Production,Electricity,48656.9158,GWh
Brazil,2018-04-01,Net Electricity Production,Nuclear,1334.6631,GWh
Brazil,2018-04-01,Net Electricity Production,Total Combustible Fuels,9887.7347,GWh
Brazil,2018-04-01,Net Electricity Production,"Coal, Peat and Manufactured Gases",1333.441,GWh
Brazil,2018-04-01,Net Electricity Production,Oil and Petroleum Products,976.9087,GWh
Brazil,2018-04-01,Net Electricity Production,Natural Gas,3021.3079,GWh
Brazil,2018-04-01,Net Electricity Production,Combustible Renewables,4367.2459,GWh
Brazil,2018-04-01,Net Electricity Production,Other Combustible Non-Renewables,188.8313,GWh
Brazil,2018-04-01,Net Electricity Production,Hydro,34585.8062,GWh
Brazil,2018-04-01,Net Electricity Production,Wind,2645.5189,GWh
Brazil,2018-04-01,Net Electricity Production,Solar,203.1928,GWh
Brazil,2018-04-01,Net Electricity Production,Geothermal,0.0,GWh
Brazil,2018-04-01,Net Electricity Production,Other Renewables,0.0,GWh
Brazil,2018-04-01,Net Electricity Production,Not Specified,0.0,GWh
Brazil,2018-04-01,Net Electricity Production,"Total Renewables (Hydro, Geo, Solar, Wind, Other)",41801.7638,GWh
Peru,2018-04-01,Net Electricity Production,Electricity,4392.3666,GWh
Peru,2018-04-01,Net Electricity Production,Total Combustible Fuels,1098.894,GWh
Peru,2018-04-01,Net Electricity Production,"Coal, Peat and Manufactured Gases",7.5706,GWh
Peru,2018-04-01,Net Electricity Production,Oil and Petroleum Products,42.6073,GWh
Peru,2018-04-01,Net Electricity Production,Natural Gas,1024.8549,GWh
Peru,2018-04-01,Net Electricity Production,Combustible Renewables,23.8612,GWh
Peru,2018-04-01,Net Electricity Production,Hydro,3121.0121,GWh
Peru,2018-04-01,Net Electricity Production,Wind,114.4763,GWh
Peru,2018-04-01,Net Electricity Production,Solar,57.9843,GWh
Peru,2018-04-01,Net Electricity Production,"Total Renewables (Hydro, Geo, Solar, Wind, Other)",3317.3339,GWh
Chile,2018-03-01,Net Electricity Production,Electricity,6090.683,GWh
Chile,2018-03-01,Net Electricity Production,Nuclear,0.0,GWh
Chile,2018-03-01,Net Electricity Production,Total Combustible Fuels,3270.3253,GWh
Chile,2018-03-01,Net Electricity Production,"Coal, Peat and Manufactured Gases",1368.9021,GWh
Chile,2018-03-01,Net Electricity Production,Oil and Petroleum Products,127.5679,GWh
Chile,2018-03-01,Net Electricity Production,Natural Gas,1510.6904,GWh
Chile,2018-03-01,Net Electricity Production,Combustible Renewables,263.1649,GWh
Chile,2018-03-01,Net Electricity Production,Other Combustible Non-Renewables,0.0,GWh
Chile,2018-03-01,Net Electricity Production,Hydro,2152.904,GWh
Chile,2018-03-01,Net Electricity Production,Wind,191.9781,GWh
Chile,2018-03-01,Net Electricity Production,Solar,469.4259,GWh
Chile,2018-03-01,Net Electricity Production,Geothermal,6.0496,GWh
Chile,2018-03-01,Net Electricity Production,Other Renewables,0.0,GWh
Chile,2018-03-01,Net Electricity Production,Not Specified,0.0,GWh
Chile,2018-03-01,Net Electricity Production,"Total Renewables (Hydro, Geo, Solar, Wind, Other)",3083.5226,GWh
Chile,2018-03-01,Total Imports,Electricity,0.0,GWh
Chile,2018-03-01,Total Exports,Electricity,0.0,GWh
Chile,2018-03-01,Used for pumped storage,Electricity,0.0,GWh
Chile,2018-03-01,Distribution Losses,Electricity,264.7742,GWh
Chile,2018-03-01,Final Consumption (Calculated),Electricity,5825.9088,GWh
Colombia,2018-03-01,Net Electricity Production,Electricity,6463.2472,GWh
Colombia,2018-03-01,Net Electricity Production,Nuclear,0.0,GWh
Colombia,2018-03-01,Net Electricity Production,Total Combustible Fuels,1975.8189,GWh
Colombia,2018-03-01,Net Electricity Production,"Coal, Peat and Manufactured Gases",669.3172,GWh
Colombia,2018-03-01,Net Electricity Production,Oil and Petroleum Products,176.3492,GWh
Colombia,2018-03-01,Net Electricity Production,Natural Gas,1011.8556,GWh
Colombia,2018-03-01,Net Electricity Production,Combustible Renewables,118.2969,GWh
Colombia,2018-03-01,Net Electricity Production,Other Combustible Non-Renewables,0.0,GWh
Colombia,2018-03-01,Net Electricity Production,Hydro,4482.1312,GWh
Colombia,2018-03-01,Net Electricity Production,Wind,3.046,GWh
Colombia,2018-03-01,Net Electricity Production,Solar,2.2511,GWh
Colombia,2018-03-01,Net Electricity Production,Geothermal,0.0,GWh
Colombia,2018-03-01,Net Electricity Production,Other Renewables,0.0,GWh
Colombia,2018-03-01,Net Electricity Production,Not Specified,0.0,GWh
Colombia,2018-03-01,Net Electricity Production,"Total Renewables (Hydro, Geo, Solar, Wind, Other)",4605.7252,GWh
Colombia,2018-03-01,Total Imports,Electricity,0.8246,GWh
Colombia,2018-03-01,Total Exports,Electricity,0.0582,GWh
Colombia,2018-03-01,Used for pumped storage,Electricity,0.0,GWh
Colombia,2018-03-01,Distribution Losses,Electricity,604.8452,GWh
Colombia,2018-03-01,Final Consumption (Calculated),Electricity,5859.1684,GWh
Mexico,2018-03-01,Net Electricity Production,Electricity,27513.813,GWh
Mexico,2018-03-01,Net Electricity Production,Nuclear,1123.2003,GWh
Mexico,2018-03-01,Net Electricity Production,Total Combustible Fuels,21508.4722,GWh
Mexico,2018-03-01,Net Electricity Production,"Coal, Peat and Manufactured Gases",2506.9885,GWh
Mexico,2018-03-01,Net Electricity Production,Oil and Petroleum Products,3521.3954,GWh
Mexico,2018-03-01,Net Electricity Production,Natural Gas,15136.2395,GWh
Mexico,2018-03-01,Net Electricity Production,Combustible Renewables,333.5501,GWh
Mexico,2018-03-01,Net Electricity Production,Other Combustible Non-Renewables,10.2987,GWh
Mexico,2018-03-01,Net Electricity Production,Hydro,2359.4915,GWh
Mexico,2018-03-01,Net Electricity Production,Wind,1042.2133,GWh
Mexico,2018-03-01,Net Electricity Production,Solar,67.7422,GWh
Mexico,2018-03-01,Net Electricity Production,Geothermal,437.7767,GWh
Mexico,2018-03-01,Net Electricity Production,Other Renewables,0.0,GWh
Mexico,2018-03-01,Net Electricity Production,Not Specified,974.9167,GWh
Mexico,2018-03-01,Net Electricity Production,"Total Renewables (Hydro, Geo, Solar, Wind, Other)",4240.7739,GWh
Mexico,2018-03-01,Total Imports,Electricity,220.0397,GWh
Mexico,2018-03-01,Total Exports,Electricity,180.0564,GWh
Mexico,2018-03-01,Used for pumped storage,Electricity,0.0,GWh
Mexico,2018-03-01,Distribution Losses,Electricity,3038.8314,GWh
Mexico,2018-03-01,Final Consumption (Calculated),Electricity,24514.9649,GWh
Argentina,2018-03-01,Net Electricity Production,Electricity,11686.5512,GWh
Argentina,2018-03-01,Net Electricity Production,Nuclear,509.8864,GWh
Argentina,2018-03-01,Net Electricity Production,Total Combustible Fuels,8764.4664,GWh
Argentina,2018-03-01,Net Electricity Production,"Coal, Peat and Manufactured Gases",288.844,GWh
Argentina,2018-03-01,Net Electricity Production,Oil and Petroleum Products,527.9277,GWh
Argentina,2018-03-01,Net Electricity Production,Natural Gas,7893.8952,GWh
Argentina,2018-03-01,Net Electricity Production,Combustible Renewables,53.7996,GWh
Argentina,2018-03-01,Net Electricity Production,Other Combustible Non-Renewables,0.0,GWh
Argentina,2018-03-01,Net Electricity Production,Hydro,2360.3319,GWh
Argentina,2018-03-01,Net Electricity Production,Wind,49.8618,GWh
Argentina,2018-03-01,Net Electricity Production,Solar,2.0048,GWh
Argentina,2018-03-01,Net Electricity Production,Geothermal,0.0,GWh
Argentina,2018-03-01,Net Electricity Production,Other Renewables,0.0,GWh
Argentina,2018-03-01,Net Electricity Production,Not Specified,0.0,GWh
Argentina,2018-03-01,Net Electricity Production,"Total Renewables (Hydro, Geo, Solar, Wind, Other)",2465.998,GWh
Brazil,2018-03-01,Net Electricity Production,Electricity,51294.2732,GWh
Brazil,2018-03-01,Net Electricity Production,Nuclear,802.8433,GWh
Brazil,2018-03-01,Net Electricity Production,Total Combustible Fuels,9194.0426,GWh
Brazil,2018-03-01,Net Electricity Production,"Coal, Peat and Manufactured Gases",1925.701,GWh
Brazil,2018-03-01,Net Electricity Production,Oil and Petroleum Products,1172.8339,GWh
Brazil,2018-03-01,Net Electricity Production,Natural Gas,4189.4455,GWh
Brazil,2018-03-01,Net Electricity Production,Combustible Renewables,1717.231,GWh
Brazil,2018-03-01,Net Electricity Production,Other Combustible Non-Renewables,188.8313,GWh
Brazil,2018-03-01,Net Electricity Production,Hydro,38817.6746,GWh
Brazil,2018-03-01,Net Electricity Production,Wind,2276.5198,GWh
Brazil,2018-03-01,Net Electricity Production,Solar,203.1928,GWh
Brazil,2018-03-01,Net Electricity Production,Geothermal,0.0,GWh
Brazil,2018-03-01,Net Electricity Production,Other Renewables,0.0,GWh
Brazil,2018-03-01,Net Electricity Production,Not Specified,0.0,GWh
Brazil,2018-03-01,Net Electricity Production,"Total Renewables (Hydro, Geo, Solar, Wind, Other)",43014.6182,GWh
Peru,2018-03-01,Net Electricity Production,Electricity,4513.3376,GWh
Peru,2018-03-01,Net Electricity Production,Total Combustible Fuels,1361.7594,GWh
Peru,2018-03-01,Net Electricity Production,"Coal, Peat and Manufactured Gases",7.3729,GWh
Peru,2018-03-01,Net Electricity Production,Oil and Petroleum Products,41.4948,GWh
Peru,2018-03-01,Net Electricity Production,Natural Gas,1289.6534,GWh
Peru,2018-03-01,Net Electricity Production,Combustible Renewables,23.2382,GWh
Peru,2018-03-01,Net Electricity Production,Hydro,2968.3349,GWh
Peru,2018-03-01,Net Electricity Production,Wind,121.2757,GWh
Peru,2018-03-01,Net Electricity Production,Solar,61.9676,GWh
Peru,2018-03-01,Net Electricity Production,"Total Renewables (Hydro, Geo, Solar, Wind, Other)",3174.8164,GWh
Chile,2018-02-01,Net Electricity Production,Electricity,6000.2496,GWh
Chile,2018-02-01,Net Electricity Production,Nuclear,0.0,GWh
Chile,2018-02-01,Net Electricity Production,Total Combustible Fuels,3089.4305,GWh
Chile,2018-02-01,Net Electricity Production,"Coal, Peat and Manufactured Gases",1753.1276,GWh
Chile,2018-02-01,Net Electricity Production,Oil and Petroleum Products,54.9158,GWh
Chile,2018-02-01,Net Electricity Production,Natural Gas,1014.2791,GWh
Chile,2018-02-01,Net Electricity Production,Combustible Renewables,267.1081,GWh
Chile,2018-02-01,Net Electricity Production,Other Combustible Non-Renewables,0.0,GWh
Chile,2018-02-01,Net Electricity Production,Hydro,2341.2749,GWh
Chile,2018-02-01,Net Electricity Production,Wind,133.4648,GWh
Chile,2018-02-01,Net Electricity Production,Solar,418.3261,GWh
Chile,2018-02-01,Net Electricity Production,Geothermal,17.7532,GWh
Chile,2018-02-01,Net Electricity Production,Other Renewables,0.0,GWh
Chile,2018-02-01,Net Electricity Production,Not Specified,0.0,GWh
Chile,2018-02-01,Net Electricity Production,"Total Renewables (Hydro, Geo, Solar, Wind, Other)",3177.9271,GWh
Chile,2018-02-01,Total Imports,Electricity,0.0,GWh
Chile,2018-02-01,Total Exports,Electricity,0.0,GWh
Chile,2018-02-01,Used for pumped storage,Electricity,0.0,GWh
Chile,2018-02-01,Distribution Losses,Electricity,275.3839,GWh
Chile,2018-02-01,Final Consumption (Calculated),Electricity,5724.8657,GWh
Colombia,2018-02-01,Net Electricity Production,Electricity,5873.2588,GWh
Colombia,2018-02-01,Net Electricity Production,Nuclear,0.0,GWh
Colombia,2018-02-01,Net Electricity Production,Total Combustible Fuels,1977.869,GWh
Colombia,2018-02-01,Net Electricity Production,"Coal, Peat and Manufactured Gases",595.3445,GWh
Colombia,2018-02-01,Net Electricity Production,Oil and Petroleum Products,202.0002,GWh
Colombia,2018-02-01,Net Electricity Production,Natural Gas,1062.2366,GWh
Colombia,2018-02-01,Net Electricity Production,Combustible Renewables,118.2877,GWh
Colombia,2018-02-01,Net Electricity Production,Other Combustible Non-Renewables,0.0,GWh
Colombia,2018-02-01,Net Electricity Production,Hydro,3891.0167,GWh
Colombia,2018-02-01,Net Electricity Production,Wind,2.3321,GWh
Colombia,2018-02-01,Net Electricity Production,Solar,2.0409,GWh
Colombia,2018-02-01,Net Electricity Production,Geothermal,0.0,GWh
Colombia,2018-02-01,Net Electricity Production,Other Renewables,0.0,GWh
Colombia,2018-02-01,Net Electricity Production,Not Specified,0.0,GWh
Colombia,2018-02-01,Net Electricity Production,"Total Renewables (Hydro, Geo, Solar, Wind, Other)",4013.6774,GWh
Colombia,2018-02-01,Total Imports,Electricity,18.9073,GWh
Colombia,2018-02-01,Total Exports,Electricity,0.0424,GWh
Colombia,2018-02-01,Used for pumped storage,Electricity,0.0,GWh
Colombia,2018-02-01,Distribution Losses,Electricity,547.3416,GWh
Colombia,2018-02-01,Final Consumption (Calculated),Electricity,5344.782,GWh
Mexico,2018-02-01,Net Electricity Production,Electricity,24154.7516,GWh
Mexico,2018-02-01,Net Electricity Production,Nuclear,1050.6548,GWh
Mexico,2018-02-01,Net Electricity Production,Total Combustible Fuels,18780.5991,GWh
Mexico,2018-02-01,Net Electricity Production,"Coal, Peat and Manufactured Gases",1864.4143,GWh
Mexico,2018-02-01,Net Electricity Production,Oil and Petroleum Products,3131.3991,GWh
Mexico,2018-02-01,Net Electricity Production,Natural Gas,13459.8934,GWh
Mexico,2018-02-01,Net Electricity Production,Combustible Renewables,315.7343,GWh
Mexico,2018-02-01,Net Electricity Production,Other Combustible Non-Renewables,9.1581,GWh
Mexico,2018-02-01,Net Electricity Production,Hydro,1877.8698,GWh
Mexico,2018-02-01,Net Electricity Production,Wind,1012.7209,GWh
Mexico,2018-02-01,Net Electricity Production,Solar,40.3198,GWh
Mexico,2018-02-01,Net Electricity Production,Geothermal,417.6706,GWh
Mexico,2018-02-01,Net Electricity Production,Other Renewables,0.0,GWh
Mexico,2018-02-01,Net Electricity Production,Not Specified,974.9167,GWh
Mexico,2018-02-01,Net Electricity Production,"Total Renewables (Hydro, Geo, Solar, Wind, Other)",3664.3154,GWh
Mexico,2018-02-01,Total Imports,Electricity,227.412,GWh
Mexico,2018-02-01,Total Exports,Electricity,143.1331,GWh
Mexico,2018-02-01,Used for pumped storage,Electricity,0.0,GWh
Mexico,2018-02-01,Distribution Losses,Electricity,2668.4716,GWh
Mexico,2018-02-01,Final Consumption (Calculated),Electricity,21570.5589,GWh
Argentina,2018-02-01,Net Electricity Production,Electricity,11934.5735,GWh
Argentina,2018-02-01,Net Electricity Production,Nuclear,577.4931,GWh
Argentina,2018-02-01,Net Electricity Production,Total Combustible Fuels,8868.21,GWh
Argentina,2018-02-01,Net Electricity Production,"Coal, Peat and Manufactured Gases",246.1544,GWh
Argentina,2018-02-01,Net Electricity Production,Oil and Petroleum Products,1060.8005,GWh
Argentina,2018-02-01,Net Electricity Production,Natural Gas,7495.6857,GWh
Argentina,2018-02-01,Net Electricity Production,Combustible Renewables,65.5695,GWh
Argentina,2018-02-01,Net Electricity Production,Other Combustible Non-Renewables,0.0,GWh
Argentina,2018-02-01,Net Electricity Production,Hydro,2442.0404,GWh
Argentina,2018-02-01,Net Electricity Production,Wind,45.4189,GWh
Argentina,2018-02-01,Net Electricity Production,Solar,1.411,GWh
Argentina,2018-02-01,Net Electricity Production,Geothermal,0.0,GWh
Argentina,2018-02-01,Net Electricity Production,Other Renewables,0.0,GWh
Argentina,2018-02-01,Net Electricity Production,Not Specified,0.0,GWh
Argentina,2018-02-01,Net Electricity Production,"Total Renewables (Hydro, Geo, Solar, Wind, Other)",2554.4398,GWh
Brazil,2018-02-01,Net Electricity Production,Electricity,44705.105,GWh
Brazil,2018-02-01,Net Electricity Production,Nuclear,769.0932,GWh
Brazil,2018-02-01,Net Electricity Production,Total Combustible Fuels,7467.5413,GWh
Brazil,2018-02-01,Net Electricity Production,"Coal, Peat and Manufactured Gases",1521.7317,GWh
Brazil,2018-02-01,Net Electricity Production,Oil and Petroleum Products,938.6947,GWh
Brazil,2018-02-01,Net Electricity Production,Natural Gas,3770.6792,GWh
Brazil,2018-02-01,Net Electricity Production,Combustible Renewables,1047.6045,GWh
Brazil,2018-02-01,Net Electricity Production,Other Combustible Non-Renewables,188.8313,GWh
Brazil,2018-02-01,Net Electricity Production,Hydro,34186.221,GWh
Brazil,2018-02-01,Net Electricity Production,Wind,2119.6951,GWh
Brazil,2018-02-01,Net Electricity Production,Solar,162.5543,GWh
Brazil,2018-02-01,Net Electricity Production,Geothermal,0.0,GWh
Brazil,2018-02-01,Net Electricity Production,Other Renewables,0.0,GWh
Brazil,2018-02-01,Net Electricity Production,Not Specified,0.0,GWh
Brazil,2018-02-01,Net Electricity Production,"Total Renewables (Hydro, Geo, Solar, Wind, Other)",37516.0749,GWh
Peru,2018-02-01,Net Electricity Production,Electricity,4097.1695,GWh
Peru,2018-02-01,Net Electricity Production,Total Combustible Fuels,1124.719,GWh
Peru,2018-02-01,Net Electricity Production,"Coal, Peat and Manufactured Gases",12.7408,GWh
Peru,2018-02-01,Net Electricity Production,Oil and Petroleum Products,71.7054,GWh
Peru,2018-02-01,Net Electricity Production,Natural Gas,1000.1159,GWh
Peru,2018-02-01,Net Electricity Production,Combustible Renewables,40.157,GWh
Peru,2018-02-01,Net Electricity Production,Hydro,2864.2399,GWh
Peru,2018-02-01,Net Electricity Production,Wind,62.172,GWh
Peru,2018-02-01,Net Electricity Production,Solar,46.0386,GWh
Peru,2018-02-01,Net Electricity Production,"Total Renewables (Hydro, Geo, Solar, Wind, Other)",3012.6075,GWh
Chile,2018-01-01,Net Electricity Production,Electricity,7029.0936,GWh
Chile,2018-01-01,Net Electricity Production,Nuclear,0.0,GWh
Chile,2018-01-01,Net Electricity Production,Total Combustible Fuels,4235.3689,GWh
Chile,2018-01-01,Net Electricity Production,"Coal, Peat and Manufactured Gases",2783.8212,GWh
Chile,2018-01-01,Net Electricity Production,Oil and Petroleum Products,65.9419,GWh
Chile,2018-01-01,Net Electricity Production,Natural Gas,816.824,GWh
Chile,2018-01-01,Net Electricity Production,Combustible Renewables,568.7818,GWh
Chile,2018-01-01,Net Electricity Production,Other Combustible Non-Renewables,0.0,GWh
Chile,2018-01-01,Net Electricity Production,Hydro,2021.6669,GWh
Chile,2018-01-01,Net Electricity Production,Wind,284.4247,GWh
Chile,2018-01-01,Net Electricity Production,Solar,467.9808,GWh
Chile,2018-01-01,Net Electricity Production,Geothermal,19.6522,GWh
Chile,2018-01-01,Net Electricity Production,Other Renewables,0.0,GWh
Chile,2018-01-01,Net Electricity Production,Not Specified,0.0,GWh
Chile,2018-01-01,Net Electricity Production,"Total Renewables (Hydro, Geo, Solar, Wind, Other)",3362.5065,GWh
Chile,2018-01-01,Total Imports,Electricity,0.0,GWh
Chile,2018-01-01,Total Exports,Electricity,0.0,GWh
Chile,2018-01-01,Used for pumped storage,Electricity,0.0,GWh
Chile,2018-01-01,Distribution Losses,Electricity,312.1336,GWh
Chile,2018-01-01,Final Consumption (Calculated),Electricity,6716.96,GWh
Colombia,2018-01-01,Net Electricity Production,Electricity,6256.3566,GWh
Colombia,2018-01-01,Net Electricity Production,Nuclear,0.0,GWh
Colombia,2018-01-01,Net Electricity Production,Total Combustible Fuels,1614.6958,GWh
Colombia,2018-01-01,Net Electricity Production,"Coal, Peat and Manufactured Gases",500.4205,GWh
Colombia,2018-01-01,Net Electricity Production,Oil and Petroleum Products,179.751,GWh
Colombia,2018-01-01,Net Electricity Production,Natural Gas,816.2448,GWh
Colombia,2018-01-01,Net Electricity Production,Combustible Renewables,118.2794,GWh
Colombia,2018-01-01,Net Electricity Production,Other Combustible Non-Renewables,0.0,GWh
Colombia,2018-01-01,Net Electricity Production,Hydro,4638.02,GWh
Colombia,2018-01-01,Net Electricity Production,Wind,1.4998,GWh
Colombia,2018-01-01,Net Electricity Production,Solar,2.141,GWh
Colombia,2018-01-01,Net Electricity Production,Geothermal,0.0,GWh
Colombia,2018-01-01,Net Electricity Production,Other Renewables,0.0,GWh
Colombia,2018-01-01,Net Electricity Production,Not Specified,0.0,GWh
Colombia,2018-01-01,Net Electricity Production,"Total Renewables (Hydro, Geo, Solar, Wind, Other)",4759.9403,GWh
Colombia,2018-01-01,Total Imports,Electricity,85.7089,GWh
Colombia,2018-01-01,Total Exports,Electricity,0.0805,GWh
Colombia,2018-01-01,Used for pumped storage,Electricity,0.0,GWh
Colombia,2018-01-01,Distribution Losses,Electricity,584.3404,GWh
Colombia,2018-01-01,Final Consumption (Calculated),Electricity,5757.6447,GWh
Mexico,2018-01-01,Net Electricity Production,Electricity,25694.0708,GWh
Mexico,2018-01-01,Net Electricity Production,Nuclear,1168.6889,GWh
Mexico,2018-01-01,Net Electricity Production,Total Combustible Fuels,19952.2465,GWh
Mexico,2018-01-01,Net Electricity Production,"Coal, Peat and Manufactured Gases",1859.0749,GWh
Mexico,2018-01-01,Net Electricity Production,Oil and Petroleum Products,3349.1464,GWh
Mexico,2018-01-01,Net Electricity Production,Natural Gas,14395.8508,GWh
Mexico,2018-01-01,Net Electricity Production,Combustible Renewables,338.3795,GWh
Mexico,2018-01-01,Net Electricity Production,Other Combustible Non-Renewables,9.7949,GWh
Mexico,2018-01-01,Net Electricity Production,Hydro,1687.106,GWh
Mexico,2018-01-01,Net Electricity Production,Wind,1400.4121,GWh
Mexico,2018-01-01,Net Electricity Production,Solar,29.3994,GWh
Mexico,2018-01-01,Net Electricity Production,Geothermal,481.3012,GWh
Mexico,2018-01-01,Net Electricity Production,Other Renewables,0.0,GWh
Mexico,2018-01-01,Net Electricity Production,Not Specified,974.9167,GWh
Mexico,2018-01-01,Net Electricity Production,"Total Renewables (Hydro, Geo, Solar, Wind, Other)",3936.5982,GWh
Mexico,2018-01-01,Total Imports,Electricity,324.0866,GWh
Mexico,2018-01-01,Total Exports,Electricity,199.9671,GWh
Mexico,2018-01-01,Used for pumped storage,Electricity,0.0,GWh
Mexico,2018-01-01,Distribution Losses,Electricity,2852.5003,GWh
Mexico,2018-01-01,Final Consumption (Calculated),Electricity,22965.6899,GWh
Argentina,2018-01-01,Net Electricity Production,Electricity,13007.681,GWh
Argentina,2018-01-01,Net Electricity Production,Nuclear,644.6919,GWh
Argentina,2018-01-01,Net Electricity Production,Total Combustible Fuels,9480.1321,GWh
Argentina,2018-01-01,Net Electricity Production,"Coal, Peat and Manufactured Gases",275.3227,GWh
Argentina,2018-01-01,Net Electricity Production,Oil and Petroleum Products,798.9751,GWh
Argentina,2018-01-01,Net Electricity Production,Natural Gas,8344.9223,GWh
Argentina,2018-01-01,Net Electricity Production,Combustible Renewables,60.912,GWh
Argentina,2018-01-01,Net Electricity Production,Other Combustible Non-Renewables,0.0,GWh
Argentina,2018-01-01,Net Electricity Production,Hydro,2825.4957,GWh
Argentina,2018-01-01,Net Electricity Production,Wind,55.7481,GWh
Argentina,2018-01-01,Net Electricity Production,Solar,1.6132,GWh
Argentina,2018-01-01,Net Electricity Production,Geothermal,0.0,GWh
Argentina,2018-01-01,Net Electricity Production,Other Renewables,0.0,GWh
Argentina,2018-01-01,Net Electricity Production,Not Specified,0.0,GWh
Argentina,2018-01-01,Net Electricity Production,"Total Renewables (Hydro, Geo, Solar, Wind, Other)",2943.7691,GWh
Brazil,2018-01-01,Net Electricity Production,Electricity,49525.4419,GWh
Brazil,2018-01-01,Net Electricity Production,Nuclear,1312.1631,GWh
Brazil,2018-01-01,Net Electricity Production,Total Combustible Fuels,8599.3825,GWh
Brazil,2018-01-01,Net Electricity Production,"Coal, Peat and Manufactured Gases",1559.3899,GWh
Brazil,2018-01-01,Net Electricity Production,Oil and Petroleum Products,861.3453,GWh
Brazil,2018-01-01,Net Electricity Production,Natural Gas,4891.0555,GWh
Brazil,2018-01-01,Net Electricity Production,Combustible Renewables,1098.7606,GWh
Brazil,2018-01-01,Net Electricity Production,Other Combustible Non-Renewables,188.8313,GWh
Brazil,2018-01-01,Net Electricity Production,Hydro,36008.2999,GWh
Brazil,2018-01-01,Net Electricity Production,Wind,3426.5671,GWh
Brazil,2018-01-01,Net Electricity Production,Solar,179.0294,GWh
Brazil,2018-01-01,Net Electricity Production,Geothermal,0.0,GWh
Brazil,2018-01-01,Net Electricity Production,Other Renewables,0.0,GWh
Brazil,2018-01-01,Net Electricity Production,Not Specified,0.0,GWh
Brazil,2018-01-01,Net Electricity Production,"Total Renewables (Hydro, Geo, Solar, Wind, Other)",40712.6569,GWh
Peru,2018-01-01,Net Electricity Production,Electricity,4448.2156,GWh
Peru,2018-01-01,Net Electricity Production,Total Combustible Fuels,1256.7531,GWh
Peru,2018-01-01,Net Electricity Production,"Coal, Peat and Manufactured Gases",7.2642,GWh
Peru,2018-01-01,Net Electricity Production,Oil and Petroleum Products,40.883,GWh
Peru,2018-01-01,Net Electricity Production,Natural Gas,1185.7103,GWh
Peru,2018-01-01,Net Electricity Production,Combustible Renewables,22.8956,GWh
Peru,2018-01-01,Net Electricity Production,Hydro,3045.029,GWh
Peru,2018-01-01,Net Electricity Production,Wind,86.9666,GWh
Peru,2018-01-01,Net Electricity Production,Solar,59.4668,GWh
Peru,2018-01-01,Net Electricity Production,"Total Renewables (Hydro, Geo, Solar, Wind, Other)",3214.358,GWh
Chile,2017-12-01,Net Electricity Production,Electricity,6669.066,GWh
Chile,2017-12-01,Net Electricity Production,Total Combustible Fuels,3355.656,GWh
Chile,2017-12-01,Net Electricity Production,"Coal, Peat and Manufactured Gases",2407.33,GWh
Chile,2017-12-01,Net Electricity Production,Oil and Petroleum Products,159.72,GWh
Chile,2017-12-01,Net Electricity Production,Natural Gas,352.985,GWh
Chile,2017-12-01,Net Electricity Production,Combustible Renewables,435.621,GWh
Chile,2017-12-01,Net Electricity Production,Hydro,2569.219,GWh
Chile,2017-12-01,Net Electricity Production,Wind,272.127,GWh
Chile,2017-12-01,Net Electricity Production,Solar,466.723,GWh
Chile,2017-12-01,Net Electricity Production,Geothermal,5.341,GWh
Chile,2017-12-01,Net Electricity Production,"Total Renewables (Hydro, Geo, Solar, Wind, Other)",3749.031,GWh
Chile,2017-12-01,Distribution Losses,Electricity,368.621,GWh
Chile,2017-12-01,Final Consumption (Calculated),Electricity,6300.445,GWh
Colombia,2017-12-01,Net Electricity Production,Electricity,6565.892,GWh
Colombia,2017-12-01,Net Electricity Production,Total Combustible Fuels,1422.821,GWh
Colombia,2017-12-01,Net Electricity Production,"Coal, Peat and Manufactured Gases",269.91,GWh
Colombia,2017-12-01,Net Electricity Production,Oil and Petroleum Products,170.874,GWh
Colombia,2017-12-01,Net Electricity Production,Natural Gas,867.064,GWh
Colombia,2017-12-01,Net Electricity Production,Combustible Renewables,114.973,GWh
Colombia,2017-12-01,Net Electricity Production,Hydro,5140.818,GWh
Colombia,2017-12-01,Net Electricity Production,Wind,0.855,GWh
Colombia,2017-12-01,Net Electricity Production,Solar,1.398,GWh
Colombia,2017-12-01,Net Electricity Production,"Total Renewables (Hydro, Geo, Solar, Wind, Other)",5258.044,GWh
Colombia,2017-12-01,Total Imports,Electricity,6.681,GWh
Colombia,2017-12-01,Total Exports,Electricity,8.673,GWh
Colombia,2017-12-01,Distribution Losses,Electricity,472.643,GWh
Colombia,2017-12-01,Final Consumption (Calculated),Electricity,6091.257,GWh
Mexico,2017-12-01,Net Electricity Production,Electricity,22794.989,GWh
Mexico,2017-12-01,Net Electricity Production,Nuclear,1149.138,GWh
Mexico,2017-12-01,Net Electricity Production,Total Combustible Fuels,18384.604,GWh
Mexico,2017-12-01,Net Electricity Production,"Coal, Peat and Manufactured Gases",1769.578,GWh
Mexico,2017-12-01,Net Electricity Production,Oil and Petroleum Products,1661.763,GWh
Mexico,2017-12-01,Net Electricity Production,Natural Gas,14650.117,GWh
Mexico,2017-12-01,Net Electricity Production,Combustible Renewables,293.429,GWh
Mexico,2017-12-01,Net Electricity Production,Other Combustible Non-Renewables,9.717,GWh
Mexico,2017-12-01,Net Electricity Production,Hydro,1442.6,GWh
Mexico,2017-12-01,Net Electricity Production,Wind,1271.636,GWh
Mexico,2017-12-01,Net Electricity Production,Solar,88.802,GWh
Mexico,2017-12-01,Net Electricity Production,Geothermal,458.209,GWh
Mexico,2017-12-01,Net Electricity Production,"Total Renewables (Hydro, Geo, Solar, Wind, Other)",3554.676,GWh
Mexico,2017-12-01,Total Imports,Electricity,209.788,GWh
Mexico,2017-12-01,Total Exports,Electricity,183.766,GWh
Mexico,2017-12-01,Distribution Losses,Electricity,3247.529,GWh
Mexico,2017-12-01,Final Consumption (Calculated),Electricity,19573.482,GWh
Argentina,2017-12-01,Net Electricity Production,Electricity,12550.746,GWh
Argentina,2017-12-01,Net Electricity Production,Nuclear,656.872,GWh
Argentina,2017-12-01,Net Electricity Production,Total Combustible Fuels,8854.071,GWh
Argentina,2017-12-01,Net Electricity Production,"Coal, Peat and Manufactured Gases",164.896,GWh
Argentina,2017-12-01,Net Electricity Production,Oil and Petroleum Products,687.648,GWh
Argentina,2017-12-01,Net Electricity Production,Natural Gas,7903.744,GWh
Argentina,2017-12-01,Net Electricity Production,Combustible Renewables,97.783,GWh
Argentina,2017-12-01,Net Electricity Production,Other Combustible Non-Renewables,0.0,GWh
Argentina,2017-12-01,Net Electricity Production,Hydro,2971.606,GWh
Argentina,2017-12-01,Net Electricity Production,Wind,66.496,GWh
Argentina,2017-12-01,Net Electricity Production,Solar,1.701,GWh
Argentina,2017-12-01,Net Electricity Production,Geothermal,0.0,GWh
Argentina,2017-12-01,Net Electricity Production,"Total Renewables (Hydro, Geo, Solar, Wind, Other)",3137.586,GWh
Brazil,2017-12-01,Net Electricity Production,Electricity,49284.5039,GWh
Brazil,2017-12-01,Net Electricity Production,Nuclear,1266.4648,GWh
Brazil,2017-12-01,Net Electricity Production,Total Combustible Fuels,11872.8126,GWh
Brazil,2017-12-01,Net Electricity Production,"Coal, Peat and Manufactured Gases",2041.7571,GWh
Brazil,2017-12-01,Net Electricity Production,Oil and Petroleum Products,1005.4582,GWh
Brazil,2017-12-01,Net Electricity Production,Natural Gas,6056.5876,GWh
Brazil,2017-12-01,Net Electricity Production,Combustible Renewables,2575.682,GWh
Brazil,2017-12-01,Net Electricity Production,Other Combustible Non-Renewables,193.3276,GWh
Brazil,2017-12-01,Net Electricity Production,Hydro,32199.8846,GWh
Brazil,2017-12-01,Net Electricity Production,Wind,3749.7179,GWh
Brazil,2017-12-01,Net Electricity Production,Solar,195.624,GWh
Brazil,2017-12-01,Net Electricity Production,Geothermal,0.0,GWh
Brazil,2017-12-01,Net Electricity Production,Other Renewables,0.0,GWh
Brazil,2017-12-01,Net Electricity Production,Not Specified,0.0,GWh
Brazil,2017-12-01,Net Electricity Production,"Total Renewables (Hydro, Geo, Solar, Wind, Other)",38720.9085,GWh
Chile,2017-11-01,Net Electricity Production,Electricity,6255.919,GWh
Chile,2017-11-01,Net Electricity Production,Total Combustible Fuels,2652.271,GWh
Chile,2017-11-01,Net Electricity Production,"Coal, Peat and Manufactured Gases",1767.381,GWh
Chile,2017-11-01,Net Electricity Production,Oil and Petroleum Products,189.268,GWh
Chile,2017-11-01,Net Electricity Production,Natural Gas,399.15,GWh
Chile,2017-11-01,Net Electricity Production,Combustible Renewables,296.472,GWh
Chile,2017-11-01,Net Electricity Production,Hydro,2862.578,GWh
Chile,2017-11-01,Net Electricity Production,Wind,308.381,GWh
Chile,2017-11-01,Net Electricity Production,Solar,425.035,GWh
Chile,2017-11-01,Net Electricity Production,Geothermal,7.654,GWh
Chile,2017-11-01,Net Electricity Production,"Total Renewables (Hydro, Geo, Solar, Wind, Other)",3900.12,GWh
Chile,2017-11-01,Distribution Losses,Electricity,353.501,GWh
Chile,2017-11-01,Final Consumption (Calculated),Electricity,5902.418,GWh
Colombia,2017-11-01,Net Electricity Production,Electricity,6435.214,GWh
Colombia,2017-11-01,Net Electricity Production,Total Combustible Fuels,1480.986,GWh
Colombia,2017-11-01,Net Electricity Production,"Coal, Peat and Manufactured Gases",275.477,GWh
Colombia,2017-11-01,Net Electricity Production,Oil and Petroleum Products,175.663,GWh
Colombia,2017-11-01,Net Electricity Production,Natural Gas,924.535,GWh
Colombia,2017-11-01,Net Electricity Production,Combustible Renewables,105.311,GWh
Colombia,2017-11-01,Net Electricity Production,Hydro,4952.862,GWh
Colombia,2017-11-01,Net Electricity Production,Wind,0.335,GWh
Colombia,2017-11-01,Net Electricity Production,Solar,1.031,GWh
Colombia,2017-11-01,Net Electricity Production,"Total Renewables (Hydro, Geo, Solar, Wind, Other)",5059.539,GWh
Colombia,2017-11-01,Total Imports,Electricity,10.262,GWh
Colombia,2017-11-01,Total Exports,Electricity,0.147,GWh
Colombia,2017-11-01,Distribution Losses,Electricity,417.75,GWh
Colombia,2017-11-01,Final Consumption (Calculated),Electricity,6027.579,GWh
Mexico,2017-11-01,Net Electricity Production,Electricity,23555.892,GWh
Mexico,2017-11-01,Net Electricity Production,Nuclear,570.504,GWh
Mexico,2017-11-01,Net Electricity Production,Total Combustible Fuels,19158.617,GWh
Mexico,2017-11-01,Net Electricity Production,"Coal, Peat and Manufactured Gases",2057.632,GWh
Mexico,2017-11-01,Net Electricity Production,Oil and Petroleum Products,1945.018,GWh
Mexico,2017-11-01,Net Electricity Production,Natural Gas,15018.945,GWh
Mexico,2017-11-01,Net Electricity Production,Combustible Renewables,129.513,GWh
Mexico,2017-11-01,Net Electricity Production,Other Combustible Non-Renewables,7.509,GWh
Mexico,2017-11-01,Net Electricity Production,Hydro,2290.298,GWh
Mexico,2017-11-01,Net Electricity Production,Wind,999.916,GWh
Mexico,2017-11-01,Net Electricity Production,Solar,104.241,GWh
Mexico,2017-11-01,Net Electricity Production,Geothermal,432.316,GWh
Mexico,2017-11-01,Net Electricity Production,"Total Renewables (Hydro, Geo, Solar, Wind, Other)",3956.284,GWh
Mexico,2017-11-01,Total Imports,Electricity,193.237,GWh
Mexico,2017-11-01,Total Exports,Electricity,150.541,GWh
Mexico,2017-11-01,Distribution Losses,Electricity,3352.607,GWh
Mexico,2017-11-01,Final Consumption (Calculated),Electricity,20245.981,GWh
Argentina,2017-11-01,Net Electricity Production,Electricity,10407.438,GWh
Argentina,2017-11-01,Net Electricity Production,Nuclear,511.901,GWh
Argentina,2017-11-01,Net Electricity Production,Total Combustible Fuels,6488.074,GWh
Argentina,2017-11-01,Net Electricity Production,Oil and Petroleum Products,132.583,GWh
Argentina,2017-11-01,Net Electricity Production,Natural Gas,6225.9,GWh
Argentina,2017-11-01,Net Electricity Production,Combustible Renewables,129.591,GWh
Argentina,2017-11-01,Net Electricity Production,Other Combustible Non-Renewables,0.0,GWh
Argentina,2017-11-01,Net Electricity Production,Hydro,3351.067,GWh
Argentina,2017-11-01,Net Electricity Production,Wind,54.762,GWh
Argentina,2017-11-01,Net Electricity Production,Solar,1.634,GWh
Argentina,2017-11-01,Net Electricity Production,Geothermal,0.0,GWh
Argentina,2017-11-01,Net Electricity Production,"Total Renewables (Hydro, Geo, Solar, Wind, Other)",3537.055,GWh
Brazil,2017-11-01,Net Electricity Production,Electricity,48436.4849,GWh
Brazil,2017-11-01,Net Electricity Production,Nuclear,1362.5485,GWh
Brazil,2017-11-01,Net Electricity Production,Total Combustible Fuels,15677.8619,GWh
Brazil,2017-11-01,Net Electricity Production,"Coal, Peat and Manufactured Gases",2188.2795,GWh
Brazil,2017-11-01,Net Electricity Production,Oil and Petroleum Products,1800.2489,GWh
Brazil,2017-11-01,Net Electricity Production,Natural Gas,6721.9191,GWh
Brazil,2017-11-01,Net Electricity Production,Combustible Renewables,4774.0868,GWh
Brazil,2017-11-01,Net Electricity Production,Other Combustible Non-Renewables,193.3276,GWh
Brazil,2017-11-01,Net Electricity Production,Hydro,27245.7363,GWh
Brazil,2017-11-01,Net Electricity Production,Wind,3980.4541,GWh
Brazil,2017-11-01,Net Electricity Production,Solar,169.884,GWh
Brazil,2017-11-01,Net Electricity Production,Geothermal,0.0,GWh
Brazil,2017-11-01,Net Electricity Production,Other Renewables,0.0,GWh
Brazil,2017-11-01,Net Electricity Production,Not Specified,0.0,GWh
Brazil,2017-11-01,Net Electricity Production,"Total Renewables (Hydro, Geo, Solar, Wind, Other)",36170.1613,GWh
Chile,2017-10-01,Net Electricity Production,Electricity,6405.185,GWh
Chile,2017-10-01,Net Electricity Production,Total Combustible Fuels,3224.863,GWh
Chile,2017-10-01,Net Electricity Production,"Coal, Peat and Manufactured Gases",1980.321,GWh
Chile,2017-10-01,Net Electricity Production,Oil and Petroleum Products,218.265,GWh
Chile,2017-10-01,Net Electricity Production,Natural Gas,580.056,GWh
Chile,2017-10-01,Net Electricity Production,Combustible Renewables,446.221,GWh
Chile,2017-10-01,Net Electricity Production,Hydro,2356.724,GWh
Chile,2017-10-01,Net Electricity Production,Wind,398.707,GWh
Chile,2017-10-01,Net Electricity Production,Solar,414.058,GWh
Chile,2017-10-01,Net Electricity Production,Geothermal,10.833,GWh
Chile,2017-10-01,Net Electricity Production,"Total Renewables (Hydro, Geo, Solar, Wind, Other)",3626.543,GWh
Chile,2017-10-01,Distribution Losses,Electricity,354.54,GWh
Chile,2017-10-01,Final Consumption (Calculated),Electricity,6050.645,GWh
Colombia,2017-10-01,Net Electricity Production,Electricity,6616.853,GWh
Colombia,2017-10-01,Net Electricity Production,Total Combustible Fuels,1538.605,GWh
Colombia,2017-10-01,Net Electricity Production,"Coal, Peat and Manufactured Gases",372.693,GWh
Colombia,2017-10-01,Net Electricity Production,Oil and Petroleum Products,173.198,GWh
Colombia,2017-10-01,Net Electricity Production,Natural Gas,874.321,GWh
Colombia,2017-10-01,Net Electricity Production,Combustible Renewables,118.393,GWh
Colombia,2017-10-01,Net Electricity Production,Hydro,5076.825,GWh
Colombia,2017-10-01,Net Electricity Production,Wind,0.328,GWh
Colombia,2017-10-01,Net Electricity Production,Solar,1.095,GWh
Colombia,2017-10-01,Net Electricity Production,"Total Renewables (Hydro, Geo, Solar, Wind, Other)",5196.641,GWh
Colombia,2017-10-01,Total Imports,Electricity,1.141,GWh
Colombia,2017-10-01,Total Exports,Electricity,0.04,GWh
Colombia,2017-10-01,Distribution Losses,Electricity,492.085,GWh
Colombia,2017-10-01,Final Consumption (Calculated),Electricity,6125.869,GWh
Mexico,2017-10-01,Net Electricity Production,Electricity,25951.327,GWh
Mexico,2017-10-01,Net Electricity Production,Nuclear,706.275,GWh
Mexico,2017-10-01,Net Electricity Production,Total Combustible Fuels,20400.088,GWh
Mexico,2017-10-01,Net Electricity Production,"Coal, Peat and Manufactured Gases",2422.097,GWh
Mexico,2017-10-01,Net Electricity Production,Oil and Petroleum Products,2833.554,GWh
Mexico,2017-10-01,Net Electricity Production,Natural Gas,15095.314,GWh
Mexico,2017-10-01,Net Electricity Production,Combustible Renewables,42.301,GWh
Mexico,2017-10-01,Net Electricity Production,Other Combustible Non-Renewables,6.822,GWh
Mexico,2017-10-01,Net Electricity Production,Hydro,3494.697,GWh
Mexico,2017-10-01,Net Electricity Production,Wind,776.755,GWh
Mexico,2017-10-01,Net Electricity Production,Solar,109.161,GWh
Mexico,2017-10-01,Net Electricity Production,Geothermal,464.351,GWh
Mexico,2017-10-01,Net Electricity Production,"Total Renewables (Hydro, Geo, Solar, Wind, Other)",4887.265,GWh
Mexico,2017-10-01,Total Imports,Electricity,194.028,GWh
Mexico,2017-10-01,Total Exports,Electricity,129.491,GWh
Mexico,2017-10-01,Distribution Losses,Electricity,3690.877,GWh
Mexico,2017-10-01,Final Consumption (Calculated),Electricity,22324.987,GWh
Argentina,2017-10-01,Net Electricity Production,Electricity,10297.892,GWh
Argentina,2017-10-01,Net Electricity Production,Nuclear,622.182,GWh
Argentina,2017-10-01,Net Electricity Production,Total Combustible Fuels,6631.554,GWh
Argentina,2017-10-01,Net Electricity Production,"Coal, Peat and Manufactured Gases",148.861,GWh
Argentina,2017-10-01,Net Electricity Production,Oil and Petroleum Products,529.796,GWh
Argentina,2017-10-01,Net Electricity Production,Natural Gas,5805.761,GWh
Argentina,2017-10-01,Net Electricity Production,Combustible Renewables,147.137,GWh
Argentina,2017-10-01,Net Electricity Production,Other Combustible Non-Renewables,0.0,GWh
Argentina,2017-10-01,Net Electricity Production,Hydro,2988.144,GWh
Argentina,2017-10-01,Net Electricity Production,Wind,54.393,GWh
Argentina,2017-10-01,Net Electricity Production,Solar,1.619,GWh
Argentina,2017-10-01,Net Electricity Production,Geothermal,0.0,GWh
Argentina,2017-10-01,Net Electricity Production,"Total Renewables (Hydro, Geo, Solar, Wind, Other)",3191.293,GWh
Brazil,2017-10-01,Net Electricity Production,Electricity,51329.3629,GWh
Brazil,2017-10-01,Net Electricity Production,Nuclear,1118.2506,GWh
Brazil,2017-10-01,Net Electricity Production,Total Combustible Fuels,18264.5174,GWh
Brazil,2017-10-01,Net Electricity Production,"Coal, Peat and Manufactured Gases",2272.6891,GWh
Brazil,2017-10-01,Net Electricity Production,Oil and Petroleum Products,2526.8122,GWh
Brazil,2017-10-01,Net Electricity Production,Natural Gas,7449.3828,GWh
Brazil,2017-10-01,Net Electricity Production,Combustible Renewables,5822.3058,GWh
Brazil,2017-10-01,Net Electricity Production,Other Combustible Non-Renewables,193.3276,GWh
Brazil,2017-10-01,Net Electricity Production,Hydro,26790.4453,GWh
Brazil,2017-10-01,Net Electricity Production,Wind,4964.3866,GWh
Brazil,2017-10-01,Net Electricity Production,Solar,191.763,GWh
Brazil,2017-10-01,Net Electricity Production,Geothermal,0.0,GWh
Brazil,2017-10-01,Net Electricity Production,Other Renewables,0.0,GWh
Brazil,2017-10-01,Net Electricity Production,Not Specified,0.0,GWh
Brazil,2017-10-01,Net Electricity Production,"Total Renewables (Hydro, Geo, Solar, Wind, Other)",37768.9007,GWh
Chile,2017-09-01,Net Electricity Production,Electricity,6150.453,GWh
Chile,2017-09-01,Net Electricity Production,Total Combustible Fuels,3995.905,GWh
Chile,2017-09-01,Net Electricity Production,"Coal, Peat and Manufactured Gases",2340.268,GWh
Chile,2017-09-01,Net Electricity Production,Oil and Petroleum Products,88.752,GWh
Chile,2017-09-01,Net Electricity Production,Natural Gas,1167.824,GWh
Chile,2017-09-01,Net Electricity Production,Combustible Renewables,399.061,GWh
Chile,2017-09-01,Net Electricity Production,Hydro,1481.77,GWh
Chile,2017-09-01,Net Electricity Production,Wind,323.53,GWh
Chile,2017-09-01,Net Electricity Production,Solar,344.393,GWh
Chile,2017-09-01,Net Electricity Production,Geothermal,4.855,GWh
Chile,2017-09-01,Net Electricity Production,"Total Renewables (Hydro, Geo, Solar, Wind, Other)",2553.609,GWh
Chile,2017-09-01,Distribution Losses,Electricity,340.582,GWh
Chile,2017-09-01,Final Consumption (Calculated),Electricity,5809.871,GWh
Colombia,2017-09-01,Net Electricity Production,Electricity,6502.45,GWh
Colombia,2017-09-01,Net Electricity Production,Total Combustible Fuels,1461.593,GWh
Colombia,2017-09-01,Net Electricity Production,"Coal, Peat and Manufactured Gases",356.617,GWh
Colombia,2017-09-01,Net Electricity Production,Oil and Petroleum Products,172.801,GWh
Colombia,2017-09-01,Net Electricity Production,Natural Gas,815.587,GWh
Colombia,2017-09-01,Net Electricity Production,Combustible Renewables,116.588,GWh
Colombia,2017-09-01,Net Electricity Production,Hydro,5039.534,GWh
Colombia,2017-09-01,Net Electricity Production,Wind,0.137,GWh
Colombia,2017-09-01,Net Electricity Production,Solar,1.186,GWh
Colombia,2017-09-01,Net Electricity Production,"Total Renewables (Hydro, Geo, Solar, Wind, Other)",5157.445,GWh
Colombia,2017-09-01,Total Imports,Electricity,0.244,GWh
Colombia,2017-09-01,Total Exports,Electricity,0.005,GWh
Colombia,2017-09-01,Distribution Losses,Electricity,420.514,GWh
Colombia,2017-09-01,Final Consumption (Calculated),Electricity,6082.175,GWh
Mexico,2017-09-01,Net Electricity Production,Electricity,26527.296,GWh
Mexico,2017-09-01,Net Electricity Production,Nuclear,597.454,GWh
Mexico,2017-09-01,Net Electricity Production,Total Combustible Fuels,21156.186,GWh
Mexico,2017-09-01,Net Electricity Production,"Coal, Peat and Manufactured Gases",2419.51,GWh
Mexico,2017-09-01,Net Electricity Production,Oil and Petroleum Products,3105.185,GWh
Mexico,2017-09-01,Net Electricity Production,Natural Gas,15583.194,GWh
Mexico,2017-09-01,Net Electricity Production,Combustible Renewables,37.549,GWh
Mexico,2017-09-01,Net Electricity Production,Other Combustible Non-Renewables,10.748,GWh
Mexico,2017-09-01,Net Electricity Production,Hydro,3891.041,GWh
Mexico,2017-09-01,Net Electricity Production,Wind,340.833,GWh
Mexico,2017-09-01,Net Electricity Production,Solar,91.339,GWh
Mexico,2017-09-01,Net Electricity Production,Geothermal,450.443,GWh
Mexico,2017-09-01,Net Electricity Production,"Total Renewables (Hydro, Geo, Solar, Wind, Other)",4811.205,GWh
Mexico,2017-09-01,Total Imports,Electricity,214.324,GWh
Mexico,2017-09-01,Total Exports,Electricity,160.612,GWh
Mexico,2017-09-01,Distribution Losses,Electricity,3775.05,GWh
Mexico,2017-09-01,Final Consumption (Calculated),Electricity,22805.958,GWh
Argentina,2017-09-01,Net Electricity Production,Electricity,10633.552,GWh
Argentina,2017-09-01,Net Electricity Production,Nuclear,615.818,GWh
Argentina,2017-09-01,Net Electricity Production,Total Combustible Fuels,7410.425,GWh
Argentina,2017-09-01,Net Electricity Production,"Coal, Peat and Manufactured Gases",124.212,GWh
Argentina,2017-09-01,Net Electricity Production,Oil and Petroleum Products,765.641,GWh
Argentina,2017-09-01,Net Electricity Production,Natural Gas,6372.487,GWh
Argentina,2017-09-01,Net Electricity Production,Combustible Renewables,148.086,GWh
Argentina,2017-09-01,Net Electricity Production,Other Combustible Non-Renewables,0.0,GWh
Argentina,2017-09-01,Net Electricity Production,Hydro,2559.332,GWh
Argentina,2017-09-01,Net Electricity Production,Wind,46.587,GWh
Argentina,2017-09-01,Net Electricity Production,Solar,1.39,GWh
Argentina,2017-09-01,Net Electricity Production,Geothermal,0.0,GWh
Argentina,2017-09-01,Net Electricity Production,"Total Renewables (Hydro, Geo, Solar, Wind, Other)",2755.395,GWh
Brazil,2017-09-01,Net Electricity Production,Electricity,49491.5778,GWh
Brazil,2017-09-01,Net Electricity Production,Nuclear,925.0611,GWh
Brazil,2017-09-01,Net Electricity Production,Total Combustible Fuels,17547.26,GWh
Brazil,2017-09-01,Net Electricity Production,"Coal, Peat and Manufactured Gases",1820.3809,GWh
Brazil,2017-09-01,Net Electricity Production,Oil and Petroleum Products,2168.9169,GWh
Brazil,2017-09-01,Net Electricity Production,Natural Gas,6993.7472,GWh
Brazil,2017-09-01,Net Electricity Production,Combustible Renewables,6370.8873,GWh
Brazil,2017-09-01,Net Electricity Production,Other Combustible Non-Renewables,193.3276,GWh
Brazil,2017-09-01,Net Electricity Production,Hydro,25797.7446,GWh
Brazil,2017-09-01,Net Electricity Production,Wind,5124.9871,GWh
Brazil,2017-09-01,Net Electricity Production,Solar,96.525,GWh
Brazil,2017-09-01,Net Electricity Production,Geothermal,0.0,GWh
Brazil,2017-09-01,Net Electricity Production,Other Renewables,0.0,GWh
Brazil,2017-09-01,Net Electricity Production,Not Specified,0.0,GWh
Brazil,2017-09-01,Net Electricity Production,"Total Renewables (Hydro, Geo, Solar, Wind, Other)",37390.1441,GWh
Chile,2017-08-01,Net Electricity Production,Electricity,6705.098,GWh
Chile,2017-08-01,Net Electricity Production,Total Combustible Fuels,4454.314,GWh
Chile,2017-08-01,Net Electricity Production,"Coal, Peat and Manufactured Gases",2562.807,GWh
Chile,2017-08-01,Net Electricity Production,Oil and Petroleum Products,146.824,GWh
Chile,2017-08-01,Net Electricity Production,Natural Gas,1217.197,GWh
Chile,2017-08-01,Net Electricity Production,Combustible Renewables,527.486,GWh
Chile,2017-08-01,Net Electricity Production,Hydro,1621.283,GWh
Chile,2017-08-01,Net Electricity Production,Wind,302.998,GWh
Chile,2017-08-01,Net Electricity Production,Solar,316.441,GWh
Chile,2017-08-01,Net Electricity Production,Geothermal,10.062,GWh
Chile,2017-08-01,Net Electricity Production,"Total Renewables (Hydro, Geo, Solar, Wind, Other)",2778.27,GWh
Chile,2017-08-01,Distribution Losses,Electricity,362.07,GWh
Chile,2017-08-01,Final Consumption (Calculated),Electricity,6343.028,GWh
Colombia,2017-08-01,Net Electricity Production,Electricity,6679.025,GWh
Colombia,2017-08-01,Net Electricity Production,Total Combustible Fuels,1339.756,GWh
Colombia,2017-08-01,Net Electricity Production,"Coal, Peat and Manufactured Gases",212.155,GWh
Colombia,2017-08-01,Net Electricity Production,Oil and Petroleum Products,173.749,GWh
Colombia,2017-08-01,Net Electricity Production,Natural Gas,834.101,GWh
Colombia,2017-08-01,Net Electricity Production,Combustible Renewables,119.751,GWh
Colombia,2017-08-01,Net Electricity Production,Hydro,5337.995,GWh
Colombia,2017-08-01,Net Electricity Production,Wind,0.079,GWh
Colombia,2017-08-01,Net Electricity Production,Solar,1.195,GWh
Colombia,2017-08-01,Net Electricity Production,"Total Renewables (Hydro, Geo, Solar, Wind, Other)",5459.02,GWh
Colombia,2017-08-01,Total Imports,Electricity,0.187,GWh
Colombia,2017-08-01,Total Exports,Electricity,0.007,GWh
Colombia,2017-08-01,Distribution Losses,Electricity,524.389,GWh
Colombia,2017-08-01,Final Consumption (Calculated),Electricity,6154.816,GWh
Mexico,2017-08-01,Net Electricity Production,Electricity,29537.514,GWh
Mexico,2017-08-01,Net Electricity Production,Nuclear,531.094,GWh
Mexico,2017-08-01,Net Electricity Production,Total Combustible Fuels,24520.182,GWh
Mexico,2017-08-01,Net Electricity Production,"Coal, Peat and Manufactured Gases",2916.156,GWh
Mexico,2017-08-01,Net Electricity Production,Oil and Petroleum Products,4541.872,GWh
Mexico,2017-08-01,Net Electricity Production,Natural Gas,17014.032,GWh
Mexico,2017-08-01,Net Electricity Production,Combustible Renewables,37.816,GWh
Mexico,2017-08-01,Net Electricity Production,Other Combustible Non-Renewables,10.306,GWh
Mexico,2017-08-01,Net Electricity Production,Hydro,3280.101,GWh
Mexico,2017-08-01,Net Electricity Production,Wind,638.918,GWh
Mexico,2017-08-01,Net Electricity Production,Solar,102.323,GWh
Mexico,2017-08-01,Net Electricity Production,Geothermal,464.896,GWh
Mexico,2017-08-01,Net Electricity Production,"Total Renewables (Hydro, Geo, Solar, Wind, Other)",4524.054,GWh
Mexico,2017-08-01,Total Imports,Electricity,198.874,GWh
Mexico,2017-08-01,Total Exports,Electricity,175.31,GWh
Mexico,2017-08-01,Distribution Losses,Electricity,4197.814,GWh
Mexico,2017-08-01,Final Consumption (Calculated),Electricity,25363.264,GWh
Argentina,2017-08-01,Net Electricity Production,Electricity,11523.982,GWh
Argentina,2017-08-01,Net Electricity Production,Nuclear,627.465,GWh
Argentina,2017-08-01,Net Electricity Production,Total Combustible Fuels,8336.063,GWh
Argentina,2017-08-01,Net Electricity Production,"Coal, Peat and Manufactured Gases",184.201,GWh
Argentina,2017-08-01,Net Electricity Production,Oil and Petroleum Products,589.612,GWh
Argentina,2017-08-01,Net Electricity Production,Natural Gas,7423.24,GWh
Argentina,2017-08-01,Net Electricity Production,Combustible Renewables,139.01,GWh
Argentina,2017-08-01,Net Electricity Production,Other Combustible Non-Renewables,0.0,GWh
Argentina,2017-08-01,Net Electricity Production,Hydro,2505.627,GWh
Argentina,2017-08-01,Net Electricity Production,Wind,53.465,GWh
Argentina,2017-08-01,Net Electricity Production,Solar,1.363,GWh
Argentina,2017-08-01,Net Electricity Production,Geothermal,0.0,GWh
Argentina,2017-08-01,Net Electricity Production,"Total Renewables (Hydro, Geo, Solar, Wind, Other)",2699.465,GWh
Brazil,2017-08-01,Net Electricity Production,Electricity,49577.9929,GWh
Brazil,2017-08-01,Net Electricity Production,Nuclear,1208.2013,GWh
Brazil,2017-08-01,Net Electricity Production,Total Combustible Fuels,17896.8146,GWh
Brazil,2017-08-01,Net Electricity Production,"Coal, Peat and Manufactured Gases",1938.2359,GWh
Brazil,2017-08-01,Net Electricity Production,Oil and Petroleum Products,2227.5686,GWh
Brazil,2017-08-01,Net Electricity Production,Natural Gas,7323.8241,GWh
Brazil,2017-08-01,Net Electricity Production,Combustible Renewables,6213.8584,GWh
Brazil,2017-08-01,Net Electricity Production,Other Combustible Non-Renewables,193.3276,GWh
Brazil,2017-08-01,Net Electricity Production,Hydro,26012.9164,GWh
Brazil,2017-08-01,Net Electricity Production,Wind,4393.1365,GWh
Brazil,2017-08-01,Net Electricity Production,Solar,66.924,GWh
Brazil,2017-08-01,Net Electricity Production,Geothermal,0.0,GWh
Brazil,2017-08-01,Net Electricity Production,Other Renewables,0.0,GWh
Brazil,2017-08-01,Net Electricity Production,Not Specified,0.0,GWh
Brazil,2017-08-01,Net Electricity Production,"Total Renewables (Hydro, Geo, Solar, Wind, Other)",36686.8354,GWh
Chile,2017-07-01,Net Electricity Production,Electricity,6628.403,GWh
Chile,2017-07-01,Net Electricity Production,Total Combustible Fuels,4358.885,GWh
Chile,2017-07-01,Net Electricity Production,"Coal, Peat and Manufactured Gases",2614.637,GWh
Chile,2017-07-01,Net Electricity Production,Oil and Petroleum Products,78.842,GWh
Chile,2017-07-01,Net Electricity Production,Natural Gas,1114.349,GWh
Chile,2017-07-01,Net Electricity Production,Combustible Renewables,551.057,GWh
Chile,2017-07-01,Net Electricity Production,Hydro,1691.385,GWh
Chile,2017-07-01,Net Electricity Production,Wind,318.038,GWh
Chile,2017-07-01,Net Electricity Production,Solar,251.882,GWh
Chile,2017-07-01,Net Electricity Production,Geothermal,8.213,GWh
Chile,2017-07-01,Net Electricity Production,"Total Renewables (Hydro, Geo, Solar, Wind, Other)",2820.575,GWh
Chile,2017-07-01,Distribution Losses,Electricity,359.409,GWh
Chile,2017-07-01,Final Consumption (Calculated),Electricity,6268.994,GWh
Colombia,2017-07-01,Net Electricity Production,Electricity,6575.623,GWh
Colombia,2017-07-01,Net Electricity Production,Total Combustible Fuels,1215.492,GWh
Colombia,2017-07-01,Net Electricity Production,"Coal, Peat and Manufactured Gases",107.484,GWh
Colombia,2017-07-01,Net Electricity Production,Oil and Petroleum Products,170.129,GWh
Colombia,2017-07-01,Net Electricity Production,Natural Gas,821.685,GWh
Colombia,2017-07-01,Net Electricity Production,Combustible Renewables,116.194,GWh
Colombia,2017-07-01,Net Electricity Production,Hydro,5358.936,GWh
Colombia,2017-07-01,Net Electricity Production,Solar,1.195,GWh
Colombia,2017-07-01,Net Electricity Production,"Total Renewables (Hydro, Geo, Solar, Wind, Other)",5476.325,GWh
Colombia,2017-07-01,Total Imports,Electricity,0.032,GWh
Colombia,2017-07-01,Total Exports,Electricity,0.045,GWh
Colombia,2017-07-01,Distribution Losses,Electricity,509.317,GWh
Colombia,2017-07-01,Final Consumption (Calculated),Electricity,6066.293,GWh
Mexico,2017-07-01,Net Electricity Production,Electricity,28472.977,GWh
Mexico,2017-07-01,Net Electricity Production,Nuclear,1011.227,GWh
Mexico,2017-07-01,Net Electricity Production,Total Combustible Fuels,23299.603,GWh
Mexico,2017-07-01,Net Electricity Production,"Coal, Peat and Manufactured Gases",2835.792,GWh
Mexico,2017-07-01,Net Electricity Production,Oil and Petroleum Products,3801.555,GWh
Mexico,2017-07-01,Net Electricity Production,Natural Gas,16611.096,GWh
Mexico,2017-07-01,Net Electricity Production,Combustible Renewables,44.142,GWh
Mexico,2017-07-01,Net Electricity Production,Other Combustible Non-Renewables,7.018,GWh
Mexico,2017-07-01,Net Electricity Production,Hydro,2517.785,GWh
Mexico,2017-07-01,Net Electricity Production,Wind,1055.566,GWh
Mexico,2017-07-01,Net Electricity Production,Solar,102.663,GWh
Mexico,2017-07-01,Net Electricity Production,Geothermal,486.133,GWh
Mexico,2017-07-01,Net Electricity Production,"Total Renewables (Hydro, Geo, Solar, Wind, Other)",4206.289,GWh
Mexico,2017-07-01,Total Imports,Electricity,206.924,GWh
Mexico,2017-07-01,Total Exports,Electricity,101.415,GWh
Mexico,2017-07-01,Distribution Losses,Electricity,4048.673,GWh
Mexico,2017-07-01,Final Consumption (Calculated),Electricity,24529.813,GWh
Argentina,2017-07-01,Net Electricity Production,Electricity,12723.283,GWh
Argentina,2017-07-01,Net Electricity Production,Nuclear,254.571,GWh
Argentina,2017-07-01,Net Electricity Production,Total Combustible Fuels,10191.786,GWh
Argentina,2017-07-01,Net Electricity Production,"Coal, Peat and Manufactured Gases",222.81,GWh
Argentina,2017-07-01,Net Electricity Production,Oil and Petroleum Products,989.626,GWh
Argentina,2017-07-01,Net Electricity Production,Natural Gas,8842.653,GWh
Argentina,2017-07-01,Net Electricity Production,Combustible Renewables,136.696,GWh
Argentina,2017-07-01,Net Electricity Production,Other Combustible Non-Renewables,0.0,GWh
Argentina,2017-07-01,Net Electricity Production,Hydro,2224.739,GWh
Argentina,2017-07-01,Net Electricity Production,Wind,51.038,GWh
Argentina,2017-07-01,Net Electricity Production,Solar,1.15,GWh
Argentina,2017-07-01,Net Electricity Production,Geothermal,0.0,GWh
Argentina,2017-07-01,Net Electricity Production,"Total Renewables (Hydro, Geo, Solar, Wind, Other)",2413.622,GWh
Brazil,2017-07-01,Net Electricity Production,Electricity,47408.0071,GWh
Brazil,2017-07-01,Net Electricity Production,Nuclear,1341.083,GWh
Brazil,2017-07-01,Net Electricity Production,Total Combustible Fuels,15161.1029,GWh
Brazil,2017-07-01,Net Electricity Production,"Coal, Peat and Manufactured Gases",1680.2291,GWh
Brazil,2017-07-01,Net Electricity Production,Oil and Petroleum Products,1133.5344,GWh
Brazil,2017-07-01,Net Electricity Production,Natural Gas,5628.1349,GWh
Brazil,2017-07-01,Net Electricity Production,Combustible Renewables,6525.8769,GWh
Brazil,2017-07-01,Net Electricity Production,Other Combustible Non-Renewables,193.3276,GWh
Brazil,2017-07-01,Net Electricity Production,Hydro,26794.6032,GWh
Brazil,2017-07-01,Net Electricity Production,Wind,4059.7379,GWh
Brazil,2017-07-01,Net Electricity Production,Solar,51.48,GWh
Brazil,2017-07-01,Net Electricity Production,Geothermal,0.0,GWh
Brazil,2017-07-01,Net Electricity Production,Other Renewables,0.0,GWh
Brazil,2017-07-01,Net Electricity Production,Not Specified,0.0,GWh
Brazil,2017-07-01,Net Electricity Production,"Total Renewables (Hydro, Geo, Solar, Wind, Other)",37431.6981,GWh
Chile,2017-06-01,Net Electricity Production,Electricity,6716.932,GWh
Chile,2017-06-01,Net Electricity Production,Total Combustible Fuels,4811.235,GWh
Chile,2017-06-01,Net Electricity Production,"Coal, Peat and Manufactured Gases",2493.634,GWh
Chile,2017-06-01,Net Electricity Production,Oil and Petroleum Products,574.216,GWh
Chile,2017-06-01,Net Electricity Production,Natural Gas,1190.547,GWh
Chile,2017-06-01,Net Electricity Production,Combustible Renewables,552.838,GWh
Chile,2017-06-01,Net Electricity Production,Hydro,1384.864,GWh
Chile,2017-06-01,Net Electricity Production,Wind,321.733,GWh
Chile,2017-06-01,Net Electricity Production,Solar,191.966,GWh
Chile,2017-06-01,Net Electricity Production,Geothermal,7.134,GWh
Chile,2017-06-01,Net Electricity Production,"Total Renewables (Hydro, Geo, Solar, Wind, Other)",2458.535,GWh
Chile,2017-06-01,Total Exports,Electricity,11.425,GWh
Chile,2017-06-01,Distribution Losses,Electricity,347.337,GWh
Chile,2017-06-01,Final Consumption (Calculated),Electricity,6358.17,GWh
Colombia,2017-06-01,Net Electricity Production,Electricity,6400.409,GWh
Colombia,2017-06-01,Net Electricity Production,Total Combustible Fuels,1220.131,GWh
Colombia,2017-06-01,Net Electricity Production,"Coal, Peat and Manufactured Gases",113.038,GWh
Colombia,2017-06-01,Net Electricity Production,Oil and Petroleum Products,171.416,GWh
Colombia,2017-06-01,Net Electricity Production,Natural Gas,833.222,GWh
Colombia,2017-06-01,Net Electricity Production,Combustible Renewables,102.455,GWh
Colombia,2017-06-01,Net Electricity Production,Hydro,5178.952,GWh
Colombia,2017-06-01,Net Electricity Production,Wind,0.216,GWh
Colombia,2017-06-01,Net Electricity Production,Solar,1.11,GWh
Colombia,2017-06-01,Net Electricity Production,"Total Renewables (Hydro, Geo, Solar, Wind, Other)",5282.733,GWh
Colombia,2017-06-01,Total Imports,Electricity,0.169,GWh
Colombia,2017-06-01,Total Exports,Electricity,0.013,GWh
Colombia,2017-06-01,Distribution Losses,Electricity,397.878,GWh
Colombia,2017-06-01,Final Consumption (Calculated),Electricity,6002.687,GWh
Mexico,2017-06-01,Net Electricity Production,Electricity,28502.028,GWh
Mexico,2017-06-01,Net Electricity Production,Nuclear,1007.737,GWh
Mexico,2017-06-01,Net Electricity Production,Total Combustible Fuels,22723.692,GWh
Mexico,2017-06-01,Net Electricity Production,"Coal, Peat and Manufactured Gases",2719.184,GWh
Mexico,2017-06-01,Net Electricity Production,Oil and Petroleum Products,3811.396,GWh
Mexico,2017-06-01,Net Electricity Production,Natural Gas,16080.411,GWh
Mexico,2017-06-01,Net Electricity Production,Combustible Renewables,104.849,GWh
Mexico,2017-06-01,Net Electricity Production,Other Combustible Non-Renewables,7.852,GWh
Mexico,2017-06-01,Net Electricity Production,Hydro,3791.146,GWh
Mexico,2017-06-01,Net Electricity Production,Wind,412.638,GWh
Mexico,2017-06-01,Net Electricity Production,Solar,92.638,GWh
Mexico,2017-06-01,Net Electricity Production,Geothermal,474.177,GWh
Mexico,2017-06-01,Net Electricity Production,"Total Renewables (Hydro, Geo, Solar, Wind, Other)",4875.448,GWh
Mexico,2017-06-01,Total Imports,Electricity,184.502,GWh
Mexico,2017-06-01,Total Exports,Electricity,115.31,GWh
Mexico,2017-06-01,Distribution Losses,Electricity,4049.609,GWh
Mexico,2017-06-01,Final Consumption (Calculated),Electricity,24521.611,GWh
Argentina,2017-06-01,Net Electricity Production,Electricity,11922.293,GWh
Argentina,2017-06-01,Net Electricity Production,Nuclear,243.79,GWh
Argentina,2017-06-01,Net Electricity Production,Total Combustible Fuels,9131.604,GWh
Argentina,2017-06-01,Net Electricity Production,"Coal, Peat and Manufactured Gases",181.451,GWh
Argentina,2017-06-01,Net Electricity Production,Oil and Petroleum Products,1573.502,GWh
Argentina,2017-06-01,Net Electricity Production,Natural Gas,7267.15,GWh
Argentina,2017-06-01,Net Electricity Production,Combustible Renewables,109.501,GWh
Argentina,2017-06-01,Net Electricity Production,Other Combustible Non-Renewables,0.0,GWh
Argentina,2017-06-01,Net Electricity Production,Hydro,2492.291,GWh
Argentina,2017-06-01,Net Electricity Production,Wind,53.486,GWh
Argentina,2017-06-01,Net Electricity Production,Solar,1.122,GWh
Argentina,2017-06-01,Net Electricity Production,Geothermal,0.0,GWh
Argentina,2017-06-01,Net Electricity Production,"Total Renewables (Hydro, Geo, Solar, Wind, Other)",2656.4,GWh
Brazil,2017-06-01,Net Electricity Production,Electricity,46249.8561,GWh
Brazil,2017-06-01,Net Electricity Production,Nuclear,1182.6471,GWh
Brazil,2017-06-01,Net Electricity Production,Total Combustible Fuels,11951.9513,GWh
Brazil,2017-06-01,Net Electricity Production,"Coal, Peat and Manufactured Gases",1458.853,GWh
Brazil,2017-06-01,Net Electricity Production,Oil and Petroleum Products,991.0945,GWh
Brazil,2017-06-01,Net Electricity Production,Natural Gas,3651.5567,GWh
Brazil,2017-06-01,Net Electricity Production,Combustible Renewables,5657.1195,GWh
Brazil,2017-06-01,Net Electricity Production,Other Combustible Non-Renewables,193.3276,GWh
Brazil,2017-06-01,Net Electricity Production,Hydro,29762.3106,GWh
Brazil,2017-06-01,Net Electricity Production,Wind,3320.7721,GWh
Brazil,2017-06-01,Net Electricity Production,Solar,32.175,GWh
Brazil,2017-06-01,Net Electricity Production,Geothermal,0.0,GWh
Brazil,2017-06-01,Net Electricity Production,Other Renewables,0.0,GWh
Brazil,2017-06-01,Net Electricity Production,Not Specified,0.0,GWh
Brazil,2017-06-01,Net Electricity Production,"Total Renewables (Hydro, Geo, Solar, Wind, Other)",38772.3772,GWh
Chile,2017-05-01,Net Electricity Production,Electricity,6559.709,GWh
Chile,2017-05-01,Net Electricity Production,Total Combustible Fuels,4846.824,GWh
Chile,2017-05-01,Net Electricity Production,"Coal, Peat and Manufactured Gases",2705.276,GWh
Chile,2017-05-01,Net Electricity Production,Oil and Petroleum Products,50.042,GWh
Chile,2017-05-01,Net Electricity Production,Natural Gas,1512.786,GWh
Chile,2017-05-01,Net Electricity Production,Combustible Renewables,578.72,GWh
Chile,2017-05-01,Net Electricity Production,Hydro,1215.189,GWh
Chile,2017-05-01,Net Electricity Production,Wind,279.359,GWh
Chile,2017-05-01,Net Electricity Production,Solar,210.932,GWh
Chile,2017-05-01,Net Electricity Production,Geothermal,7.405,GWh
Chile,2017-05-01,Net Electricity Production,"Total Renewables (Hydro, Geo, Solar, Wind, Other)",2291.605,GWh
Chile,2017-05-01,Total Exports,Electricity,9.899,GWh
Chile,2017-05-01,Distribution Losses,Electricity,355.799,GWh
Chile,2017-05-01,Final Consumption (Calculated),Electricity,6194.011,GWh
Colombia,2017-05-01,Net Electricity Production,Electricity,6580.47,GWh
Colombia,2017-05-01,Net Electricity Production,Total Combustible Fuels,1245.414,GWh
Colombia,2017-05-01,Net Electricity Production,"Coal, Peat and Manufactured Gases",149.243,GWh
Colombia,2017-05-01,Net Electricity Production,Oil and Petroleum Products,175.382,GWh
Colombia,2017-05-01,Net Electricity Production,Natural Gas,831.293,GWh
Colombia,2017-05-01,Net Electricity Production,Combustible Renewables,89.496,GWh
Colombia,2017-05-01,Net Electricity Production,Hydro,5333.332,GWh
Colombia,2017-05-01,Net Electricity Production,Wind,0.657,GWh
Colombia,2017-05-01,Net Electricity Production,Solar,1.067,GWh
Colombia,2017-05-01,Net Electricity Production,"Total Renewables (Hydro, Geo, Solar, Wind, Other)",5424.552,GWh
Colombia,2017-05-01,Total Imports,Electricity,4.469,GWh
Colombia,2017-05-01,Total Exports,Electricity,0.055,GWh
Colombia,2017-05-01,Distribution Losses,Electricity,550.472,GWh
Colombia,2017-05-01,Final Consumption (Calculated),Electricity,6034.412,GWh
Mexico,2017-05-01,Net Electricity Production,Electricity,27947.35,GWh
Mexico,2017-05-01,Net Electricity Production,Nuclear,1030.207,GWh
Mexico,2017-05-01,Net Electricity Production,Total Combustible Fuels,22061.297,GWh
Mexico,2017-05-01,Net Electricity Production,"Coal, Peat and Manufactured Gases",2587.573,GWh
Mexico,2017-05-01,Net Electricity Production,Oil and Petroleum Products,3151.963,GWh
Mexico,2017-05-01,Net Electricity Production,Natural Gas,16118.972,GWh
Mexico,2017-05-01,Net Electricity Production,Combustible Renewables,189.685,GWh
Mexico,2017-05-01,Net Electricity Production,Other Combustible Non-Renewables,13.104,GWh
Mexico,2017-05-01,Net Electricity Production,Hydro,3735.014,GWh
Mexico,2017-05-01,Net Electricity Production,Wind,525.446,GWh
Mexico,2017-05-01,Net Electricity Production,Solar,96.692,GWh
Mexico,2017-05-01,Net Electricity Production,Geothermal,498.694,GWh
Mexico,2017-05-01,Net Electricity Production,"Total Renewables (Hydro, Geo, Solar, Wind, Other)",5045.531,GWh
Mexico,2017-05-01,Total Imports,Electricity,185.875,GWh
Mexico,2017-05-01,Total Exports,Electricity,101.401,GWh
Mexico,2017-05-01,Distribution Losses,Electricity,3971.5,GWh
Mexico,2017-05-01,Final Consumption (Calculated),Electricity,24060.324,GWh
Argentina,2017-05-01,Net Electricity Production,Electricity,11017.506,GWh
Argentina,2017-05-01,Net Electricity Production,Nuclear,195.725,GWh
Argentina,2017-05-01,Net Electricity Production,Total Combustible Fuels,8285.542,GWh
Argentina,2017-05-01,Net Electricity Production,"Coal, Peat and Manufactured Gases",201.56,GWh
Argentina,2017-05-01,Net Electricity Production,Oil and Petroleum Products,767.017,GWh
Argentina,2017-05-01,Net Electricity Production,Natural Gas,7260.554,GWh
Argentina,2017-05-01,Net Electricity Production,Combustible Renewables,56.411,GWh
Argentina,2017-05-01,Net Electricity Production,Other Combustible Non-Renewables,0.0,GWh
Argentina,2017-05-01,Net Electricity Production,Hydro,2494.18,GWh
Argentina,2017-05-01,Net Electricity Production,Wind,40.923,GWh
Argentina,2017-05-01,Net Electricity Production,Solar,1.136,GWh
Argentina,2017-05-01,Net Electricity Production,Geothermal,0.0,GWh
Argentina,2017-05-01,Net Electricity Production,"Total Renewables (Hydro, Geo, Solar, Wind, Other)",2592.65,GWh
Brazil,2017-05-01,Net Electricity Production,Electricity,48221.1162,GWh
Brazil,2017-05-01,Net Electricity Production,Nuclear,1329.8392,GWh
Brazil,2017-05-01,Net Electricity Production,Total Combustible Fuels,13212.245,GWh
Brazil,2017-05-01,Net Electricity Production,"Coal, Peat and Manufactured Gases",1785.343,GWh
Brazil,2017-05-01,Net Electricity Production,Oil and Petroleum Products,1023.4128,GWh
Brazil,2017-05-01,Net Electricity Production,Natural Gas,5122.017,GWh
Brazil,2017-05-01,Net Electricity Production,Combustible Renewables,5088.1446,GWh
Brazil,2017-05-01,Net Electricity Production,Other Combustible Non-Renewables,193.3276,GWh
Brazil,2017-05-01,Net Electricity Production,Hydro,30942.1172,GWh
Brazil,2017-05-01,Net Electricity Production,Wind,2729.1929,GWh
Brazil,2017-05-01,Net Electricity Production,Solar,7.722,GWh
Brazil,2017-05-01,Net Electricity Production,Geothermal,0.0,GWh
Brazil,2017-05-01,Net Electricity Production,Other Renewables,0.0,GWh
Brazil,2017-05-01,Net Electricity Production,Not Specified,0.0,GWh
Brazil,2017-05-01,Net Electricity Production,"Total Renewables (Hydro, Geo, Solar, Wind, Other)",38767.1767,GWh
Chile,2017-04-01,Net Electricity Production,Electricity,6051.878,GWh
Chile,2017-04-01,Net Electricity Production,Total Combustible Fuels,4434.323,GWh
Chile,2017-04-01,Net Electricity Production,"Coal, Peat and Manufactured Gases",2408.525,GWh
Chile,2017-04-01,Net Electricity Production,Oil and Petroleum Products,54.323,GWh
Chile,2017-04-01,Net Electricity Production,Natural Gas,1433.367,GWh
Chile,2017-04-01,Net Electricity Production,Combustible Renewables,538.108,GWh
Chile,2017-04-01,Net Electricity Production,Hydro,1064.571,GWh
Chile,2017-04-01,Net Electricity Production,Wind,269.098,GWh
Chile,2017-04-01,Net Electricity Production,Solar,281.586,GWh
Chile,2017-04-01,Net Electricity Production,Geothermal,2.3,GWh
Chile,2017-04-01,Net Electricity Production,"Total Renewables (Hydro, Geo, Solar, Wind, Other)",2155.663,GWh
Chile,2017-04-01,Total Imports,Electricity,0.0,GWh
Chile,2017-04-01,Total Exports,Electricity,1.056,GWh
Chile,2017-04-01,Distribution Losses,Electricity,326.644,GWh
Chile,2017-04-01,Final Consumption (Calculated),Electricity,5724.178,GWh
Colombia,2017-04-01,Net Electricity Production,Electricity,6299.221,GWh
Colombia,2017-04-01,Net Electricity Production,Total Combustible Fuels,1335.705,GWh
Colombia,2017-04-01,Net Electricity Production,"Coal, Peat and Manufactured Gases",172.233,GWh
Colombia,2017-04-01,Net Electricity Production,Oil and Petroleum Products,169.756,GWh
Colombia,2017-04-01,Net Electricity Production,Natural Gas,883.585,GWh
Colombia,2017-04-01,Net Electricity Production,Combustible Renewables,110.131,GWh
Colombia,2017-04-01,Net Electricity Production,Hydro,4962.182,GWh
Colombia,2017-04-01,Net Electricity Production,Wind,0.442,GWh
Colombia,2017-04-01,Net Electricity Production,Solar,0.892,GWh
Colombia,2017-04-01,Net Electricity Production,"Total Renewables (Hydro, Geo, Solar, Wind, Other)",5073.647,GWh
Colombia,2017-04-01,Total Imports,Electricity,21.026,GWh
Colombia,2017-04-01,Total Exports,Electricity,0.118,GWh
Colombia,2017-04-01,Distribution Losses,Electricity,415.013,GWh
Colombia,2017-04-01,Final Consumption (Calculated),Electricity,5905.116,GWh
Mexico,2017-04-01,Net Electricity Production,Electricity,24987.353,GWh
Mexico,2017-04-01,Net Electricity Production,Nuclear,999.007,GWh
Mexico,2017-04-01,Net Electricity Production,Total Combustible Fuels,19892.189,GWh
Mexico,2017-04-01,Net Electricity Production,"Coal, Peat and Manufactured Gases",2493.221,GWh
Mexico,2017-04-01,Net Electricity Production,Oil and Petroleum Products,3034.682,GWh
Mexico,2017-04-01,Net Electricity Production,Natural Gas,14092.658,GWh
Mexico,2017-04-01,Net Electricity Production,Combustible Renewables,265.15,GWh
Mexico,2017-04-01,Net Electricity Production,Other Combustible Non-Renewables,6.478,GWh
Mexico,2017-04-01,Net Electricity Production,Hydro,2658.276,GWh
Mexico,2017-04-01,Net Electricity Production,Wind,879.798,GWh
Mexico,2017-04-01,Net Electricity Production,Solar,95.268,GWh
Mexico,2017-04-01,Net Electricity Production,Geothermal,462.815,GWh
Mexico,2017-04-01,Net Electricity Production,"Total Renewables (Hydro, Geo, Solar, Wind, Other)",4361.307,GWh
Mexico,2017-04-01,Total Imports,Electricity,153.409,GWh
Mexico,2017-04-01,Total Exports,Electricity,117.5,GWh
Mexico,2017-04-01,Distribution Losses,Electricity,3549.061,GWh
Mexico,2017-04-01,Final Consumption (Calculated),Electricity,21474.201,GWh
Argentina,2017-04-01,Net Electricity Production,Electricity,10197.063,GWh
Argentina,2017-04-01,Net Electricity Production,Nuclear,244.192,GWh
Argentina,2017-04-01,Net Electricity Production,Total Combustible Fuels,7756.606,GWh
Argentina,2017-04-01,Net Electricity Production,"Coal, Peat and Manufactured Gases",276.379,GWh
Argentina,2017-04-01,Net Electricity Production,Oil and Petroleum Products,902.217,GWh
Argentina,2017-04-01,Net Electricity Production,Natural Gas,6520.064,GWh
Argentina,2017-04-01,Net Electricity Production,Combustible Renewables,57.947,GWh
Argentina,2017-04-01,Net Electricity Production,Other Combustible Non-Renewables,0.0,GWh
Argentina,2017-04-01,Net Electricity Production,Hydro,2149.589,GWh
Argentina,2017-04-01,Net Electricity Production,Wind,45.599,GWh
Argentina,2017-04-01,Net Electricity Production,Solar,1.077,GWh
Argentina,2017-04-01,Net Electricity Production,Geothermal,0.0,GWh
Argentina,2017-04-01,Net Electricity Production,"Total Renewables (Hydro, Geo, Solar, Wind, Other)",2254.211,GWh
Brazil,2017-04-01,Net Electricity Production,Electricity,46637.8141,GWh
Brazil,2017-04-01,Net Electricity Production,Nuclear,1347.216,GWh
Brazil,2017-04-01,Net Electricity Production,Total Combustible Fuels,11520.2184,GWh
Brazil,2017-04-01,Net Electricity Production,"Coal, Peat and Manufactured Gases",1638.8206,GWh
Brazil,2017-04-01,Net Electricity Production,Oil and Petroleum Products,645.169,GWh
Brazil,2017-04-01,Net Electricity Production,Natural Gas,5488.3376,GWh
Brazil,2017-04-01,Net Electricity Production,Combustible Renewables,3554.5636,GWh
Brazil,2017-04-01,Net Electricity Production,Other Combustible Non-Renewables,193.3276,GWh
Brazil,2017-04-01,Net Electricity Production,Hydro,31214.4602,GWh
Brazil,2017-04-01,Net Electricity Production,Wind,2553.3454,GWh
Brazil,2017-04-01,Net Electricity Production,Solar,2.574,GWh
Brazil,2017-04-01,Net Electricity Production,Geothermal,0.0,GWh
Brazil,2017-04-01,Net Electricity Production,Other Renewables,0.0,GWh
Brazil,2017-04-01,Net Electricity Production,Not Specified,0.0,GWh
Brazil,2017-04-01,Net Electricity Production,"Total Renewables (Hydro, Geo, Solar, Wind, Other)",37324.9432,GWh
Chile,2017-03-01,Net Electricity Production,Electricity,6440.276,GWh
Chile,2017-03-01,Net Electricity Production,Total Combustible Fuels,4652.63,GWh
Chile,2017-03-01,Net Electricity Production,"Coal, Peat and Manufactured Gases",2427.659,GWh
Chile,2017-03-01,Net Electricity Production,Oil and Petroleum Products,159.437,GWh
Chile,2017-03-01,Net Electricity Production,Natural Gas,1528.246,GWh
Chile,2017-03-01,Net Electricity Production,Combustible Renewables,537.288,GWh
Chile,2017-03-01,Net Electricity Production,Hydro,1218.459,GWh
Chile,2017-03-01,Net Electricity Production,Wind,252.558,GWh
Chile,2017-03-01,Net Electricity Production,Solar,316.626,GWh
Chile,2017-03-01,Net Electricity Production,Geothermal,0.003,GWh
Chile,2017-03-01,Net Electricity Production,"Total Renewables (Hydro, Geo, Solar, Wind, Other)",2324.934,GWh
Chile,2017-03-01,Total Exports,Electricity,2.582,GWh
Chile,2017-03-01,Distribution Losses,Electricity,336.295,GWh
Chile,2017-03-01,Final Consumption (Calculated),Electricity,6101.399,GWh
Colombia,2017-03-01,Net Electricity Production,Electricity,6384.27,GWh
Colombia,2017-03-01,Net Electricity Production,Total Combustible Fuels,1538.982,GWh
Colombia,2017-03-01,Net Electricity Production,"Coal, Peat and Manufactured Gases",330.775,GWh
Colombia,2017-03-01,Net Electricity Production,Oil and Petroleum Products,179.389,GWh
Colombia,2017-03-01,Net Electricity Production,Natural Gas,912.553,GWh
Colombia,2017-03-01,Net Electricity Production,Combustible Renewables,116.265,GWh
Colombia,2017-03-01,Net Electricity Production,Hydro,4844.229,GWh
Colombia,2017-03-01,Net Electricity Production,Solar,1.059,GWh
Colombia,2017-03-01,Net Electricity Production,"Total Renewables (Hydro, Geo, Solar, Wind, Other)",4961.553,GWh
Colombia,2017-03-01,Total Imports,Electricity,33.172,GWh
Colombia,2017-03-01,Total Exports,Electricity,0.029,GWh
Colombia,2017-03-01,Distribution Losses,Electricity,519.471,GWh
Colombia,2017-03-01,Final Consumption (Calculated),Electricity,5897.942,GWh
Mexico,2017-03-01,Net Electricity Production,Electricity,25262.467,GWh
Mexico,2017-03-01,Net Electricity Production,Nuclear,1035.877,GWh
Mexico,2017-03-01,Net Electricity Production,Total Combustible Fuels,20556.94,GWh
Mexico,2017-03-01,Net Electricity Production,"Coal, Peat and Manufactured Gases",2535.353,GWh
Mexico,2017-03-01,Net Electricity Production,Oil and Petroleum Products,3077.231,GWh
Mexico,2017-03-01,Net Electricity Production,Natural Gas,14647.466,GWh
Mexico,2017-03-01,Net Electricity Production,Combustible Renewables,287.271,GWh
Mexico,2017-03-01,Net Electricity Production,Other Combustible Non-Renewables,9.619,GWh
Mexico,2017-03-01,Net Electricity Production,Hydro,1898.365,GWh
Mexico,2017-03-01,Net Electricity Production,Wind,1201.708,GWh
Mexico,2017-03-01,Net Electricity Production,Solar,73.795,GWh
Mexico,2017-03-01,Net Electricity Production,Geothermal,495.782,GWh
Mexico,2017-03-01,Net Electricity Production,"Total Renewables (Hydro, Geo, Solar, Wind, Other)",3956.921,GWh
Mexico,2017-03-01,Total Imports,Electricity,127.432,GWh
Mexico,2017-03-01,Total Exports,Electricity,203.056,GWh
Mexico,2017-03-01,Distribution Losses,Electricity,3584.231,GWh
Mexico,2017-03-01,Final Consumption (Calculated),Electricity,21602.612,GWh
Argentina,2017-03-01,Net Electricity Production,Electricity,11686.493,GWh
Argentina,2017-03-01,Net Electricity Production,Nuclear,514.62,GWh
Argentina,2017-03-01,Net Electricity Production,Total Combustible Fuels,8670.94,GWh
Argentina,2017-03-01,Net Electricity Production,"Coal, Peat and Manufactured Gases",161.681,GWh
Argentina,2017-03-01,Net Electricity Production,Oil and Petroleum Products,1315.305,GWh
Argentina,2017-03-01,Net Electricity Production,Natural Gas,7090.955,GWh
Argentina,2017-03-01,Net Electricity Production,Combustible Renewables,102.999,GWh
Argentina,2017-03-01,Net Electricity Production,Other Combustible Non-Renewables,0.0,GWh
Argentina,2017-03-01,Net Electricity Production,Hydro,2456.312,GWh
Argentina,2017-03-01,Net Electricity Production,Wind,43.241,GWh
Argentina,2017-03-01,Net Electricity Production,Solar,1.381,GWh
Argentina,2017-03-01,Net Electricity Production,Geothermal,0.0,GWh
Argentina,2017-03-01,Net Electricity Production,"Total Renewables (Hydro, Geo, Solar, Wind, Other)",2603.932,GWh
Brazil,2017-03-01,Net Electricity Production,Electricity,49618.6312,GWh
Brazil,2017-03-01,Net Electricity Production,Nuclear,1236.822,GWh
Brazil,2017-03-01,Net Electricity Production,Total Combustible Fuels,8898.204,GWh
Brazil,2017-03-01,Net Electricity Production,"Coal, Peat and Manufactured Gases",1755.0829,GWh
Brazil,2017-03-01,Net Electricity Production,Oil and Petroleum Products,810.3514,GWh
Brazil,2017-03-01,Net Electricity Production,Natural Gas,4626.2544,GWh
Brazil,2017-03-01,Net Electricity Production,Combustible Renewables,1513.1877,GWh
Brazil,2017-03-01,Net Electricity Production,Other Combustible Non-Renewables,193.3276,GWh
Brazil,2017-03-01,Net Electricity Production,Hydro,37444.0469,GWh
Brazil,2017-03-01,Net Electricity Production,Wind,2036.9842,GWh
Brazil,2017-03-01,Net Electricity Production,Solar,2.574,GWh
Brazil,2017-03-01,Net Electricity Production,Geothermal,0.0,GWh
Brazil,2017-03-01,Net Electricity Production,Other Renewables,0.0,GWh
Brazil,2017-03-01,Net Electricity Production,Not Specified,0.0,GWh
Brazil,2017-03-01,Net Electricity Production,"Total Renewables (Hydro, Geo, Solar, Wind, Other)",40996.7928,GWh
Chile,2017-02-01,Net Electricity Production,Electricity,5889.387,GWh
Chile,2017-02-01,Net Electricity Production,Total Combustible Fuels,3837.072,GWh
Chile,2017-02-01,Net Electricity Production,"Coal, Peat and Manufactured Gases",2170.126,GWh
Chile,2017-02-01,Net Electricity Production,Oil and Petroleum Products,57.158,GWh
Chile,2017-02-01,Net Electricity Production,Natural Gas,1162.855,GWh
Chile,2017-02-01,Net Electricity Production,Combustible Renewables,446.933,GWh
Chile,2017-02-01,Net Electricity Production,Hydro,1530.102,GWh
Chile,2017-02-01,Net Electricity Production,Wind,222.636,GWh
Chile,2017-02-01,Net Electricity Production,Solar,299.577,GWh
Chile,2017-02-01,Net Electricity Production,Not Specified,0.0,GWh
Chile,2017-02-01,Net Electricity Production,"Total Renewables (Hydro, Geo, Solar, Wind, Other)",2499.248,GWh
Chile,2017-02-01,Total Exports,Electricity,14.504,GWh
Chile,2017-02-01,Distribution Losses,Electricity,315.185,GWh
Chile,2017-02-01,Final Consumption (Calculated),Electricity,5559.698,GWh
Colombia,2017-02-01,Net Electricity Production,Electricity,6028.575,GWh
Colombia,2017-02-01,Net Electricity Production,Total Combustible Fuels,1583.919,GWh
Colombia,2017-02-01,Net Electricity Production,"Coal, Peat and Manufactured Gases",388.654,GWh
Colombia,2017-02-01,Net Electricity Production,Oil and Petroleum Products,174.644,GWh
Colombia,2017-02-01,Net Electricity Production,Natural Gas,906.204,GWh
Colombia,2017-02-01,Net Electricity Production,Combustible Renewables,114.417,GWh
Colombia,2017-02-01,Net Electricity Production,Hydro,4443.333,GWh
Colombia,2017-02-01,Net Electricity Production,Solar,1.323,GWh
Colombia,2017-02-01,Net Electricity Production,"Total Renewables (Hydro, Geo, Solar, Wind, Other)",4559.073,GWh
Colombia,2017-02-01,Total Imports,Electricity,0.525,GWh
Colombia,2017-02-01,Total Exports,Electricity,0.057,GWh
Colombia,2017-02-01,Distribution Losses,Electricity,398.645,GWh
Colombia,2017-02-01,Final Consumption (Calculated),Electricity,5630.398,GWh
Mexico,2017-02-01,Net Electricity Production,Electricity,21874.599,GWh
Mexico,2017-02-01,Net Electricity Production,Nuclear,936.106,GWh
Mexico,2017-02-01,Net Electricity Production,Total Combustible Fuels,18156.229,GWh
Mexico,2017-02-01,Net Electricity Production,"Coal, Peat and Manufactured Gases",2349.266,GWh
Mexico,2017-02-01,Net Electricity Production,Oil and Petroleum Products,2666.506,GWh
Mexico,2017-02-01,Net Electricity Production,Natural Gas,12878.769,GWh
Mexico,2017-02-01,Net Electricity Production,Combustible Renewables,250.057,GWh
Mexico,2017-02-01,Net Electricity Production,Other Combustible Non-Renewables,11.631,GWh
Mexico,2017-02-01,Net Electricity Production,Hydro,1403.308,GWh
Mexico,2017-02-01,Net Electricity Production,Wind,862.373,GWh
Mexico,2017-02-01,Net Electricity Production,Solar,61.326,GWh
Mexico,2017-02-01,Net Electricity Production,Geothermal,455.257,GWh
Mexico,2017-02-01,Net Electricity Production,"Total Renewables (Hydro, Geo, Solar, Wind, Other)",3032.321,GWh
Mexico,2017-02-01,Total Imports,Electricity,140.279,GWh
Mexico,2017-02-01,Total Exports,Electricity,192.366,GWh
Mexico,2017-02-01,Distribution Losses,Electricity,3107.788,GWh
Mexico,2017-02-01,Final Consumption (Calculated),Electricity,18714.724,GWh
Argentina,2017-02-01,Net Electricity Production,Electricity,11701.303,GWh
Argentina,2017-02-01,Net Electricity Production,Nuclear,640.168,GWh
Argentina,2017-02-01,Net Electricity Production,Total Combustible Fuels,8556.293,GWh
Argentina,2017-02-01,Net Electricity Production,"Coal, Peat and Manufactured Gases",231.919,GWh
Argentina,2017-02-01,Net Electricity Production,Oil and Petroleum Products,1302.301,GWh
Argentina,2017-02-01,Net Electricity Production,Natural Gas,6928.183,GWh
Argentina,2017-02-01,Net Electricity Production,Combustible Renewables,93.89,GWh
Argentina,2017-02-01,Net Electricity Production,Other Combustible Non-Renewables,0.0,GWh
Argentina,2017-02-01,Net Electricity Production,Hydro,2462.237,GWh
Argentina,2017-02-01,Net Electricity Production,Wind,41.371,GWh
Argentina,2017-02-01,Net Electricity Production,Solar,1.235,GWh
Argentina,2017-02-01,Net Electricity Production,Geothermal,0.0,GWh
Argentina,2017-02-01,Net Electricity Production,"Total Renewables (Hydro, Geo, Solar, Wind, Other)",2598.733,GWh
Brazil,2017-02-01,Net Electricity Production,Electricity,44902.4283,GWh
Brazil,2017-02-01,Net Electricity Production,Nuclear,1124.3836,GWh
Brazil,2017-02-01,Net Electricity Production,Total Combustible Fuels,6090.5761,GWh
Brazil,2017-02-01,Net Electricity Production,"Coal, Peat and Manufactured Gases",1259.7737,GWh
Brazil,2017-02-01,Net Electricity Production,Oil and Petroleum Products,555.3959,GWh
Brazil,2017-02-01,Net Electricity Production,Natural Gas,3349.957,GWh
Brazil,2017-02-01,Net Electricity Production,Combustible Renewables,732.1218,GWh
Brazil,2017-02-01,Net Electricity Production,Other Combustible Non-Renewables,193.3276,GWh
Brazil,2017-02-01,Net Electricity Production,Hydro,35513.7378,GWh
Brazil,2017-02-01,Net Electricity Production,Wind,2171.1568,GWh
Brazil,2017-02-01,Net Electricity Production,Solar,2.574,GWh
Brazil,2017-02-01,Net Electricity Production,Geothermal,0.0,GWh
Brazil,2017-02-01,Net Electricity Production,Other Renewables,0.0,GWh
Brazil,2017-02-01,Net Electricity Production,Not Specified,0.0,GWh
Brazil,2017-02-01,Net Electricity Production,"Total Renewables (Hydro, Geo, Solar, Wind, Other)",38419.5904,GWh
Chile,2017-01-01,Net Electricity Production,Electricity,6555.893,GWh
Chile,2017-01-01,Net Electricity Production,Total Combustible Fuels,4093.014,GWh
Chile,2017-01-01,Net Electricity Production,"Coal, Peat and Manufactured Gases",2308.995,GWh
Chile,2017-01-01,Net Electricity Production,Oil and Petroleum Products,66.093,GWh
Chile,2017-01-01,Net Electricity Production,Natural Gas,1191.934,GWh
Chile,2017-01-01,Net Electricity Production,Combustible Renewables,525.992,GWh
Chile,2017-01-01,Net Electricity Production,Hydro,1892.683,GWh
Chile,2017-01-01,Net Electricity Production,Wind,246.717,GWh
Chile,2017-01-01,Net Electricity Production,Solar,323.479,GWh
Chile,2017-01-01,Net Electricity Production,Not Specified,0.0,GWh
Chile,2017-01-01,Net Electricity Production,"Total Renewables (Hydro, Geo, Solar, Wind, Other)",2988.871,GWh
Chile,2017-01-01,Distribution Losses,Electricity,355.229,GWh
Chile,2017-01-01,Final Consumption (Calculated),Electricity,6200.664,GWh
Colombia,2017-01-01,Net Electricity Production,Electricity,6317.714,GWh
Colombia,2017-01-01,Net Electricity Production,Total Combustible Fuels,1347.828,GWh
Colombia,2017-01-01,Net Electricity Production,"Coal, Peat and Manufactured Gases",238.004,GWh
Colombia,2017-01-01,Net Electricity Production,Oil and Petroleum Products,170.582,GWh
Colombia,2017-01-01,Net Electricity Production,Natural Gas,823.179,GWh
Colombia,2017-01-01,Net Electricity Production,Combustible Renewables,116.063,GWh
Colombia,2017-01-01,Net Electricity Production,Hydro,4968.19,GWh
Colombia,2017-01-01,Net Electricity Production,Solar,1.696,GWh
Colombia,2017-01-01,Net Electricity Production,"Total Renewables (Hydro, Geo, Solar, Wind, Other)",5085.949,GWh
Colombia,2017-01-01,Total Imports,Electricity,0.254,GWh
Colombia,2017-01-01,Total Exports,Electricity,0.017,GWh
Colombia,2017-01-01,Distribution Losses,Electricity,442.095,GWh
Colombia,2017-01-01,Final Consumption (Calculated),Electricity,5875.856,GWh
Mexico,2017-01-01,Net Electricity Production,Electricity,23519.342,GWh
Mexico,2017-01-01,Net Electricity Production,Nuclear,997.377,GWh
Mexico,2017-01-01,Net Electricity Production,Total Combustible Fuels,19673.373,GWh
Mexico,2017-01-01,Net Electricity Production,"Coal, Peat and Manufactured Gases",2555.022,GWh
Mexico,2017-01-01,Net Electricity Production,Oil and Petroleum Products,3140.076,GWh
Mexico,2017-01-01,Net Electricity Production,Natural Gas,13694.296,GWh
Mexico,2017-01-01,Net Electricity Production,Combustible Renewables,272.446,GWh
Mexico,2017-01-01,Net Electricity Production,Other Combustible Non-Renewables,11.533,GWh
Mexico,2017-01-01,Net Electricity Production,Hydro,1335.929,GWh
Mexico,2017-01-01,Net Electricity Production,Wind,947.413,GWh
Mexico,2017-01-01,Net Electricity Production,Solar,55.323,GWh
Mexico,2017-01-01,Net Electricity Production,Geothermal,509.927,GWh
Mexico,2017-01-01,Net Electricity Production,"Total Renewables (Hydro, Geo, Solar, Wind, Other)",3121.038,GWh
Mexico,2017-01-01,Total Imports,Electricity,142.327,GWh
Mexico,2017-01-01,Total Exports,Electricity,173.234,GWh
Mexico,2017-01-01,Distribution Losses,Electricity,3340.261,GWh
Mexico,2017-01-01,Final Consumption (Calculated),Electricity,20148.174,GWh
Argentina,2017-01-01,Net Electricity Production,Electricity,13253.674,GWh
Argentina,2017-01-01,Net Electricity Production,Nuclear,643.307,GWh
Argentina,2017-01-01,Net Electricity Production,Total Combustible Fuels,9842.985,GWh
Argentina,2017-01-01,Net Electricity Production,"Coal, Peat and Manufactured Gases",212.805,GWh
Argentina,2017-01-01,Net Electricity Production,Oil and Petroleum Products,1389.877,GWh
Argentina,2017-01-01,Net Electricity Production,Natural Gas,8155.811,GWh
Argentina,2017-01-01,Net Electricity Production,Combustible Renewables,84.491,GWh
Argentina,2017-01-01,Net Electricity Production,Other Combustible Non-Renewables,0.0,GWh
Argentina,2017-01-01,Net Electricity Production,Hydro,2710.078,GWh
Argentina,2017-01-01,Net Electricity Production,Wind,55.788,GWh
Argentina,2017-01-01,Net Electricity Production,Solar,1.516,GWh
Argentina,2017-01-01,Net Electricity Production,Geothermal,0.0,GWh
Argentina,2017-01-01,Net Electricity Production,"Total Renewables (Hydro, Geo, Solar, Wind, Other)",2851.873,GWh
Brazil,2017-01-01,Net Electricity Production,Electricity,48967.7583,GWh
Brazil,2017-01-01,Net Electricity Production,Nuclear,1352.3269,GWh
Brazil,2017-01-01,Net Electricity Production,Total Combustible Fuels,7266.7829,GWh
Brazil,2017-01-01,Net Electricity Production,"Coal, Peat and Manufactured Gases",1237.4768,GWh
Brazil,2017-01-01,Net Electricity Production,Oil and Petroleum Products,1050.9432,GWh
Brazil,2017-01-01,Net Electricity Production,Natural Gas,3875.4912,GWh
Brazil,2017-01-01,Net Electricity Production,Combustible Renewables,909.5441,GWh
Brazil,2017-01-01,Net Electricity Production,Other Combustible Non-Renewables,193.3276,GWh
Brazil,2017-01-01,Net Electricity Production,Hydro,37479.3892,GWh
Brazil,2017-01-01,Net Electricity Production,Wind,2865.3984,GWh
Brazil,2017-01-01,Net Electricity Production,Solar,3.861,GWh
Brazil,2017-01-01,Net Electricity Production,Geothermal,0.0,GWh
Brazil,2017-01-01,Net Electricity Production,Other Renewables,0.0,GWh
Brazil,2017-01-01,Net Electricity Production,Not Specified,0.0,GWh
Brazil,2017-01-01,Net Electricity Production,"Total Renewables (Hydro, Geo, Solar, Wind, Other)",41258.1927,GWh
Chile,2016-12-01,Net Electricity Production,Electricity,6629.585,GWh
Chile,2016-12-01,Net Electricity Production,Total Combustible Fuels,3804.991,GWh
Chile,2016-12-01,Net Electricity Production,"Coal, Peat and Manufactured Gases",2462.251,GWh
Chile,2016-12-01,Net Electricity Production,Oil and Petroleum Products,162.331,GWh
Chile,2016-12-01,Net Electricity Production,Natural Gas,709.963,GWh
Chile,2016-12-01,Net Electricity Production,Combustible Renewables,470.446,GWh
Chile,2016-12-01,Net Electricity Production,Hydro,2210.17,GWh
Chile,2016-12-01,Net Electricity Production,Wind,277.525,GWh
Chile,2016-12-01,Net Electricity Production,Solar,336.899,GWh
Chile,2016-12-01,Net Electricity Production,Not Specified,0.0,GWh
Chile,2016-12-01,Net Electricity Production,"Total Renewables (Hydro, Geo, Solar, Wind, Other)",3295.04,GWh
Chile,2016-12-01,Distribution Losses,Electricity,256.95,GWh
Chile,2016-12-01,Final Consumption (Calculated),Electricity,6372.635,GWh
Colombia,2016-12-01,Net Electricity Production,Electricity,6331.143,GWh
Colombia,2016-12-01,Net Electricity Production,Total Combustible Fuels,1451.403,GWh
Colombia,2016-12-01,Net Electricity Production,"Coal, Peat and Manufactured Gases",267.193,GWh
Colombia,2016-12-01,Net Electricity Production,Oil and Petroleum Products,158.637,GWh
Colombia,2016-12-01,Net Electricity Production,Natural Gas,917.621,GWh
Colombia,2016-12-01,Net Electricity Production,Combustible Renewables,107.952,GWh
Colombia,2016-12-01,Net Electricity Production,Hydro,4877.303,GWh
Colombia,2016-12-01,Net Electricity Production,Wind,1.559,GWh
Colombia,2016-12-01,Net Electricity Production,Solar,0.878,GWh
Colombia,2016-12-01,Net Electricity Production,"Total Renewables (Hydro, Geo, Solar, Wind, Other)",4987.692,GWh
Colombia,2016-12-01,Total Imports,Electricity,0.931,GWh
Colombia,2016-12-01,Total Exports,Electricity,0.153,GWh
Colombia,2016-12-01,Distribution Losses,Electricity,573.65,GWh
Colombia,2016-12-01,Final Consumption (Calculated),Electricity,5758.271,GWh
Mexico,2016-12-01,Net Electricity Production,Electricity,22058.403,GWh
Mexico,2016-12-01,Net Electricity Production,Nuclear,1031.494,GWh
Mexico,2016-12-01,Net Electricity Production,Total Combustible Fuels,18594.946,GWh
Mexico,2016-12-01,Net Electricity Production,"Coal, Peat and Manufactured Gases",2076.94,GWh
Mexico,2016-12-01,Net Electricity Production,Oil and Petroleum Products,2460.885,GWh
Mexico,2016-12-01,Net Electricity Production,Natural Gas,13945.864,GWh
Mexico,2016-12-01,Net Electricity Production,Combustible Renewables,105.99,GWh
Mexico,2016-12-01,Net Electricity Production,Other Combustible Non-Renewables,5.267,GWh
Mexico,2016-12-01,Net Electricity Production,Hydro,1044.509,GWh
Mexico,2016-12-01,Net Electricity Production,Wind,856.713,GWh
Mexico,2016-12-01,Net Electricity Production,Solar,21.905,GWh
Mexico,2016-12-01,Net Electricity Production,Geothermal,508.836,GWh
Mexico,2016-12-01,Net Electricity Production,"Total Renewables (Hydro, Geo, Solar, Wind, Other)",2537.953,GWh
Mexico,2016-12-01,Total Imports,Electricity,41.599,GWh
Mexico,2016-12-01,Total Exports,Electricity,146.267,GWh
Mexico,2016-12-01,Distribution Losses,Electricity,2897.48,GWh
Mexico,2016-12-01,Final Consumption (Calculated),Electricity,19056.255,GWh
Argentina,2016-12-01,Net Electricity Production,Electricity,12565.147,GWh
Argentina,2016-12-01,Net Electricity Production,Nuclear,535.968,GWh
Argentina,2016-12-01,Net Electricity Production,Total Combustible Fuels,9369.77,GWh
Argentina,2016-12-01,Net Electricity Production,"Coal, Peat and Manufactured Gases",233.181,GWh
Argentina,2016-12-01,Net Electricity Production,Oil and Petroleum Products,1816.128,GWh
Argentina,2016-12-01,Net Electricity Production,Natural Gas,7295.052,GWh
Argentina,2016-12-01,Net Electricity Production,Combustible Renewables,25.409,GWh
Argentina,2016-12-01,Net Electricity Production,Other Combustible Non-Renewables,0.0,GWh
Argentina,2016-12-01,Net Electricity Production,Hydro,2603.387,GWh
Argentina,2016-12-01,Net Electricity Production,Wind,54.544,GWh
Argentina,2016-12-01,Net Electricity Production,Solar,1.477,GWh
Argentina,2016-12-01,Net Electricity Production,Geothermal,0.0,GWh
Argentina,2016-12-01,Net Electricity Production,"Total Renewables (Hydro, Geo, Solar, Wind, Other)",2684.817,GWh
Brazil,2016-12-01,Net Electricity Production,Electricity,47990.1035,GWh
Brazil,2016-12-01,Net Electricity Production,Nuclear,832.0969,GWh
Brazil,2016-12-01,Net Electricity Production,Total Combustible Fuels,9908.3918,GWh
Brazil,2016-12-01,Net Electricity Production,"Coal, Peat and Manufactured Gases",1654.7128,GWh
Brazil,2016-12-01,Net Electricity Production,Oil and Petroleum Products,1081.0781,GWh
Brazil,2016-12-01,Net Electricity Production,Natural Gas,4493.4654,GWh
Brazil,2016-12-01,Net Electricity Production,Combustible Renewables,2674.0439,GWh
Brazil,2016-12-01,Net Electricity Production,Other Combustible Non-Renewables,5.0917,GWh
Brazil,2016-12-01,Net Electricity Production,Hydro,34188.7518,GWh
Brazil,2016-12-01,Net Electricity Production,Wind,3055.253,GWh
Brazil,2016-12-01,Net Electricity Production,Solar,5.61,GWh
Brazil,2016-12-01,Net Electricity Production,Geothermal,0.0,GWh
Brazil,2016-12-01,Net Electricity Production,Other Renewables,0.0,GWh
Brazil,2016-12-01,Net Electricity Production,Not Specified,0.0,GWh
Brazil,2016-12-01,Net Electricity Production,"Total Renewables (Hydro, Geo, Solar, Wind, Other)",39923.6586,GWh
Chile,2016-11-01,Net Electricity Production,Electricity,6225.073,GWh
Chile,2016-11-01,Net Electricity Production,Total Combustible Fuels,3472.626,GWh
Chile,2016-11-01,Net Electricity Production,"Coal, Peat and Manufactured Gases",2199.013,GWh
Chile,2016-11-01,Net Electricity Production,Oil and Petroleum Products,67.169,GWh
Chile,2016-11-01,Net Electricity Production,Natural Gas,888.752,GWh
Chile,2016-11-01,Net Electricity Production,Combustible Renewables,317.692,GWh
Chile,2016-11-01,Net Electricity Production,Hydro,2182.717,GWh
Chile,2016-11-01,Net Electricity Production,Wind,253.466,GWh
Chile,2016-11-01,Net Electricity Production,Solar,316.264,GWh
Chile,2016-11-01,Net Electricity Production,Not Specified,0.0,GWh
Chile,2016-11-01,Net Electricity Production,"Total Renewables (Hydro, Geo, Solar, Wind, Other)",3070.139,GWh
Chile,2016-11-01,Distribution Losses,Electricity,245.421,GWh
Chile,2016-11-01,Final Consumption (Calculated),Electricity,5979.652,GWh
Colombia,2016-11-01,Net Electricity Production,Electricity,6190.634,GWh
Colombia,2016-11-01,Net Electricity Production,Total Combustible Fuels,1595.315,GWh
Colombia,2016-11-01,Net Electricity Production,"Coal, Peat and Manufactured Gases",343.193,GWh
Colombia,2016-11-01,Net Electricity Production,Oil and Petroleum Products,187.052,GWh
Colombia,2016-11-01,Net Electricity Production,Natural Gas,957.416,GWh
Colombia,2016-11-01,Net Electricity Production,Combustible Renewables,107.654,GWh
Colombia,2016-11-01,Net Electricity Production,Hydro,4593.596,GWh
Colombia,2016-11-01,Net Electricity Production,Wind,1.075,GWh
Colombia,2016-11-01,Net Electricity Production,Solar,0.648,GWh
Colombia,2016-11-01,Net Electricity Production,"Total Renewables (Hydro, Geo, Solar, Wind, Other)",4702.973,GWh
Colombia,2016-11-01,Total Imports,Electricity,2.337,GWh
Colombia,2016-11-01,Total Exports,Electricity,0.864,GWh
Colombia,2016-11-01,Distribution Losses,Electricity,540.528,GWh
Colombia,2016-11-01,Final Consumption (Calculated),Electricity,5651.579,GWh
Mexico,2016-11-01,Net Electricity Production,Electricity,22827.221,GWh
Mexico,2016-11-01,Net Electricity Production,Nuclear,1080.936,GWh
Mexico,2016-11-01,Net Electricity Production,Total Combustible Fuels,18828.848,GWh
Mexico,2016-11-01,Net Electricity Production,"Coal, Peat and Manufactured Gases",2150.923,GWh
Mexico,2016-11-01,Net Electricity Production,Oil and Petroleum Products,2484.71,GWh
Mexico,2016-11-01,Net Electricity Production,Natural Gas,14080.88,GWh
Mexico,2016-11-01,Net Electricity Production,Combustible Renewables,107.017,GWh
Mexico,2016-11-01,Net Electricity Production,Other Combustible Non-Renewables,5.318,GWh
Mexico,2016-11-01,Net Electricity Production,Hydro,1338.539,GWh
Mexico,2016-11-01,Net Electricity Production,Wind,1072.692,GWh
Mexico,2016-11-01,Net Electricity Production,Solar,28.133,GWh
Mexico,2016-11-01,Net Electricity Production,Geothermal,478.073,GWh
Mexico,2016-11-01,Net Electricity Production,"Total Renewables (Hydro, Geo, Solar, Wind, Other)",3024.454,GWh
Mexico,2016-11-01,Total Imports,Electricity,65.527,GWh
Mexico,2016-11-01,Total Exports,Electricity,138.477,GWh
Mexico,2016-11-01,Distribution Losses,Electricity,3001.415,GWh
Mexico,2016-11-01,Final Consumption (Calculated),Electricity,19752.856,GWh
Argentina,2016-11-01,Net Electricity Production,Electricity,10394.708,GWh
Argentina,2016-11-01,Net Electricity Production,Nuclear,651.717,GWh
Argentina,2016-11-01,Net Electricity Production,Total Combustible Fuels,7181.594,GWh
Argentina,2016-11-01,Net Electricity Production,"Coal, Peat and Manufactured Gases",176.455,GWh
Argentina,2016-11-01,Net Electricity Production,Oil and Petroleum Products,1151.12,GWh
Argentina,2016-11-01,Net Electricity Production,Natural Gas,5821.073,GWh
Argentina,2016-11-01,Net Electricity Production,Combustible Renewables,32.947,GWh
Argentina,2016-11-01,Net Electricity Production,Other Combustible Non-Renewables,0.0,GWh
Argentina,2016-11-01,Net Electricity Production,Hydro,2514.232,GWh
Argentina,2016-11-01,Net Electricity Production,Wind,45.753,GWh
Argentina,2016-11-01,Net Electricity Production,Solar,1.412,GWh
Argentina,2016-11-01,Net Electricity Production,Geothermal,0.0,GWh
Argentina,2016-11-01,Net Electricity Production,"Total Renewables (Hydro, Geo, Solar, Wind, Other)",2594.344,GWh
Brazil,2016-11-01,Net Electricity Production,Electricity,47887.6639,GWh
Brazil,2016-11-01,Net Electricity Production,Nuclear,814.6761,GWh
Brazil,2016-11-01,Net Electricity Production,Total Combustible Fuels,14006.144,GWh
Brazil,2016-11-01,Net Electricity Production,"Coal, Peat and Manufactured Gases",2017.7722,GWh
Brazil,2016-11-01,Net Electricity Production,Oil and Petroleum Products,1259.8523,GWh
Brazil,2016-11-01,Net Electricity Production,Natural Gas,6095.6154,GWh
Brazil,2016-11-01,Net Electricity Production,Combustible Renewables,4627.8125,GWh
Brazil,2016-11-01,Net Electricity Production,Other Combustible Non-Renewables,5.0917,GWh
Brazil,2016-11-01,Net Electricity Production,Hydro,29664.5086,GWh
Brazil,2016-11-01,Net Electricity Production,Wind,3393.92,GWh
Brazil,2016-11-01,Net Electricity Production,Solar,8.415,GWh
Brazil,2016-11-01,Net Electricity Production,Geothermal,0.0,GWh
Brazil,2016-11-01,Net Electricity Production,Other Renewables,0.0,GWh
Brazil,2016-11-01,Net Electricity Production,Not Specified,0.0,GWh
Brazil,2016-11-01,Net Electricity Production,"Total Renewables (Hydro, Geo, Solar, Wind, Other)",37694.6562,GWh
Chile,2016-10-01,Net Electricity Production,Electricity,6187.853,GWh
Chile,2016-10-01,Net Electricity Production,Total Combustible Fuels,3750.969,GWh
Chile,2016-10-01,Net Electricity Production,"Coal, Peat and Manufactured Gases",2284.717,GWh
Chile,2016-10-01,Net Electricity Production,Oil and Petroleum Products,35.53,GWh
Chile,2016-10-01,Net Electricity Production,Natural Gas,948.86,GWh
Chile,2016-10-01,Net Electricity Production,Combustible Renewables,481.862,GWh
Chile,2016-10-01,Net Electricity Production,Hydro,1857.037,GWh
Chile,2016-10-01,Net Electricity Production,Wind,286.905,GWh
Chile,2016-10-01,Net Electricity Production,Solar,292.942,GWh
Chile,2016-10-01,Net Electricity Production,Not Specified,0.0,GWh
Chile,2016-10-01,Net Electricity Production,"Total Renewables (Hydro, Geo, Solar, Wind, Other)",2918.746,GWh
Chile,2016-10-01,Distribution Losses,Electricity,251.268,GWh
Chile,2016-10-01,Final Consumption (Calculated),Electricity,5936.585,GWh
Colombia,2016-10-01,Net Electricity Production,Electricity,6325.345,GWh
Colombia,2016-10-01,Net Electricity Production,Total Combustible Fuels,1865.155,GWh
Colombia,2016-10-01,Net Electricity Production,"Coal, Peat and Manufactured Gases",508.56,GWh
Colombia,2016-10-01,Net Electricity Production,Oil and Petroleum Products,175.131,GWh
Colombia,2016-10-01,Net Electricity Production,Natural Gas,1060.533,GWh
Colombia,2016-10-01,Net Electricity Production,Combustible Renewables,120.931,GWh
Colombia,2016-10-01,Net Electricity Production,Hydro,4458.058,GWh
Colombia,2016-10-01,Net Electricity Production,Wind,1.444,GWh
Colombia,2016-10-01,Net Electricity Production,Solar,0.688,GWh
Colombia,2016-10-01,Net Electricity Production,"Total Renewables (Hydro, Geo, Solar, Wind, Other)",4581.121,GWh
Colombia,2016-10-01,Total Imports,Electricity,2.555,GWh
Colombia,2016-10-01,Total Exports,Electricity,2.081,GWh
Colombia,2016-10-01,Distribution Losses,Electricity,584.065,GWh
Colombia,2016-10-01,Final Consumption (Calculated),Electricity,5741.754,GWh
Mexico,2016-10-01,Net Electricity Production,Electricity,26108.755,GWh
Mexico,2016-10-01,Net Electricity Production,Nuclear,1106.574,GWh
Mexico,2016-10-01,Net Electricity Production,Total Combustible Fuels,20858.476,GWh
Mexico,2016-10-01,Net Electricity Production,"Coal, Peat and Manufactured Gases",2307.276,GWh
Mexico,2016-10-01,Net Electricity Production,Oil and Petroleum Products,2763.795,GWh
Mexico,2016-10-01,Net Electricity Production,Natural Gas,15662.453,GWh
Mexico,2016-10-01,Net Electricity Production,Combustible Renewables,119.037,GWh
Mexico,2016-10-01,Net Electricity Production,Other Combustible Non-Renewables,5.915,GWh
Mexico,2016-10-01,Net Electricity Production,Hydro,2430.688,GWh
Mexico,2016-10-01,Net Electricity Production,Wind,1192.066,GWh
Mexico,2016-10-01,Net Electricity Production,Solar,35.293,GWh
Mexico,2016-10-01,Net Electricity Production,Geothermal,485.658,GWh
Mexico,2016-10-01,Net Electricity Production,"Total Renewables (Hydro, Geo, Solar, Wind, Other)",4262.742,GWh
Mexico,2016-10-01,Total Imports,Electricity,168.975,GWh
Mexico,2016-10-01,Total Exports,Electricity,154.927,GWh
Mexico,2016-10-01,Distribution Losses,Electricity,3445.212,GWh
Mexico,2016-10-01,Final Consumption (Calculated),Electricity,22677.591,GWh
Argentina,2016-10-01,Net Electricity Production,Electricity,10553.205,GWh
Argentina,2016-10-01,Net Electricity Production,Nuclear,754.59,GWh
Argentina,2016-10-01,Net Electricity Production,Total Combustible Fuels,7405.849,GWh
Argentina,2016-10-01,Net Electricity Production,"Coal, Peat and Manufactured Gases",173.867,GWh
Argentina,2016-10-01,Net Electricity Production,Oil and Petroleum Products,1183.718,GWh
Argentina,2016-10-01,Net Electricity Production,Natural Gas,6006.182,GWh
Argentina,2016-10-01,Net Electricity Production,Combustible Renewables,42.081,GWh
Argentina,2016-10-01,Net Electricity Production,Other Combustible Non-Renewables,0.0,GWh
Argentina,2016-10-01,Net Electricity Production,Hydro,2346.972,GWh
Argentina,2016-10-01,Net Electricity Production,Wind,44.446,GWh
Argentina,2016-10-01,Net Electricity Production,Solar,1.348,GWh
Argentina,2016-10-01,Net Electricity Production,Geothermal,0.0,GWh
Argentina,2016-10-01,Net Electricity Production,"Total Renewables (Hydro, Geo, Solar, Wind, Other)",2434.847,GWh
Brazil,2016-10-01,Net Electricity Production,Electricity,49019.2487,GWh
Brazil,2016-10-01,Net Electricity Production,Nuclear,1418.2538,GWh
Brazil,2016-10-01,Net Electricity Production,Total Combustible Fuels,14389.0202,GWh
Brazil,2016-10-01,Net Electricity Production,"Coal, Peat and Manufactured Gases",1569.1844,GWh
Brazil,2016-10-01,Net Electricity Production,Oil and Petroleum Products,1210.9424,GWh
Brazil,2016-10-01,Net Electricity Production,Natural Gas,6117.676,GWh
Brazil,2016-10-01,Net Electricity Production,Combustible Renewables,5486.1257,GWh
Brazil,2016-10-01,Net Electricity Production,Other Combustible Non-Renewables,5.0917,GWh
Brazil,2016-10-01,Net Electricity Production,Hydro,29478.2224,GWh
Brazil,2016-10-01,Net Electricity Production,Wind,3725.3373,GWh
Brazil,2016-10-01,Net Electricity Production,Solar,8.415,GWh
Brazil,2016-10-01,Net Electricity Production,Geothermal,0.0,GWh
Brazil,2016-10-01,Net Electricity Production,Other Renewables,0.0,GWh
Brazil,2016-10-01,Net Electricity Production,Not Specified,0.0,GWh
Brazil,2016-10-01,Net Electricity Production,"Total Renewables (Hydro, Geo, Solar, Wind, Other)",38698.1005,GWh
Chile,2016-09-01,Net Electricity Production,Electricity,6071.708,GWh
Chile,2016-09-01,Net Electricity Production,Total Combustible Fuels,3855.382,GWh
Chile,2016-09-01,Net Electricity Production,"Coal, Peat and Manufactured Gases",2447.252,GWh
Chile,2016-09-01,Net Electricity Production,Oil and Petroleum Products,93.564,GWh
Chile,2016-09-01,Net Electricity Production,Natural Gas,831.516,GWh
Chile,2016-09-01,Net Electricity Production,Combustible Renewables,483.05,GWh
Chile,2016-09-01,Net Electricity Production,Hydro,1741.189,GWh
Chile,2016-09-01,Net Electricity Production,Wind,205.033,GWh
Chile,2016-09-01,Net Electricity Production,Solar,270.104,GWh
Chile,2016-09-01,Net Electricity Production,Not Specified,0.0,GWh
Chile,2016-09-01,Net Electricity Production,"Total Renewables (Hydro, Geo, Solar, Wind, Other)",2699.376,GWh
Chile,2016-09-01,Distribution Losses,Electricity,251.268,GWh
Chile,2016-09-01,Final Consumption (Calculated),Electricity,5820.44,GWh
Colombia,2016-09-01,Net Electricity Production,Electricity,6302.459,GWh
Colombia,2016-09-01,Net Electricity Production,Total Combustible Fuels,1643.562,GWh
Colombia,2016-09-01,Net Electricity Production,"Coal, Peat and Manufactured Gases",287.448,GWh
Colombia,2016-09-01,Net Electricity Production,Oil and Petroleum Products,165.204,GWh
Colombia,2016-09-01,Net Electricity Production,Natural Gas,1073.401,GWh
Colombia,2016-09-01,Net Electricity Production,Combustible Renewables,117.509,GWh
Colombia,2016-09-01,Net Electricity Production,Hydro,4654.819,GWh
Colombia,2016-09-01,Net Electricity Production,Wind,3.333,GWh
Colombia,2016-09-01,Net Electricity Production,Solar,0.745,GWh
Colombia,2016-09-01,Net Electricity Production,"Total Renewables (Hydro, Geo, Solar, Wind, Other)",4776.406,GWh
Colombia,2016-09-01,Total Imports,Electricity,6.3,GWh
Colombia,2016-09-01,Total Exports,Electricity,5.728,GWh
Colombia,2016-09-01,Distribution Losses,Electricity,516.778,GWh
Colombia,2016-09-01,Final Consumption (Calculated),Electricity,5786.253,GWh
Mexico,2016-09-01,Net Electricity Production,Electricity,26378.149,GWh
Mexico,2016-09-01,Net Electricity Production,Nuclear,1025.41,GWh
Mexico,2016-09-01,Net Electricity Production,Total Combustible Fuels,21016.583,GWh
Mexico,2016-09-01,Net Electricity Production,"Coal, Peat and Manufactured Gases",2301.782,GWh
Mexico,2016-09-01,Net Electricity Production,Oil and Petroleum Products,2788.168,GWh
Mexico,2016-09-01,Net Electricity Production,Natural Gas,15800.579,GWh
Mexico,2016-09-01,Net Electricity Production,Combustible Renewables,120.087,GWh
Mexico,2016-09-01,Net Electricity Production,Other Combustible Non-Renewables,5.967,GWh
Mexico,2016-09-01,Net Electricity Production,Hydro,3112.757,GWh
Mexico,2016-09-01,Net Electricity Production,Wind,712.644,GWh
Mexico,2016-09-01,Net Electricity Production,Solar,36.998,GWh
Mexico,2016-09-01,Net Electricity Production,Geothermal,473.757,GWh
Mexico,2016-09-01,Net Electricity Production,"Total Renewables (Hydro, Geo, Solar, Wind, Other)",4456.243,GWh
Mexico,2016-09-01,Total Imports,Electricity,306.317,GWh
Mexico,2016-09-01,Total Exports,Electricity,188.981,GWh
Mexico,2016-09-01,Distribution Losses,Electricity,3498.539,GWh
Mexico,2016-09-01,Final Consumption (Calculated),Electricity,22996.946,GWh
Argentina,2016-09-01,Net Electricity Production,Electricity,10474.386,GWh
Argentina,2016-09-01,Net Electricity Production,Nuclear,538.127,GWh
Argentina,2016-09-01,Net Electricity Production,Total Combustible Fuels,7683.728,GWh
Argentina,2016-09-01,Net Electricity Production,"Coal, Peat and Manufactured Gases",281.148,GWh
Argentina,2016-09-01,Net Electricity Production,Oil and Petroleum Products,1378.108,GWh
Argentina,2016-09-01,Net Electricity Production,Natural Gas,5981.143,GWh
Argentina,2016-09-01,Net Electricity Production,Combustible Renewables,43.329,GWh
Argentina,2016-09-01,Net Electricity Production,Other Combustible Non-Renewables,0.0,GWh
Argentina,2016-09-01,Net Electricity Production,Hydro,2206.687,GWh
Argentina,2016-09-01,Net Electricity Production,Wind,44.537,GWh
Argentina,2016-09-01,Net Electricity Production,Solar,1.307,GWh
Argentina,2016-09-01,Net Electricity Production,Geothermal,0.0,GWh
Argentina,2016-09-01,Net Electricity Production,"Total Renewables (Hydro, Geo, Solar, Wind, Other)",2295.86,GWh
Brazil,2016-09-01,Net Electricity Production,Electricity,47100.7348,GWh
Brazil,2016-09-01,Net Electricity Production,Nuclear,1371.1153,GWh
Brazil,2016-09-01,Net Electricity Production,Total Combustible Fuels,14166.589,GWh
Brazil,2016-09-01,Net Electricity Production,"Coal, Peat and Manufactured Gases",1818.7877,GWh
Brazil,2016-09-01,Net Electricity Production,Oil and Petroleum Products,1256.4792,GWh
Brazil,2016-09-01,Net Electricity Production,Natural Gas,5290.4041,GWh
Brazil,2016-09-01,Net Electricity Production,Combustible Renewables,5795.8264,GWh
Brazil,2016-09-01,Net Electricity Production,Other Combustible Non-Renewables,5.0917,GWh
Brazil,2016-09-01,Net Electricity Production,Hydro,27969.0949,GWh
Brazil,2016-09-01,Net Electricity Production,Wind,3585.5206,GWh
Brazil,2016-09-01,Net Electricity Production,Solar,8.415,GWh
Brazil,2016-09-01,Net Electricity Production,Geothermal,0.0,GWh
Brazil,2016-09-01,Net Electricity Production,Other Renewables,0.0,GWh
Brazil,2016-09-01,Net Electricity Production,Not Specified,0.0,GWh
Brazil,2016-09-01,Net Electricity Production,"Total Renewables (Hydro, Geo, Solar, Wind, Other)",37358.8569,GWh
Chile,2016-08-01,Net Electricity Production,Electricity,6366.392,GWh
Chile,2016-08-01,Net Electricity Production,Total Combustible Fuels,3997.258,GWh
Chile,2016-08-01,Net Electricity Production,"Coal, Peat and Manufactured Gases",2644.405,GWh
Chile,2016-08-01,Net Electricity Production,Oil and Petroleum Products,33.633,GWh
Chile,2016-08-01,Net Electricity Production,Natural Gas,831.522,GWh
Chile,2016-08-01,Net Electricity Production,Combustible Renewables,487.698,GWh
Chile,2016-08-01,Net Electricity Production,Hydro,1870.59,GWh
Chile,2016-08-01,Net Electricity Production,Wind,271.26,GWh
Chile,2016-08-01,Net Electricity Production,Solar,227.284,GWh
Chile,2016-08-01,Net Electricity Production,Not Specified,0.0,GWh
Chile,2016-08-01,Net Electricity Production,"Total Renewables (Hydro, Geo, Solar, Wind, Other)",2856.832,GWh
Chile,2016-08-01,Distribution Losses,Electricity,251.268,GWh
Chile,2016-08-01,Final Consumption (Calculated),Electricity,6115.124,GWh
Colombia,2016-08-01,Net Electricity Production,Electricity,6493.494,GWh
Colombia,2016-08-01,Net Electricity Production,Total Combustible Fuels,1778.515,GWh
Colombia,2016-08-01,Net Electricity Production,"Coal, Peat and Manufactured Gases",463.501,GWh
Colombia,2016-08-01,Net Electricity Production,Oil and Petroleum Products,168.976,GWh
Colombia,2016-08-01,Net Electricity Production,Natural Gas,1025.366,GWh
Colombia,2016-08-01,Net Electricity Production,Combustible Renewables,120.672,GWh
Colombia,2016-08-01,Net Electricity Production,Hydro,4708.546,GWh
Colombia,2016-08-01,Net Electricity Production,Wind,5.683,GWh
Colombia,2016-08-01,Net Electricity Production,Solar,0.75,GWh
Colombia,2016-08-01,Net Electricity Production,"Total Renewables (Hydro, Geo, Solar, Wind, Other)",4835.651,GWh
Colombia,2016-08-01,Total Imports,Electricity,23.645,GWh
Colombia,2016-08-01,Total Exports,Electricity,3.303,GWh
Colombia,2016-08-01,Distribution Losses,Electricity,749.289,GWh
Colombia,2016-08-01,Final Consumption (Calculated),Electricity,5764.547,GWh
Mexico,2016-08-01,Net Electricity Production,Electricity,28021.496,GWh
Mexico,2016-08-01,Net Electricity Production,Nuclear,1139.116,GWh
Mexico,2016-08-01,Net Electricity Production,Total Combustible Fuels,22239.809,GWh
Mexico,2016-08-01,Net Electricity Production,"Coal, Peat and Manufactured Gases",2784.583,GWh
Mexico,2016-08-01,Net Electricity Production,Oil and Petroleum Products,2898.478,GWh
Mexico,2016-08-01,Net Electricity Production,Natural Gas,16425.706,GWh
Mexico,2016-08-01,Net Electricity Production,Combustible Renewables,124.838,GWh
Mexico,2016-08-01,Net Electricity Production,Other Combustible Non-Renewables,6.204,GWh
Mexico,2016-08-01,Net Electricity Production,Hydro,3455.703,GWh
Mexico,2016-08-01,Net Electricity Production,Wind,653.726,GWh
Mexico,2016-08-01,Net Electricity Production,Solar,42.605,GWh
Mexico,2016-08-01,Net Electricity Production,Geothermal,490.537,GWh
Mexico,2016-08-01,Net Electricity Production,"Total Renewables (Hydro, Geo, Solar, Wind, Other)",4767.409,GWh
Mexico,2016-08-01,Total Imports,Electricity,377.568,GWh
Mexico,2016-08-01,Total Exports,Electricity,253.545,GWh
Mexico,2016-08-01,Distribution Losses,Electricity,3723.335,GWh
Mexico,2016-08-01,Final Consumption (Calculated),Electricity,24422.184,GWh
Argentina,2016-08-01,Net Electricity Production,Electricity,11164.818,GWh
Argentina,2016-08-01,Net Electricity Production,Nuclear,504.066,GWh
Argentina,2016-08-01,Net Electricity Production,Total Combustible Fuels,8590.75,GWh
Argentina,2016-08-01,Net Electricity Production,"Coal, Peat and Manufactured Gases",281.984,GWh
Argentina,2016-08-01,Net Electricity Production,Oil and Petroleum Products,1591.317,GWh
Argentina,2016-08-01,Net Electricity Production,Natural Gas,6693.468,GWh
Argentina,2016-08-01,Net Electricity Production,Combustible Renewables,23.982,GWh
Argentina,2016-08-01,Net Electricity Production,Other Combustible Non-Renewables,0.0,GWh
Argentina,2016-08-01,Net Electricity Production,Hydro,2023.766,GWh
Argentina,2016-08-01,Net Electricity Production,Wind,44.938,GWh
Argentina,2016-08-01,Net Electricity Production,Solar,1.297,GWh
Argentina,2016-08-01,Net Electricity Production,Geothermal,0.0,GWh
Argentina,2016-08-01,Net Electricity Production,"Total Renewables (Hydro, Geo, Solar, Wind, Other)",2093.984,GWh
Brazil,2016-08-01,Net Electricity Production,Electricity,48198.4997,GWh
Brazil,2016-08-01,Net Electricity Production,Nuclear,1399.8083,GWh
Brazil,2016-08-01,Net Electricity Production,Total Combustible Fuels,13809.597,GWh
Brazil,2016-08-01,Net Electricity Production,"Coal, Peat and Manufactured Gases",1951.444,GWh
Brazil,2016-08-01,Net Electricity Production,Oil and Petroleum Products,1133.3611,GWh
Brazil,2016-08-01,Net Electricity Production,Natural Gas,4941.5711,GWh
Brazil,2016-08-01,Net Electricity Production,Combustible Renewables,5778.1292,GWh
Brazil,2016-08-01,Net Electricity Production,Other Combustible Non-Renewables,5.0917,GWh
Brazil,2016-08-01,Net Electricity Production,Hydro,29557.7604,GWh
Brazil,2016-08-01,Net Electricity Production,Wind,3422.919,GWh
Brazil,2016-08-01,Net Electricity Production,Solar,8.415,GWh
Brazil,2016-08-01,Net Electricity Production,Geothermal,0.0,GWh
Brazil,2016-08-01,Net Electricity Production,Other Renewables,0.0,GWh
Brazil,2016-08-01,Net Electricity Production,Not Specified,0.0,GWh
Brazil,2016-08-01,Net Electricity Production,"Total Renewables (Hydro, Geo, Solar, Wind, Other)",38767.2236,GWh
Chile,2016-07-01,Net Electricity Production,Electricity,6535.106,GWh
Chile,2016-07-01,Net Electricity Production,Total Combustible Fuels,4641.033,GWh
Chile,2016-07-01,Net Electricity Production,"Coal, Peat and Manufactured Gases",2496.844,GWh
Chile,2016-07-01,Net Electricity Production,Oil and Petroleum Products,452.823,GWh
Chile,2016-07-01,Net Electricity Production,Natural Gas,1147.989,GWh
Chile,2016-07-01,Net Electricity Production,Combustible Renewables,543.377,GWh
Chile,2016-07-01,Net Electricity Production,Hydro,1544.296,GWh
Chile,2016-07-01,Net Electricity Production,Wind,166.025,GWh
Chile,2016-07-01,Net Electricity Production,Solar,183.752,GWh
Chile,2016-07-01,Net Electricity Production,Not Specified,0.0,GWh
Chile,2016-07-01,Net Electricity Production,"Total Renewables (Hydro, Geo, Solar, Wind, Other)",2437.45,GWh
Chile,2016-07-01,Total Imports,Electricity,0.0,GWh
Chile,2016-07-01,Distribution Losses,Electricity,252.981,GWh
Chile,2016-07-01,Final Consumption (Calculated),Electricity,6282.125,GWh
Colombia,2016-07-01,Net Electricity Production,Electricity,6232.295,GWh
Colombia,2016-07-01,Net Electricity Production,Total Combustible Fuels,1644.77,GWh
Colombia,2016-07-01,Net Electricity Production,"Coal, Peat and Manufactured Gases",419.365,GWh
Colombia,2016-07-01,Net Electricity Production,Oil and Petroleum Products,167.389,GWh
Colombia,2016-07-01,Net Electricity Production,Natural Gas,949.527,GWh
Colombia,2016-07-01,Net Electricity Production,Combustible Renewables,108.489,GWh
Colombia,2016-07-01,Net Electricity Production,Hydro,4579.753,GWh
Colombia,2016-07-01,Net Electricity Production,Wind,7.022,GWh
Colombia,2016-07-01,Net Electricity Production,Solar,0.75,GWh
Colombia,2016-07-01,Net Electricity Production,"Total Renewables (Hydro, Geo, Solar, Wind, Other)",4696.014,GWh
Colombia,2016-07-01,Total Imports,Electricity,15.983,GWh
Colombia,2016-07-01,Total Exports,Electricity,0.186,GWh
Colombia,2016-07-01,Distribution Losses,Electricity,598.261,GWh
Colombia,2016-07-01,Final Consumption (Calculated),Electricity,5649.831,GWh
Mexico,2016-07-01,Net Electricity Production,Electricity,28879.025,GWh
Mexico,2016-07-01,Net Electricity Production,Nuclear,1146.474,GWh
Mexico,2016-07-01,Net Electricity Production,Total Combustible Fuels,23117.989,GWh
Mexico,2016-07-01,Net Electricity Production,"Coal, Peat and Manufactured Gases",3047.872,GWh
Mexico,2016-07-01,Net Electricity Production,Oil and Petroleum Products,2990.086,GWh
Mexico,2016-07-01,Net Electricity Production,Natural Gas,16944.848,GWh
Mexico,2016-07-01,Net Electricity Production,Combustible Renewables,128.783,GWh
Mexico,2016-07-01,Net Electricity Production,Other Combustible Non-Renewables,6.4,GWh
Mexico,2016-07-01,Net Electricity Production,Hydro,3040.183,GWh
Mexico,2016-07-01,Net Electricity Production,Wind,1061.624,GWh
Mexico,2016-07-01,Net Electricity Production,Solar,45.26,GWh
Mexico,2016-07-01,Net Electricity Production,Geothermal,467.495,GWh
Mexico,2016-07-01,Net Electricity Production,"Total Renewables (Hydro, Geo, Solar, Wind, Other)",4743.345,GWh
Mexico,2016-07-01,Total Imports,Electricity,400.931,GWh
Mexico,2016-07-01,Total Exports,Electricity,208.909,GWh
Mexico,2016-07-01,Distribution Losses,Electricity,3838.827,GWh
Mexico,2016-07-01,Final Consumption (Calculated),Electricity,25232.22,GWh
Argentina,2016-07-01,Net Electricity Production,Electricity,12481.242,GWh
Argentina,2016-07-01,Net Electricity Production,Nuclear,686.94,GWh
Argentina,2016-07-01,Net Electricity Production,Total Combustible Fuels,9611.715,GWh
Argentina,2016-07-01,Net Electricity Production,"Coal, Peat and Manufactured Gases",263.314,GWh
Argentina,2016-07-01,Net Electricity Production,Oil and Petroleum Products,2116.562,GWh
Argentina,2016-07-01,Net Electricity Production,Natural Gas,7208.433,GWh
Argentina,2016-07-01,Net Electricity Production,Combustible Renewables,23.406,GWh
Argentina,2016-07-01,Net Electricity Production,Other Combustible Non-Renewables,0.0,GWh
Argentina,2016-07-01,Net Electricity Production,Hydro,2140.885,GWh
Argentina,2016-07-01,Net Electricity Production,Wind,40.589,GWh
Argentina,2016-07-01,Net Electricity Production,Solar,1.114,GWh
Argentina,2016-07-01,Net Electricity Production,Geothermal,0.0,GWh
Argentina,2016-07-01,Net Electricity Production,"Total Renewables (Hydro, Geo, Solar, Wind, Other)",2205.994,GWh
Brazil,2016-07-01,Net Electricity Production,Electricity,46628.3182,GWh
Brazil,2016-07-01,Net Electricity Production,Nuclear,1079.0616,GWh
Brazil,2016-07-01,Net Electricity Production,Total Combustible Fuels,12526.5799,GWh
Brazil,2016-07-01,Net Electricity Production,"Coal, Peat and Manufactured Gases",2071.882,GWh
Brazil,2016-07-01,Net Electricity Production,Oil and Petroleum Products,743.7682,GWh
Brazil,2016-07-01,Net Electricity Production,Natural Gas,3892.3145,GWh
Brazil,2016-07-01,Net Electricity Production,Combustible Renewables,5813.5235,GWh
Brazil,2016-07-01,Net Electricity Production,Other Combustible Non-Renewables,5.0917,GWh
Brazil,2016-07-01,Net Electricity Production,Hydro,29670.788,GWh
Brazil,2016-07-01,Net Electricity Production,Wind,3346.2788,GWh
Brazil,2016-07-01,Net Electricity Production,Solar,5.61,GWh
Brazil,2016-07-01,Net Electricity Production,Geothermal,0.0,GWh
Brazil,2016-07-01,Net Electricity Production,Other Renewables,0.0,GWh
Brazil,2016-07-01,Net Electricity Production,Not Specified,0.0,GWh
Brazil,2016-07-01,Net Electricity Production,"Total Renewables (Hydro, Geo, Solar, Wind, Other)",38836.2003,GWh
Chile,2016-06-01,Net Electricity Production,Electricity,6559.772,GWh
Chile,2016-06-01,Net Electricity Production,Total Combustible Fuels,4613.543,GWh
Chile,2016-06-01,Net Electricity Production,"Coal, Peat and Manufactured Gases",2381.348,GWh
Chile,2016-06-01,Net Electricity Production,Oil and Petroleum Products,628.294,GWh
Chile,2016-06-01,Net Electricity Production,Natural Gas,1073.161,GWh
Chile,2016-06-01,Net Electricity Production,Combustible Renewables,530.74,GWh
Chile,2016-06-01,Net Electricity Production,Hydro,1607.805,GWh
Chile,2016-06-01,Net Electricity Production,Wind,194.592,GWh
Chile,2016-06-01,Net Electricity Production,Solar,143.832,GWh
Chile,2016-06-01,Net Electricity Production,Not Specified,0.0,GWh
Chile,2016-06-01,Net Electricity Production,"Total Renewables (Hydro, Geo, Solar, Wind, Other)",2476.969,GWh
Chile,2016-06-01,Total Exports,Electricity,0.579,GWh
Chile,2016-06-01,Distribution Losses,Electricity,255.779,GWh
Chile,2016-06-01,Final Consumption (Calculated),Electricity,6303.414,GWh
Colombia,2016-06-01,Net Electricity Production,Electricity,6097.118,GWh
Colombia,2016-06-01,Net Electricity Production,Total Combustible Fuels,1835.016,GWh
Colombia,2016-06-01,Net Electricity Production,"Coal, Peat and Manufactured Gases",413.337,GWh
Colombia,2016-06-01,Net Electricity Production,Oil and Petroleum Products,171.988,GWh
Colombia,2016-06-01,Net Electricity Production,Natural Gas,1147.522,GWh
Colombia,2016-06-01,Net Electricity Production,Combustible Renewables,102.169,GWh
Colombia,2016-06-01,Net Electricity Production,Hydro,4255.49,GWh
Colombia,2016-06-01,Net Electricity Production,Wind,5.915,GWh
Colombia,2016-06-01,Net Electricity Production,Solar,0.697,GWh
Colombia,2016-06-01,Net Electricity Production,"Total Renewables (Hydro, Geo, Solar, Wind, Other)",4364.271,GWh
Colombia,2016-06-01,Total Imports,Electricity,40.357,GWh
Colombia,2016-06-01,Total Exports,Electricity,0.383,GWh
Colombia,2016-06-01,Distribution Losses,Electricity,508.33,GWh
Colombia,2016-06-01,Final Consumption (Calculated),Electricity,5628.762,GWh
Mexico,2016-06-01,Net Electricity Production,Electricity,27622.419,GWh
Mexico,2016-06-01,Net Electricity Production,Nuclear,1074.983,GWh
Mexico,2016-06-01,Net Electricity Production,Total Combustible Fuels,22526.234,GWh
Mexico,2016-06-01,Net Electricity Production,"Coal, Peat and Manufactured Gases",3204.825,GWh
Mexico,2016-06-01,Net Electricity Production,Oil and Petroleum Products,2878.542,GWh
Mexico,2016-06-01,Net Electricity Production,Natural Gas,16312.727,GWh
Mexico,2016-06-01,Net Electricity Production,Combustible Renewables,123.979,GWh
Mexico,2016-06-01,Net Electricity Production,Other Combustible Non-Renewables,6.161,GWh
Mexico,2016-06-01,Net Electricity Production,Hydro,2942.732,GWh
Mexico,2016-06-01,Net Electricity Production,Wind,537.941,GWh
Mexico,2016-06-01,Net Electricity Production,Solar,48.59,GWh
Mexico,2016-06-01,Net Electricity Production,Geothermal,491.939,GWh
Mexico,2016-06-01,Net Electricity Production,"Total Renewables (Hydro, Geo, Solar, Wind, Other)",4145.181,GWh
Mexico,2016-06-01,Total Imports,Electricity,386.705,GWh
Mexico,2016-06-01,Total Exports,Electricity,202.287,GWh
Mexico,2016-06-01,Distribution Losses,Electricity,3672.211,GWh
Mexico,2016-06-01,Final Consumption (Calculated),Electricity,24134.626,GWh
Argentina,2016-06-01,Net Electricity Production,Electricity,12398.284,GWh
Argentina,2016-06-01,Net Electricity Production,Nuclear,702.222,GWh
Argentina,2016-06-01,Net Electricity Production,Total Combustible Fuels,9208.799,GWh
Argentina,2016-06-01,Net Electricity Production,"Coal, Peat and Manufactured Gases",97.998,GWh
Argentina,2016-06-01,Net Electricity Production,Oil and Petroleum Products,1893.802,GWh
Argentina,2016-06-01,Net Electricity Production,Natural Gas,6639.911,GWh
Argentina,2016-06-01,Net Electricity Production,Combustible Renewables,577.089,GWh
Argentina,2016-06-01,Net Electricity Production,Other Combustible Non-Renewables,0.0,GWh
Argentina,2016-06-01,Net Electricity Production,Hydro,2444.729,GWh
Argentina,2016-06-01,Net Electricity Production,Wind,41.783,GWh
Argentina,2016-06-01,Net Electricity Production,Solar,0.751,GWh
Argentina,2016-06-01,Net Electricity Production,Geothermal,0.0,GWh
Argentina,2016-06-01,Net Electricity Production,"Total Renewables (Hydro, Geo, Solar, Wind, Other)",3064.351,GWh
Brazil,2016-06-01,Net Electricity Production,Electricity,44804.3118,GWh
Brazil,2016-06-01,Net Electricity Production,Nuclear,1176.4128,GWh
Brazil,2016-06-01,Net Electricity Production,Total Combustible Fuels,11661.6363,GWh
Brazil,2016-06-01,Net Electricity Production,"Coal, Peat and Manufactured Gases",2424.4684,GWh
Brazil,2016-06-01,Net Electricity Production,Oil and Petroleum Products,969.7658,GWh
Brazil,2016-06-01,Net Electricity Production,Natural Gas,3528.3148,GWh
Brazil,2016-06-01,Net Electricity Production,Combustible Renewables,4733.9956,GWh
Brazil,2016-06-01,Net Electricity Production,Other Combustible Non-Renewables,5.0917,GWh
Brazil,2016-06-01,Net Electricity Production,Hydro,29269.9586,GWh
Brazil,2016-06-01,Net Electricity Production,Wind,2690.694,GWh
Brazil,2016-06-01,Net Electricity Production,Solar,5.61,GWh
Brazil,2016-06-01,Net Electricity Production,Geothermal,0.0,GWh
Brazil,2016-06-01,Net Electricity Production,Other Renewables,0.0,GWh
Brazil,2016-06-01,Net Electricity Production,Not Specified,0.0,GWh
Brazil,2016-06-01,Net Electricity Production,"Total Renewables (Hydro, Geo, Solar, Wind, Other)",36700.2582,GWh
Chile,2016-05-01,Net Electricity Production,Electricity,6494.407,GWh
Chile,2016-05-01,Net Electricity Production,Total Combustible Fuels,4422.937,GWh
Chile,2016-05-01,Net Electricity Production,"Coal, Peat and Manufactured Gases",2585.905,GWh
Chile,2016-05-01,Net Electricity Production,Oil and Petroleum Products,360.19,GWh
Chile,2016-05-01,Net Electricity Production,Natural Gas,980.348,GWh
Chile,2016-05-01,Net Electricity Production,Combustible Renewables,496.494,GWh
Chile,2016-05-01,Net Electricity Production,Hydro,1794.15,GWh
Chile,2016-05-01,Net Electricity Production,Wind,136.878,GWh
Chile,2016-05-01,Net Electricity Production,Solar,140.442,GWh
Chile,2016-05-01,Net Electricity Production,Not Specified,0.0,GWh
Chile,2016-05-01,Net Electricity Production,"Total Renewables (Hydro, Geo, Solar, Wind, Other)",2567.964,GWh
Chile,2016-05-01,Total Exports,Electricity,0.502,GWh
Chile,2016-05-01,Distribution Losses,Electricity,256.845,GWh
Chile,2016-05-01,Final Consumption (Calculated),Electricity,6237.06,GWh
Colombia,2016-05-01,Net Electricity Production,Electricity,6233.015,GWh
Colombia,2016-05-01,Net Electricity Production,Total Combustible Fuels,1771.985,GWh
Colombia,2016-05-01,Net Electricity Production,"Coal, Peat and Manufactured Gases",370.827,GWh
Colombia,2016-05-01,Net Electricity Production,Oil and Petroleum Products,168.265,GWh
Colombia,2016-05-01,Net Electricity Production,Natural Gas,1133.33,GWh
Colombia,2016-05-01,Net Electricity Production,Combustible Renewables,99.563,GWh
Colombia,2016-05-01,Net Electricity Production,Hydro,4456.328,GWh
Colombia,2016-05-01,Net Electricity Production,Wind,4.032,GWh
Colombia,2016-05-01,Net Electricity Production,Solar,0.67,GWh
Colombia,2016-05-01,Net Electricity Production,"Total Renewables (Hydro, Geo, Solar, Wind, Other)",4560.593,GWh
Colombia,2016-05-01,Total Imports,Electricity,63.687,GWh
Colombia,2016-05-01,Total Exports,Electricity,0.91,GWh
Colombia,2016-05-01,Distribution Losses,Electricity,637.389,GWh
Colombia,2016-05-01,Final Consumption (Calculated),Electricity,5658.403,GWh
Mexico,2016-05-01,Net Electricity Production,Electricity,27413.158,GWh
Mexico,2016-05-01,Net Electricity Production,Nuclear,909.726,GWh
Mexico,2016-05-01,Net Electricity Production,Total Combustible Fuels,21868.649,GWh
Mexico,2016-05-01,Net Electricity Production,"Coal, Peat and Manufactured Gases",3264.431,GWh
Mexico,2016-05-01,Net Electricity Production,Oil and Petroleum Products,2771.693,GWh
Mexico,2016-05-01,Net Electricity Production,Natural Gas,15707.216,GWh
Mexico,2016-05-01,Net Electricity Production,Combustible Renewables,119.377,GWh
Mexico,2016-05-01,Net Electricity Production,Other Combustible Non-Renewables,5.932,GWh
Mexico,2016-05-01,Net Electricity Production,Hydro,3610.318,GWh
Mexico,2016-05-01,Net Electricity Production,Wind,472.461,GWh
Mexico,2016-05-01,Net Electricity Production,Solar,54.264,GWh
Mexico,2016-05-01,Net Electricity Production,Geothermal,497.74,GWh
Mexico,2016-05-01,Net Electricity Production,"Total Renewables (Hydro, Geo, Solar, Wind, Other)",4754.16,GWh
Mexico,2016-05-01,Total Imports,Electricity,219.837,GWh
Mexico,2016-05-01,Total Exports,Electricity,154.082,GWh
Mexico,2016-05-01,Distribution Losses,Electricity,3622.898,GWh
Mexico,2016-05-01,Final Consumption (Calculated),Electricity,23856.015,GWh
Argentina,2016-05-01,Net Electricity Production,Electricity,11813.338,GWh
Argentina,2016-05-01,Net Electricity Production,Nuclear,763.044,GWh
Argentina,2016-05-01,Net Electricity Production,Total Combustible Fuels,8180.072,GWh
Argentina,2016-05-01,Net Electricity Production,"Coal, Peat and Manufactured Gases",46.442,GWh
Argentina,2016-05-01,Net Electricity Production,Oil and Petroleum Products,2003.11,GWh
Argentina,2016-05-01,Net Electricity Production,Natural Gas,5918.271,GWh
Argentina,2016-05-01,Net Electricity Production,Combustible Renewables,212.249,GWh
Argentina,2016-05-01,Net Electricity Production,Other Combustible Non-Renewables,0.0,GWh
Argentina,2016-05-01,Net Electricity Production,Hydro,2836.279,GWh
Argentina,2016-05-01,Net Electricity Production,Wind,33.429,GWh
Argentina,2016-05-01,Net Electricity Production,Solar,0.513,GWh
Argentina,2016-05-01,Net Electricity Production,Geothermal,0.0,GWh
Argentina,2016-05-01,Net Electricity Production,"Total Renewables (Hydro, Geo, Solar, Wind, Other)",3082.471,GWh
Brazil,2016-05-01,Net Electricity Production,Electricity,46719.8101,GWh
Brazil,2016-05-01,Net Electricity Production,Nuclear,1405.9568,GWh
Brazil,2016-05-01,Net Electricity Production,Total Combustible Fuels,11531.7556,GWh
Brazil,2016-05-01,Net Electricity Production,"Coal, Peat and Manufactured Gases",2033.4815,GWh
Brazil,2016-05-01,Net Electricity Production,Oil and Petroleum Products,991.691,GWh
Brazil,2016-05-01,Net Electricity Production,Natural Gas,3571.0572,GWh
Brazil,2016-05-01,Net Electricity Production,Combustible Renewables,4930.4343,GWh
Brazil,2016-05-01,Net Electricity Production,Other Combustible Non-Renewables,5.0917,GWh
Brazil,2016-05-01,Net Electricity Production,Hydro,31391.319,GWh
Brazil,2016-05-01,Net Electricity Production,Wind,2385.1687,GWh
Brazil,2016-05-01,Net Electricity Production,Solar,5.61,GWh
Brazil,2016-05-01,Net Electricity Production,Geothermal,0.0,GWh
Brazil,2016-05-01,Net Electricity Production,Other Renewables,0.0,GWh
Brazil,2016-05-01,Net Electricity Production,Not Specified,0.0,GWh
Brazil,2016-05-01,Net Electricity Production,"Total Renewables (Hydro, Geo, Solar, Wind, Other)",38712.532,GWh
Chile,2016-04-01,Net Electricity Production,Electricity,6120.882,GWh
Chile,2016-04-01,Net Electricity Production,Total Combustible Fuels,4045.88,GWh
Chile,2016-04-01,Net Electricity Production,"Coal, Peat and Manufactured Gases",2391.712,GWh
Chile,2016-04-01,Net Electricity Production,Oil and Petroleum Products,192.983,GWh
Chile,2016-04-01,Net Electricity Production,Natural Gas,981.832,GWh
Chile,2016-04-01,Net Electricity Production,Combustible Renewables,479.353,GWh
Chile,2016-04-01,Net Electricity Production,Hydro,1745.431,GWh
Chile,2016-04-01,Net Electricity Production,Wind,178.041,GWh
Chile,2016-04-01,Net Electricity Production,Solar,151.53,GWh
Chile,2016-04-01,Net Electricity Production,Not Specified,0.0,GWh
Chile,2016-04-01,Net Electricity Production,"Total Renewables (Hydro, Geo, Solar, Wind, Other)",2554.355,GWh
Chile,2016-04-01,Total Exports,Electricity,0.053,GWh
Chile,2016-04-01,Distribution Losses,Electricity,242.483,GWh
Chile,2016-04-01,Final Consumption (Calculated),Electricity,5878.346,GWh
Colombia,2016-04-01,Net Electricity Production,Electricity,5988.204,GWh
Colombia,2016-04-01,Net Electricity Production,Total Combustible Fuels,2552.592,GWh
Colombia,2016-04-01,Net Electricity Production,"Coal, Peat and Manufactured Gases",606.024,GWh
Colombia,2016-04-01,Net Electricity Production,Oil and Petroleum Products,431.193,GWh
Colombia,2016-04-01,Net Electricity Production,Natural Gas,1390.962,GWh
Colombia,2016-04-01,Net Electricity Production,Combustible Renewables,124.413,GWh
Colombia,2016-04-01,Net Electricity Production,Hydro,3430.949,GWh
Colombia,2016-04-01,Net Electricity Production,Wind,4.103,GWh
Colombia,2016-04-01,Net Electricity Production,Solar,0.56,GWh
Colombia,2016-04-01,Net Electricity Production,"Total Renewables (Hydro, Geo, Solar, Wind, Other)",3560.025,GWh
Colombia,2016-04-01,Total Imports,Electricity,66.492,GWh
Colombia,2016-04-01,Total Exports,Electricity,1.206,GWh
Colombia,2016-04-01,Distribution Losses,Electricity,517.212,GWh
Colombia,2016-04-01,Final Consumption (Calculated),Electricity,5536.278,GWh
Mexico,2016-04-01,Net Electricity Production,Electricity,25541.536,GWh
Mexico,2016-04-01,Net Electricity Production,Nuclear,560.665,GWh
Mexico,2016-04-01,Net Electricity Production,Total Combustible Fuels,20436.121,GWh
Mexico,2016-04-01,Net Electricity Production,"Coal, Peat and Manufactured Gases",2656.842,GWh
Mexico,2016-04-01,Net Electricity Production,Oil and Petroleum Products,2648.792,GWh
Mexico,2016-04-01,Net Electricity Production,Natural Gas,15010.734,GWh
Mexico,2016-04-01,Net Electricity Production,Combustible Renewables,114.084,GWh
Mexico,2016-04-01,Net Electricity Production,Other Combustible Non-Renewables,5.669,GWh
Mexico,2016-04-01,Net Electricity Production,Hydro,3231.094,GWh
Mexico,2016-04-01,Net Electricity Production,Wind,791.257,GWh
Mexico,2016-04-01,Net Electricity Production,Solar,44.996,GWh
Mexico,2016-04-01,Net Electricity Production,Geothermal,477.403,GWh
Mexico,2016-04-01,Net Electricity Production,"Total Renewables (Hydro, Geo, Solar, Wind, Other)",4658.834,GWh
Mexico,2016-04-01,Total Imports,Electricity,89.01,GWh
Mexico,2016-04-01,Total Exports,Electricity,132.984,GWh
Mexico,2016-04-01,Distribution Losses,Electricity,3360.361,GWh
Mexico,2016-04-01,Final Consumption (Calculated),Electricity,22137.201,GWh
Argentina,2016-04-01,Net Electricity Production,Electricity,10707.574,GWh
Argentina,2016-04-01,Net Electricity Production,Nuclear,717.686,GWh
Argentina,2016-04-01,Net Electricity Production,Total Combustible Fuels,7570.801,GWh
Argentina,2016-04-01,Net Electricity Production,"Coal, Peat and Manufactured Gases",59.612,GWh
Argentina,2016-04-01,Net Electricity Production,Oil and Petroleum Products,1415.195,GWh
Argentina,2016-04-01,Net Electricity Production,Natural Gas,6072.343,GWh
Argentina,2016-04-01,Net Electricity Production,Combustible Renewables,23.65,GWh
Argentina,2016-04-01,Net Electricity Production,Other Combustible Non-Renewables,0.0,GWh
Argentina,2016-04-01,Net Electricity Production,Hydro,2367.2,GWh
Argentina,2016-04-01,Net Electricity Production,Wind,51.064,GWh
Argentina,2016-04-01,Net Electricity Production,Solar,0.823,GWh
Argentina,2016-04-01,Net Electricity Production,Geothermal,0.0,GWh
Argentina,2016-04-01,Net Electricity Production,"Total Renewables (Hydro, Geo, Solar, Wind, Other)",2442.737,GWh
Brazil,2016-04-01,Net Electricity Production,Electricity,49086.7881,GWh
Brazil,2016-04-01,Net Electricity Production,Nuclear,1346.5213,GWh
Brazil,2016-04-01,Net Electricity Production,Total Combustible Fuels,11963.8683,GWh
Brazil,2016-04-01,Net Electricity Production,"Coal, Peat and Manufactured Gases",2146.9375,GWh
Brazil,2016-04-01,Net Electricity Production,Oil and Petroleum Products,1511.1481,GWh
Brazil,2016-04-01,Net Electricity Production,Natural Gas,4129.4658,GWh
Brazil,2016-04-01,Net Electricity Production,Combustible Renewables,4171.2253,GWh
Brazil,2016-04-01,Net Electricity Production,Other Combustible Non-Renewables,5.0917,GWh
Brazil,2016-04-01,Net Electricity Production,Hydro,33444.6535,GWh
Brazil,2016-04-01,Net Electricity Production,Wind,2326.135,GWh
Brazil,2016-04-01,Net Electricity Production,Solar,5.61,GWh
Brazil,2016-04-01,Net Electricity Production,Geothermal,0.0,GWh
Brazil,2016-04-01,Net Electricity Production,Other Renewables,0.0,GWh
Brazil,2016-04-01,Net Electricity Production,Not Specified,0.0,GWh
Brazil,2016-04-01,Net Electricity Production,"Total Renewables (Hydro, Geo, Solar, Wind, Other)",39947.6237,GWh
Chile,2016-03-01,Net Electricity Production,Electricity,6648.449,GWh
Chile,2016-03-01,Net Electricity Production,Total Combustible Fuels,4672.92,GWh
Chile,2016-03-01,Net Electricity Production,"Coal, Peat and Manufactured Gases",2645.153,GWh
Chile,2016-03-01,Net Electricity Production,Oil and Petroleum Products,286.808,GWh
Chile,2016-03-01,Net Electricity Production,Natural Gas,1221.184,GWh
Chile,2016-03-01,Net Electricity Production,Combustible Renewables,519.775,GWh
Chile,2016-03-01,Net Electricity Production,Hydro,1665.817,GWh
Chile,2016-03-01,Net Electricity Production,Wind,129.776,GWh
Chile,2016-03-01,Net Electricity Production,Solar,179.936,GWh
Chile,2016-03-01,Net Electricity Production,Not Specified,0.0,GWh
Chile,2016-03-01,Net Electricity Production,"Total Renewables (Hydro, Geo, Solar, Wind, Other)",2495.304,GWh
Chile,2016-03-01,Total Exports,Electricity,0.131,GWh
Chile,2016-03-01,Distribution Losses,Electricity,264.824,GWh
Chile,2016-03-01,Final Consumption (Calculated),Electricity,6383.494,GWh
Colombia,2016-03-01,Net Electricity Production,Electricity,5999.846,GWh
Colombia,2016-03-01,Net Electricity Production,Total Combustible Fuels,3400.743,GWh
Colombia,2016-03-01,Net Electricity Production,"Coal, Peat and Manufactured Gases",755.762,GWh
Colombia,2016-03-01,Net Electricity Production,Oil and Petroleum Products,801.001,GWh
Colombia,2016-03-01,Net Electricity Production,Natural Gas,1717.924,GWh
Colombia,2016-03-01,Net Electricity Production,Combustible Renewables,126.056,GWh
Colombia,2016-03-01,Net Electricity Production,Hydro,2592.859,GWh
Colombia,2016-03-01,Net Electricity Production,Wind,5.579,GWh
Colombia,2016-03-01,Net Electricity Production,Solar,0.665,GWh
Colombia,2016-03-01,Net Electricity Production,"Total Renewables (Hydro, Geo, Solar, Wind, Other)",2725.159,GWh
Colombia,2016-03-01,Total Imports,Electricity,142.212,GWh
Colombia,2016-03-01,Total Exports,Electricity,0.161,GWh
Colombia,2016-03-01,Distribution Losses,Electricity,597.568,GWh
Colombia,2016-03-01,Final Consumption (Calculated),Electricity,5544.329,GWh
Mexico,2016-03-01,Net Electricity Production,Electricity,24013.376,GWh
Mexico,2016-03-01,Net Electricity Production,Nuclear,242.797,GWh
Mexico,2016-03-01,Net Electricity Production,Total Combustible Fuels,20105.009,GWh
Mexico,2016-03-01,Net Electricity Production,"Coal, Peat and Manufactured Gases",3053.138,GWh
Mexico,2016-03-01,Net Electricity Production,Oil and Petroleum Products,2540.422,GWh
Mexico,2016-03-01,Net Electricity Production,Natural Gas,14396.596,GWh
Mexico,2016-03-01,Net Electricity Production,Combustible Renewables,109.416,GWh
Mexico,2016-03-01,Net Electricity Production,Other Combustible Non-Renewables,5.437,GWh
Mexico,2016-03-01,Net Electricity Production,Hydro,2519.779,GWh
Mexico,2016-03-01,Net Electricity Production,Wind,642.556,GWh
Mexico,2016-03-01,Net Electricity Production,Solar,41.995,GWh
Mexico,2016-03-01,Net Electricity Production,Geothermal,461.24,GWh
Mexico,2016-03-01,Net Electricity Production,"Total Renewables (Hydro, Geo, Solar, Wind, Other)",3774.986,GWh
Mexico,2016-03-01,Total Imports,Electricity,73.607,GWh
Mexico,2016-03-01,Total Exports,Electricity,136.711,GWh
Mexico,2016-03-01,Distribution Losses,Electricity,3157.988,GWh
Mexico,2016-03-01,Final Consumption (Calculated),Electricity,20792.284,GWh
Argentina,2016-03-01,Net Electricity Production,Electricity,10935.518,GWh
Argentina,2016-03-01,Net Electricity Production,Nuclear,601.438,GWh
Argentina,2016-03-01,Net Electricity Production,Total Combustible Fuels,7973.022,GWh
Argentina,2016-03-01,Net Electricity Production,"Coal, Peat and Manufactured Gases",156.701,GWh
Argentina,2016-03-01,Net Electricity Production,Oil and Petroleum Products,1253.15,GWh
Argentina,2016-03-01,Net Electricity Production,Natural Gas,6515.623,GWh
Argentina,2016-03-01,Net Electricity Production,Combustible Renewables,47.548,GWh
Argentina,2016-03-01,Net Electricity Production,Other Combustible Non-Renewables,0.0,GWh
Argentina,2016-03-01,Net Electricity Production,Hydro,2310.101,GWh
Argentina,2016-03-01,Net Electricity Production,Wind,49.699,GWh
Argentina,2016-03-01,Net Electricity Production,Solar,1.257,GWh
Argentina,2016-03-01,Net Electricity Production,Geothermal,0.0,GWh
Argentina,2016-03-01,Net Electricity Production,"Total Renewables (Hydro, Geo, Solar, Wind, Other)",2408.606,GWh
Brazil,2016-03-01,Net Electricity Production,Electricity,49353.4724,GWh
Brazil,2016-03-01,Net Electricity Production,Nuclear,1399.8083,GWh
Brazil,2016-03-01,Net Electricity Production,Total Combustible Fuels,9381.5485,GWh
Brazil,2016-03-01,Net Electricity Production,"Coal, Peat and Manufactured Gases",2269.1209,GWh
Brazil,2016-03-01,Net Electricity Production,Oil and Petroleum Products,1182.271,GWh
Brazil,2016-03-01,Net Electricity Production,Natural Gas,3969.5265,GWh
Brazil,2016-03-01,Net Electricity Production,Combustible Renewables,1955.5384,GWh
Brazil,2016-03-01,Net Electricity Production,Other Combustible Non-Renewables,5.0917,GWh
Brazil,2016-03-01,Net Electricity Production,Hydro,36504.7707,GWh
Brazil,2016-03-01,Net Electricity Production,Wind,2058.9298,GWh
Brazil,2016-03-01,Net Electricity Production,Solar,8.415,GWh
Brazil,2016-03-01,Net Electricity Production,Geothermal,0.0,GWh
Brazil,2016-03-01,Net Electricity Production,Other Renewables,0.0,GWh
Brazil,2016-03-01,Net Electricity Production,Not Specified,0.0,GWh
Brazil,2016-03-01,Net Electricity Production,"Total Renewables (Hydro, Geo, Solar, Wind, Other)",40527.6539,GWh
Chile,2016-02-01,Net Electricity Production,Electricity,6183.416,GWh
Chile,2016-02-01,Net Electricity Production,Total Combustible Fuels,3807.209,GWh
Chile,2016-02-01,Net Electricity Production,"Coal, Peat and Manufactured Gases",2131.284,GWh
Chile,2016-02-01,Net Electricity Production,Oil and Petroleum Products,276.881,GWh
Chile,2016-02-01,Net Electricity Production,Natural Gas,939.828,GWh
Chile,2016-02-01,Net Electricity Production,Combustible Renewables,459.216,GWh
Chile,2016-02-01,Net Electricity Production,Hydro,2033.899,GWh
Chile,2016-02-01,Net Electricity Production,Wind,173.358,GWh
Chile,2016-02-01,Net Electricity Production,Solar,168.95,GWh
Chile,2016-02-01,Net Electricity Production,Not Specified,0.0,GWh
Chile,2016-02-01,Net Electricity Production,"Total Renewables (Hydro, Geo, Solar, Wind, Other)",2835.423,GWh
Chile,2016-02-01,Total Exports,Electricity,0.735,GWh
Chile,2016-02-01,Distribution Losses,Electricity,157.234,GWh
Chile,2016-02-01,Final Consumption (Calculated),Electricity,6025.447,GWh
Colombia,2016-02-01,Net Electricity Production,Electricity,6075.415,GWh
Colombia,2016-02-01,Net Electricity Production,Total Combustible Fuels,3131.077,GWh
Colombia,2016-02-01,Net Electricity Production,"Coal, Peat and Manufactured Gases",660.377,GWh
Colombia,2016-02-01,Net Electricity Production,Oil and Petroleum Products,709.804,GWh
Colombia,2016-02-01,Net Electricity Production,Natural Gas,1640.094,GWh
Colombia,2016-02-01,Net Electricity Production,Combustible Renewables,120.802,GWh
Colombia,2016-02-01,Net Electricity Production,Hydro,2937.529,GWh
Colombia,2016-02-01,Net Electricity Production,Wind,5.978,GWh
Colombia,2016-02-01,Net Electricity Production,Solar,0.831,GWh
Colombia,2016-02-01,Net Electricity Production,"Total Renewables (Hydro, Geo, Solar, Wind, Other)",3065.14,GWh
Colombia,2016-02-01,Total Imports,Electricity,13.429,GWh
Colombia,2016-02-01,Total Exports,Electricity,18.981,GWh
Colombia,2016-02-01,Distribution Losses,Electricity,590.857,GWh
Colombia,2016-02-01,Final Consumption (Calculated),Electricity,5479.006,GWh
Mexico,2016-02-01,Net Electricity Production,Electricity,21716.281,GWh
Mexico,2016-02-01,Net Electricity Production,Nuclear,434.839,GWh
Mexico,2016-02-01,Net Electricity Production,Total Combustible Fuels,18209.127,GWh
Mexico,2016-02-01,Net Electricity Production,"Coal, Peat and Manufactured Gases",2829.549,GWh
Mexico,2016-02-01,Net Electricity Production,Oil and Petroleum Products,2291.28,GWh
Mexico,2016-02-01,Net Electricity Production,Natural Gas,12984.708,GWh
Mexico,2016-02-01,Net Electricity Production,Combustible Renewables,98.686,GWh
Mexico,2016-02-01,Net Electricity Production,Other Combustible Non-Renewables,4.904,GWh
Mexico,2016-02-01,Net Electricity Production,Hydro,1696.355,GWh
Mexico,2016-02-01,Net Electricity Production,Wind,867.346,GWh
Mexico,2016-02-01,Net Electricity Production,Solar,35.466,GWh
Mexico,2016-02-01,Net Electricity Production,Geothermal,473.148,GWh
Mexico,2016-02-01,Net Electricity Production,"Total Renewables (Hydro, Geo, Solar, Wind, Other)",3171.001,GWh
Mexico,2016-02-01,Total Imports,Electricity,55.359,GWh
Mexico,2016-02-01,Total Exports,Electricity,130.272,GWh
Mexico,2016-02-01,Distribution Losses,Electricity,2854.429,GWh
Mexico,2016-02-01,Final Consumption (Calculated),Electricity,18786.939,GWh
Argentina,2016-02-01,Net Electricity Production,Electricity,12699.66,GWh
Argentina,2016-02-01,Net Electricity Production,Nuclear,672.296,GWh
Argentina,2016-02-01,Net Electricity Production,Total Combustible Fuels,9339.051,GWh
Argentina,2016-02-01,Net Electricity Production,"Coal, Peat and Manufactured Gases",250.337,GWh
Argentina,2016-02-01,Net Electricity Production,Oil and Petroleum Products,1872.046,GWh
Argentina,2016-02-01,Net Electricity Production,Natural Gas,7174.517,GWh
Argentina,2016-02-01,Net Electricity Production,Combustible Renewables,42.15,GWh
Argentina,2016-02-01,Net Electricity Production,Other Combustible Non-Renewables,0.0,GWh
Argentina,2016-02-01,Net Electricity Production,Hydro,2642.561,GWh
Argentina,2016-02-01,Net Electricity Production,Wind,44.432,GWh
Argentina,2016-02-01,Net Electricity Production,Solar,1.32,GWh
Argentina,2016-02-01,Net Electricity Production,Geothermal,0.0,GWh
Argentina,2016-02-01,Net Electricity Production,"Total Renewables (Hydro, Geo, Solar, Wind, Other)",2730.463,GWh
Brazil,2016-02-01,Net Electricity Production,Electricity,45215.487,GWh
Brazil,2016-02-01,Net Electricity Production,Nuclear,1263.5166,GWh
Brazil,2016-02-01,Net Electricity Production,Total Combustible Fuels,9417.9816,GWh
Brazil,2016-02-01,Net Electricity Production,"Coal, Peat and Manufactured Gases",1879.8794,GWh
Brazil,2016-02-01,Net Electricity Production,Oil and Petroleum Products,1657.8779,GWh
Brazil,2016-02-01,Net Electricity Production,Natural Gas,4788.5258,GWh
Brazil,2016-02-01,Net Electricity Production,Combustible Renewables,1086.6068,GWh
Brazil,2016-02-01,Net Electricity Production,Other Combustible Non-Renewables,5.0917,GWh
Brazil,2016-02-01,Net Electricity Production,Hydro,32715.2069,GWh
Brazil,2016-02-01,Net Electricity Production,Wind,1810.3669,GWh
Brazil,2016-02-01,Net Electricity Production,Solar,8.415,GWh
Brazil,2016-02-01,Net Electricity Production,Geothermal,0.0,GWh
Brazil,2016-02-01,Net Electricity Production,Other Renewables,0.0,GWh
Brazil,2016-02-01,Net Electricity Production,Not Specified,0.0,GWh
Brazil,2016-02-01,Net Electricity Production,"Total Renewables (Hydro, Geo, Solar, Wind, Other)",35620.5956,GWh
Chile,2016-01-01,Net Electricity Production,Electricity,6431.355,GWh
Chile,2016-01-01,Net Electricity Production,Total Combustible Fuels,3525.254,GWh
Chile,2016-01-01,Net Electricity Production,"Coal, Peat and Manufactured Gases",2174.95,GWh
Chile,2016-01-01,Net Electricity Production,Oil and Petroleum Products,189.226,GWh
Chile,2016-01-01,Net Electricity Production,Natural Gas,746.925,GWh
Chile,2016-01-01,Net Electricity Production,Combustible Renewables,414.153,GWh
Chile,2016-01-01,Net Electricity Production,Hydro,2554.898,GWh
Chile,2016-01-01,Net Electricity Production,Wind,173.14,GWh
Chile,2016-01-01,Net Electricity Production,Solar,178.063,GWh
Chile,2016-01-01,Net Electricity Production,Not Specified,0.0,GWh
Chile,2016-01-01,Net Electricity Production,"Total Renewables (Hydro, Geo, Solar, Wind, Other)",3320.254,GWh
Chile,2016-01-01,Distribution Losses,Electricity,186.678,GWh
Chile,2016-01-01,Final Consumption (Calculated),Electricity,6244.677,GWh
Colombia,2016-01-01,Net Electricity Production,Electricity,6192.302,GWh
Colombia,2016-01-01,Net Electricity Production,Total Combustible Fuels,3272.373,GWh
Colombia,2016-01-01,Net Electricity Production,"Coal, Peat and Manufactured Gases",732.186,GWh
Colombia,2016-01-01,Net Electricity Production,Oil and Petroleum Products,520.481,GWh
Colombia,2016-01-01,Net Electricity Production,Natural Gas,1903.902,GWh
Colombia,2016-01-01,Net Electricity Production,Combustible Renewables,115.804,GWh
Colombia,2016-01-01,Net Electricity Production,Hydro,2913.965,GWh
Colombia,2016-01-01,Net Electricity Production,Wind,4.899,GWh
Colombia,2016-01-01,Net Electricity Production,Solar,1.065,GWh
Colombia,2016-01-01,Net Electricity Production,"Total Renewables (Hydro, Geo, Solar, Wind, Other)",3035.733,GWh
Colombia,2016-01-01,Total Imports,Electricity,0.072,GWh
Colombia,2016-01-01,Total Exports,Electricity,11.043,GWh
Colombia,2016-01-01,Distribution Losses,Electricity,586.074,GWh
Colombia,2016-01-01,Final Consumption (Calculated),Electricity,5595.257,GWh
Mexico,2016-01-01,Net Electricity Production,Electricity,22296.173,GWh
Mexico,2016-01-01,Net Electricity Production,Nuclear,518.985,GWh
Mexico,2016-01-01,Net Electricity Production,Total Combustible Fuels,18837.209,GWh
Mexico,2016-01-01,Net Electricity Production,"Coal, Peat and Manufactured Gases",2846.317,GWh
Mexico,2016-01-01,Net Electricity Production,Oil and Petroleum Products,2382.355,GWh
Mexico,2016-01-01,Net Electricity Production,Natural Gas,13500.83,GWh
Mexico,2016-01-01,Net Electricity Production,Combustible Renewables,102.608,GWh
Mexico,2016-01-01,Net Electricity Production,Other Combustible Non-Renewables,5.099,GWh
Mexico,2016-01-01,Net Electricity Production,Hydro,1321.344,GWh
Mexico,2016-01-01,Net Electricity Production,Wind,1073.968,GWh
Mexico,2016-01-01,Net Electricity Production,Solar,28.495,GWh
Mexico,2016-01-01,Net Electricity Production,Geothermal,516.172,GWh
Mexico,2016-01-01,Net Electricity Production,"Total Renewables (Hydro, Geo, Solar, Wind, Other)",3042.587,GWh
Mexico,2016-01-01,Total Imports,Electricity,46.564,GWh
Mexico,2016-01-01,Total Exports,Electricity,120.559,GWh
Mexico,2016-01-01,Distribution Losses,Electricity,2929.304,GWh
Mexico,2016-01-01,Final Consumption (Calculated),Electricity,19292.874,GWh
Argentina,2016-01-01,Net Electricity Production,Electricity,12984.29,GWh
Argentina,2016-01-01,Net Electricity Production,Nuclear,692.075,GWh
Argentina,2016-01-01,Net Electricity Production,Total Combustible Fuels,9362.242,GWh
Argentina,2016-01-01,Net Electricity Production,"Coal, Peat and Manufactured Gases",202.149,GWh
Argentina,2016-01-01,Net Electricity Production,Oil and Petroleum Products,1754.471,GWh
Argentina,2016-01-01,Net Electricity Production,Natural Gas,7360.184,GWh
Argentina,2016-01-01,Net Electricity Production,Combustible Renewables,45.439,GWh
Argentina,2016-01-01,Net Electricity Production,Other Combustible Non-Renewables,0.0,GWh
Argentina,2016-01-01,Net Electricity Production,Hydro,2879.946,GWh
Argentina,2016-01-01,Net Electricity Production,Wind,48.728,GWh
Argentina,2016-01-01,Net Electricity Production,Solar,1.298,GWh
Argentina,2016-01-01,Net Electricity Production,Geothermal,0.0,GWh
Argentina,2016-01-01,Net Electricity Production,"Total Renewables (Hydro, Geo, Solar, Wind, Other)",2975.411,GWh
Brazil,2016-01-01,Net Electricity Production,Electricity,47676.9418,GWh
Brazil,2016-01-01,Net Electricity Production,Nuclear,1404.9321,GWh
Brazil,2016-01-01,Net Electricity Production,Total Combustible Fuels,11666.9478,GWh
Brazil,2016-01-01,Net Electricity Production,"Coal, Peat and Manufactured Gases",1933.9892,GWh
Brazil,2016-01-01,Net Electricity Production,Oil and Petroleum Products,2416.8251,GWh
Brazil,2016-01-01,Net Electricity Production,Natural Gas,6109.4033,GWh
Brazil,2016-01-01,Net Electricity Production,Combustible Renewables,1201.6385,GWh
Brazil,2016-01-01,Net Electricity Production,Other Combustible Non-Renewables,5.0917,GWh
Brazil,2016-01-01,Net Electricity Production,Hydro,33246.8552,GWh
Brazil,2016-01-01,Net Electricity Production,Wind,1352.5968,GWh
Brazil,2016-01-01,Net Electricity Production,Solar,5.61,GWh
Brazil,2016-01-01,Net Electricity Production,Geothermal,0.0,GWh
Brazil,2016-01-01,Net Electricity Production,Other Renewables,0.0,GWh
Brazil,2016-01-01,Net Electricity Production,Not Specified,0.0,GWh
Brazil,2016-01-01,Net Electricity Production,"Total Renewables (Hydro, Geo, Solar, Wind, Other)",35806.7005,GWh
